id,paga_comision
Utxs29/Xs0bbj3SuNc23cQ==,paga
gYKVX4fyx7XyBtarir4cEg==,paga
Yq173dwehCQGxOEviTOhug==,paga
RWjSFixkfK58tGdOkHzQKw==,paga
i3s0RnXV9kMdw50AD4V8gQ==,paga
D3dywaLgRHVPVqSoOC9zaw==,paga
7AFuwDExYIkJqlR6zF4YTg==,paga
BGK6nvl1VxIACW7NZkrYYg==,paga
Kgh4FuqMAI/2SmhXSxjdDQ==,paga
qHxbI9VChzMTELTPwtPoCg==,paga
TbBLrN59oVLqcy7T6rRvrQ==,paga
rU9TD9rzAgSL+++uluENHQ==,paga
K7oa2kyRYoZinZPKHB4rsg==,paga
hCZqHEpVXyQGgSe+EtKvSg==,paga
zuN2Y3CIADFj00yboWKOjg==,paga
Gt8MjRtdMJHfFzx5WWjFjA==,paga
WfaW1m8IHmHL1y23tt45kQ==,paga
Qi9L27A6CmB9dcymxEgcxA==,paga
uksjCgaPNz1wkuMRNZ9upw==,paga
RnG8mXV3rtme9BvgYMeyOw==,paga
wlMz7Y9KdHqdXyaBZ3uT3w==,paga
Uy0r2Lpv4x8mE5s/HeJb6Q==,paga
Q8ywvA0cwXBT9AAlY5NVFg==,paga
/Vg+pEhyZzn3nQ0tm07TFQ==,paga
HbvlErwh5Wyu8i2Eyyi/8Q==,paga
CA9ILEmISbDfAGrz2Iyw4w==,paga
dSdnlB1CoBVV95yPwfqIEQ==,paga
a4rZS3cJ0jU+Ny/qOqC2jQ==,paga
k+3cSVscDDOE1K5OQhPFiw==,paga
B6wVj9WdzZMrcEQ9KHZGjA==,paga
kIWzV5d1jb3GmD3SNWYVVg==,paga
dE/Hk7NCmK3HhOaBu/kRYQ==,paga
JH4rPwu9BT1JrxZZ6UQEaQ==,paga
g9MmJ0vs6Jrb4A6xvY3tuQ==,paga
gZ/oYxahhijsEchB/WQgNw==,paga
W/kJpyy3/wXA9yktu1Zp0Q==,paga
2kn5z4ZT0hG0s1IEY+jmyg==,paga
RiszJEeZRbXDYa4O9P0GYg==,paga
/Scsqr2blMoeJkVQb8s9Tw==,paga
xcc2HQZE+bA0tKlnDjmAhg==,paga
twE9NNhA8WtfJ9mKUXiWVQ==,paga
b4513h0usNBRJ6j2kyHl2g==,paga
/m7Ee4B3hrWbQw3oSraY9Q==,paga
KTEj2G4VUvrfBX32ITSGRg==,paga
NuFBU95rLql6+qHpqkzr8A==,paga
kWBikrGBngNTMQEqZvUZ8A==,paga
/d43FA5xeIIG1fIWky10yQ==,paga
07aB5t/bc+qu5kIQagu0ZA==,paga
t1p2hPD1nX18mofEXq3JQQ==,paga
G1OOPdMnplCSwIli9FhGFA==,paga
nT1mFhhHiSSwp+q+7GvB8Q==,paga
+j1GHJ2CFutBwPP9F58rSg==,paga
deM5XACQmnBEGaQ3MImtTQ==,paga
nVCYmUUGX4H59CWP12081g==,paga
1SDmJ2E0v/GFi89dRdTDKg==,paga
9vqRDHwsufuWL70IAwk1qQ==,paga
pejTUn3jofyN/VBwcqo8kg==,paga
4N4SVDShtfWdKsvhFdXP2w==,paga
noPFlOrGfUI4P8zdzf7A6g==,paga
pkeYF9oxlN1388EC24CDew==,paga
WE0hmnf4m9T2cxPpHzPWTg==,paga
dHRbQLtG2jZnf5r0Z32yrA==,paga
tEgCPq3/Vr9ADgxqEKWgug==,paga
QuvS43P7T/9emg64Xop2jQ==,paga
cvb4B9489m10RFrlje9JKA==,paga
OaKehBKyGtnjYX8rp4aYEw==,paga
4mWw1VFygeB8isQ6BWqjsQ==,paga
6FRdMGw8milb+Ql69xm+ng==,paga
ZATj6oHgECai6AGPHaKlbQ==,paga
8uCkcDhi4mE3O2lD9i9KCw==,paga
HIGFayctRvg6E12wDYgDCQ==,paga
gC+zoZZdmQmqEzsN8LjNWA==,paga
6eLpQ6giCzjS97J9NOKwFQ==,paga
/N1/ekmHK9i4yRlFVXdaig==,paga
Urd/612wJo1GmyiYvJWUww==,paga
fQP5twdiNguRbD8MKof01g==,paga
cD6fhpEDKNErv+kBvWuxTg==,paga
c84kzUMNDpCEzGec9CK23g==,paga
5dqy5D4zhVl/WYONI/LL1Q==,paga
9nFsmQWmGj6590vv0WY0zw==,paga
7udyba2RcEv9zmBVHbOoZQ==,paga
mQV6htE058HSb3t2d2WcGA==,paga
HhVyubRRdoDnkx7WeykYIw==,paga
ot71vKH1RO7MX+HSJ9Tuag==,paga
G58oPVcjSzZDuiufO/lDDw==,paga
PjHllLZzCvF8RV2D/yeDDQ==,paga
bqo2Vv2y3w/ay9AWxW+tcQ==,paga
zAhdHmVu8iUyzl84hWyWPg==,paga
GIEThf+em2lKByX8Yalb6A==,paga
lP3iVSgR3pDvT9MAGvKokQ==,paga
W/Qvx2GLkW+UGOfrDrT1Zw==,paga
aAWHpidgjKIn07E8sWsA4w==,paga
P0vl1Usk3RUpLW/0UCHNmw==,paga
H6OoWnWbw2w0DGURrrJKuQ==,paga
vxn6UM40JQa4tQySARAbGg==,paga
1RrG5DBX5KOjrymnztdSHg==,paga
6lgx/3I5zH/s35yrDj+O4w==,paga
MdxShssupjMai7U45/SJ2A==,paga
34DWsGh9wnIUs3EuqGFufQ==,paga
59w/+NgIQA0z6UpS31jx6w==,paga
25NaNvoE6QonWuo7B798ug==,paga
eFYE0zsPixOzrIconIrFzg==,paga
bMjXAszB1WlNPW8GIM1WlA==,paga
QCwB3ouoIjgK2taSfpX+ig==,paga
qzAcGBM51LY/kp2VgmZw5A==,paga
NDRCtAwpNHZtOj2Owy1nsA==,paga
0oWhtoFNbiTCplZsQkeHKA==,paga
uSfKwhwwKHG1tlbHdetDdQ==,paga
sbpobpM2fkl+FSWiOfEadw==,paga
7zugTJKApdTkMlCroB9OLw==,paga
vucnhN5IvHX2K7SaeGjkUw==,paga
PeOS0XYBt5hmLXwL5atyzg==,paga
Uw+9uO09kRtveTZ3oF2O3Q==,paga
OW64hCAlyFcLTwuhfySeZQ==,paga
GO2hUIJtNEq2LGJ7B1rDXQ==,paga
aUtOExVgfc707oj2Q63rVA==,paga
CAygKs9i8N6JIhUCLe1xhw==,paga
fh+dqoaqe7dgiKhPzDLyzw==,paga
fx/r4lDq2hJnK1dws1nRzA==,paga
2H8r4Zu7mNLPgefEZTts3w==,paga
6EAXYl/8fzl0pcUPCU4jrg==,paga
I9GJR+BTLeX7NeQuTFeErg==,paga
CqN1XVxBaYKxLwZxj/9DXA==,paga
VizLEMo+z5wUx0aP6W64rA==,paga
9WS/4+3yisct4+wpRTvUEQ==,paga
BW/EpaGLT2MpIculI9h+qw==,paga
OE2AnThoJ/WmWe0PrNjYZw==,paga
6du298fe/nYr/U19hCs6kA==,paga
6rhm9VvrU7P2qv2Ci/uDgA==,paga
SgEOGSM4cLWXdB0PBUsfFw==,paga
JMReFNGHiWdPpNZB1C8RHQ==,paga
fM9fVMFU2zXq7TPDqcFJoA==,paga
F0KNpNz6K4I3fBKAa9Jgkg==,paga
yN0EGrUCucUIeWQUGX/0xg==,paga
KSTF9IyYO0xFdRo0pjqU+g==,paga
78DfRIZVcZ6+aBB+6q1Urg==,paga
DggpC66wCBR93Kw5u9xhxQ==,paga
yyqaFkOoOgA+TV2AkNkOQw==,paga
j8Wo6d4weTGK9hHZ8+pc0Q==,paga
ReCdC9PcGfw2EHULu+4RNg==,paga
gRABi1POLfD/aa28ftK5XQ==,paga
Nie3zMHTHU20DhUJCmdOWA==,paga
D/NxO2Kd8LYDQ3zp6rJvpw==,paga
NLgs3MObCAk1qPh1HRB66Q==,paga
YyJoiLQwymLdK4qWUcQFLw==,paga
LmHJsm5NYKH9JUphZ/MVBQ==,paga
8/iaKQvaFz718U13IzpiaA==,paga
eOYCgmbGFJC+psLVOEfz3g==,paga
IOrDlnCce5w3mkg6gjaKyA==,paga
VYeOr+IWC1eYMe02LwT4XQ==,paga
o9dECm9VegSOW1VZQeKuxw==,paga
5hm9MDvAv5RvyoB0/yY4WA==,paga
CEw+2+qzy2VJBSv2qG4Yow==,paga
lBkaYXbN7wQfOxhtaoNb+A==,paga
WaS64jwlcYO08c8rtaSLzQ==,paga
UAmEW6XpowYkQ2n4WKvxiA==,paga
sfZmQ2mArwsYr7u12b2XfQ==,paga
B+Z1GmqdDJlJI5+obaCcOQ==,paga
nG+eq8TCVu+icqEk8otaWQ==,paga
67M5ztjxzl6Guyi71vCXVA==,paga
DSHYn6piCueqwPO1hjpZEA==,paga
VHnUR3VfhwJpJLmPLC+pxw==,paga
RuqPXfGLlSlq9qu8KUosMg==,paga
rltIiDvAuLorYdhDzKjf8Q==,paga
YAfEPA6fFvRvSn9+yhlmeg==,paga
M2p7SGcycozEF9/oED4gtg==,paga
ogfxGZdMUoOH55qWyJuutQ==,paga
JSvTl3c0Hm9X9h3enjd3/g==,paga
2QXYZtr+1I6tMFO7E1L/Zw==,paga
BojTK8AiqVjqZ8V8/04tvw==,paga
g8uX0OwUagtgCihzQ/6KLw==,paga
NuUWMGL+gQG0QL3TozZk2Q==,paga
+WYBNNbI7BgtFTlv+zCJ/Q==,paga
bxbNNz9YYUaKg2mkBJwmbA==,paga
U9Ck3DiOLBbe8+N5k1amhw==,paga
iytmUnXJ0YnOjzrqEcDpUg==,paga
hOZ4YwpBZqqm5e8f/7Ajgg==,paga
UTeVv9ZxqVnnBALrEYsYnQ==,paga
D+Uy2n+hsf5hjLyGvuZehw==,paga
8Jomh41H8IcAWma0FAwyKA==,paga
GNW9kV2RW6TuT3v2BMebyw==,paga
F757x1ROxONmQqRwJRZFqA==,paga
OFXvFXx+po4YrfYPpNI0RQ==,paga
K/DZur22itVLWH06xJFUrQ==,paga
Ywqe8ARzxyIXTQHBt7uL7A==,paga
FkaYcfCdXtRlcFxKpI0P+g==,paga
GWgbffEsTEPv9o1iViW3Cg==,paga
0gHJVKfxn1/hV2VREKK0zg==,paga
38mxmc6FQrXKlUzdypUCAQ==,paga
Brd2iThwu7z0sjzoaavnKw==,paga
Zi9QDz70aC036ousiRC3oA==,paga
ZEgunPHOds4NIZXnhknACQ==,paga
22M95fnCzNiPhpS+PCU6jA==,paga
l3cQp1VQZySXGi80IsKAnQ==,paga
o8l9aQ+hSgBrL6QH60ht8w==,paga
NCN6QpD6RRh3vBOiHjk9lg==,paga
atPuqCcXlTO0Ek4GVtL+0A==,paga
sMLugOZLLaij+S21Lqeg2Q==,paga
+1rb6K2Ek5/uV6tnho5msA==,paga
mRle4XzfrYUWQVjGKFlLSg==,paga
/Wt6hm91Ag2JrWrPvPvgzg==,paga
IZ+oN6cUP+I/k5ZxEWaqPg==,paga
5IbuNWsbh08L+xGFO1CNkQ==,paga
cspv5qx9vFfaKV8bATWcTg==,paga
tFL4Aocwnv/HiNdrv9N7BQ==,paga
DCLUSbra1d04b0InsgiFbg==,paga
D10qgsxwOItuHTQHhyiFqw==,paga
aK0Oj10VjcEdnzKynKcJBQ==,paga
2jM0x7bwhhkpOEgOYJvZPA==,paga
3A7oWKN20ZpM/AyZTocJWw==,paga
Btxa8LH7uQA86CvDANWUnw==,paga
s8A1x+gpTAAh5g9h+0AJqg==,paga
iAv+MakAR5hhq9lEjuftWQ==,paga
mxkNFevG0IS3pQsqH10MoQ==,paga
SgyoWlOXdvhDoKoTZSQ8Bg==,paga
/LP8SnxowqXeqhqhRcL0ZA==,paga
bA2l5U2d9K3NY6iyeEN+qA==,paga
vGi5YGItMz5Qyn0jDwv7lg==,paga
9NlLhXLWrxUwjLjyqLXmtg==,paga
teadxFapQnc/bM63J3pS9g==,paga
l21EMd+Qh4jyNzZr5BZrvg==,paga
sApFXCNSICeqIeweVKLu8A==,paga
3EjOXWhNk3kLEIumVyYCjw==,paga
grwpk7xCPYoEvshs7sMRzQ==,paga
YPikbFZFEiddbA1ydSwj8Q==,paga
fN9SXynr6EiBUkK/3j0S2Q==,paga
rQW67UWNWsYLbpLV+Alg3g==,paga
sI/9NfrCNtTs9dZQr3K/iw==,paga
Mq5nyfajze3Qp0F6iwyUMw==,paga
+xswOq8umDf0Cv4XvT7hBw==,paga
+4OOlfJe5+t5y7Az8Pq9SQ==,paga
W3O0us8WBET/yeD1IpUkyg==,paga
i6RLp8tmJ1I20cT47UEbzA==,paga
WSwkON3n1tYaVzsh6lP5CQ==,paga
Har/oXDPYCKsHnUcXqcXYw==,paga
+YKjgBQlPKQZARJcqJENoA==,paga
cItUMLmWwVrxpbFF8vRG+A==,paga
53F3jHsc0VebsEs2vV/USw==,paga
kYdAY/DEaJbVAZWfLRxbYw==,paga
HabUX3jtWwyjMQC57Ux4Gw==,paga
m/DD4k4x6JduhwrmNqDalw==,paga
Y+cnNzTI/dtLGu5kHPBD9g==,paga
eRbNFM/JONrc33+CB8XObw==,paga
rbBNdugRUcL9WHGANDBzIw==,paga
BNZ0yQqvur1vCEH6PODozg==,paga
NKUzP0+7NvaZUxyAX7LPzg==,paga
K7WV4G4iipCq7zRjDXCzZQ==,paga
cxFhezbWQJDLIn/Xg5HJBw==,paga
m3IyNpACTmz/sBuhEJ2C2g==,paga
jYXK5T5vAchz6jsJrq5KFw==,paga
l/gyXzjHUdUdkDxoY5Rgsg==,paga
muarVP2i7X1MthGQHBjjgw==,paga
WgfAiXdTWruKanWllIXCWQ==,paga
bTGPK70g9BqyFNWLwPMyJA==,paga
8ew3Av3FF/hGLJfWAToL3g==,paga
n/K+2D9+r2O5qe3PoT4Owg==,paga
V9ejLSeeL3Pvsgu3U5TviQ==,paga
Be9JBRmYM7irBP62XGU3UA==,paga
D6V+k1UwChjAfsf/yWLXxQ==,paga
ffgKCr7jt04bqEMSbjharA==,paga
2oB2q16w5MwhBIRbF1gdPg==,paga
iX7qxbm/GbB/SJ6i5IBMHw==,paga
xoGmv8I4GOvGJpJ2yKzKzw==,paga
D/seobkDCvCGrQDE/vB3sA==,paga
T84xF5LcN2OS30jlDVlnxw==,paga
FIxriqf/lrZnTq88uaNbDg==,paga
c8zWR3qjrY/bWXWLAjhuVg==,paga
ofVxQl/apCyJa1fzFuYDHw==,paga
PqXDVAhFrBJXrrCQ1pIB7Q==,paga
o6OHuMuskErAHuBeikR+8A==,paga
4Wip6kkwHrvR3kIzbMg4Dw==,paga
mhVrN9jTw6quX6deIWnuGg==,paga
Ixrr2jS/qspox5l2y6O0jg==,paga
bUzUk6O60rd0rkL6PPHbXQ==,paga
sqBfR+ukanYqTLwGp1lNaA==,paga
egkMKuAhqLX6Q06o+IrDBw==,paga
xvYsI081xHDb4XE5hDUkoQ==,paga
aC1+18EiA++68F/Ib4Cvlg==,paga
LNlqnfAx16KynWp016E9fg==,paga
bvIp4TJoQnPFSZJQrekR9g==,paga
8PeD0SFqq3uTCcowo5JrGQ==,paga
5WPvtK1/pFVec6vmkGjIXA==,paga
K7XNVE8QmxL16nzQP+DUnw==,paga
FwdLBqhvyGK/kF2vT7Uc4Q==,paga
j3R5FXX3WphBIoPPHwoAhw==,paga
frv6YTlQxNtGlSHQs2PlvA==,paga
GiMb0sfeflD8V6+6Erp/ew==,paga
Eu+RoL8cBJViYwncwyiD0A==,paga
fNc5waE2VPgCZs7ftKDwAQ==,paga
qghoWW/S1ls5qFfk0vosLg==,paga
RPxKBd/L1pZt3JhlNPZtdw==,paga
dzW2wsSTPCDGCnDN43ZR5g==,paga
nDp7Zlv1qcRYkZTBeP0gbg==,paga
fJPLDWtVXNJGl7V737PwJw==,paga
S1rCXwEygvBJ3kPLt23hLw==,paga
sWMX/BmH2/NVFjFvlHLbww==,paga
dEfr4Txgf+lzuQ215/pqAA==,paga
+4QRuNZeKLWIR290BCgowg==,paga
duHDe7NQ3d22DgZyxkGf4w==,paga
6KX/sRpadc6kTLYkJWMjgw==,paga
R4c0Ke4o7S9xezdeiPq0xQ==,paga
aADFm0Ze8JamK/MXXOVGRg==,paga
zYeLCDbQ3MLVk5k6AEqYmg==,paga
losr/N6kPKBvXt+6k9QOaQ==,paga
lAXNx218/SxdOktOLzcIBA==,paga
o28pW6ilqNHX6ZVWzghZUA==,paga
T80SrM1XF63PIMSLvvylVw==,paga
XxrgB+C3uiq0BbI5ELONJw==,paga
nydllwJHYz2kclqDenWXKw==,paga
8sZGj4ggNbIqa7dM1f5GNQ==,paga
XlP7jU4gLq2ZWtSx0pPpGg==,paga
TS1FHVUI636FdaLislhLoA==,paga
Hv+CYC7t2McTjZ2QHWUc5Q==,paga
H12W0Wui2g3Uf75HkOt8TQ==,paga
SCAfl3nLqqVSW0ApUTJHmw==,paga
b+pYpoNqL4dBl9R/UpinwA==,paga
n40Rf4VX8BTNm7EEVGAJkw==,paga
+5lEejChdmsJPD4yweJY7w==,paga
Fr5tfwEbTGQrhrGR1QVZlg==,paga
ZNQUg7AywtvQxGZ5rOK3Cw==,paga
288W+ujX+lmkOCqvV1cZgw==,paga
dK+5WE38P4mQFHL74hzUeA==,paga
Xh2WNgM/7yZyqyHvxUiYdg==,paga
n2IXNXchMN+qLWf0dpPlFg==,paga
tGbJHjfJNcGxpE2HpifHOA==,paga
1lWfQmBCwaGhoujAdm3wZw==,paga
QaFBna9HjMTS4RoxJB0FBw==,paga
g065cWU2fTXvHfBtOKf1Mg==,paga
TGQCMSDePpwNc1IQbmJsrg==,paga
d8uzh4hBbZJqcAs+5ubFvA==,paga
90Vrzw0bjLFLQ1bC3GmFtQ==,paga
xzGf8SADhWlvNhKlfYFRgg==,paga
CKTqQRJVucLPxDbXrpLE5A==,paga
NxYEt2OxFiBtIZXlajDp0Q==,paga
tILtVnQVp2d7JsXYntl3XQ==,paga
ySu3rYKKuzdy767QPEjWig==,paga
6AxvyQnMaJq3zzRESwzPag==,paga
ZNHMYpXvqx0BXmYuGMjSDQ==,paga
GhCq2wfBM9bKMuiqimYgrA==,paga
2IFKcmeFTxp/E+cIHLxXQw==,paga
sc6LsGHu+MbOeXBGckH7zw==,paga
1eXvSZ2YDJ3tyllJRsaZvg==,paga
/7VMuI6oSdlj++6aqvXOFg==,paga
h/gkSErhjBEJ/td4LwcBrQ==,paga
Awg/Zy4vKtUMIqwTAfu2NQ==,paga
C2q6GMiEGpwU7BiQpKo0Hw==,paga
/3PjWfNnzWwjb/eONji+NQ==,paga
eydidtya5XB0KbLGs+WGSQ==,paga
mh3H8F/Gmk4hUCVxiWUIGg==,paga
AzQfs648uMA1zaZbhGEDsA==,paga
0AGOttgW7keDQGBi1x/kzA==,paga
J8HgJmK+VBrbq/RepX1VOQ==,paga
5N7Qf9dxYFdRcuyfiTW0Xw==,paga
N62FByd+fUDNH0TdUobvcA==,paga
+37gbtalWJuy2DvJKpCRHA==,paga
ZWqOf4hoDkCE0iALB8SMwQ==,paga
/ry2TDo+7/1ylRu2auFBzA==,paga
FUvJM8FavdYQzlXjNw8YnA==,paga
kFStw3FBPEP8G43s8bVbQQ==,paga
3MYd/Qc++M7UQ4IIjAhD5Q==,paga
X7f7BtYLP/ER/pam3f9KWQ==,paga
g9HW03FUFKnRj+MFiAU8Dw==,paga
sbkT2CrXD6RmQLUMOb0v5g==,paga
S+xr0AG4/QYch42FsEuS8w==,paga
TXaYmjhb/FNwEI6mdte1xA==,paga
y2C0vn6amp3+AuBg+/3duA==,paga
lmtbHpnmrV/FJ3jVU8FsaQ==,paga
ek8wqBDFQShBSVYX8E+7UQ==,paga
2TGMbMuuR07KhDZEPaA7+w==,paga
kH8OYErox0x/X6y9OHkVhA==,paga
EeHbZh6O5HbiN2zUA/j6Yw==,paga
p2imRQhnPb4h+Qy3f2ZRrA==,paga
C7dEGBZGLWWWsOuz6ys/aQ==,paga
/FnhjYIFYejuTP2/touvLg==,paga
yDfXnovBKvmOgNE8VrsXjA==,paga
9Vrbg5uqEMsMd6l8kyXr7Q==,paga
M009+smB4AvMVJVd72WjFQ==,paga
VQiqHhu5O9aIZ5rmQ6r32A==,paga
ZEW+arat+C5Zyb89ZySUBg==,paga
AMj0cxYndN25jKUTu9iazA==,paga
VcYNwo+twaaCXQadYpcxNQ==,paga
9peIbQebxSpJthoMdW3r+g==,paga
Fq5Z59YX3t1bb6TdBBb7hw==,paga
pXGCQ1Kc4Ts78krStutQ4g==,paga
LKBleLZ4/WnETyJuAg0MzQ==,paga
xX+VzKTatakpd7rMox9u3w==,paga
lC5kZm/owfwhtvHbNUXw+Q==,paga
ls9FR2KHBoX0nedca5lNuw==,paga
XnndYRBgWlChRaqKxpJgPg==,paga
SKnc+f9GAaCDEhApx7mmfA==,paga
QUIMMltWEoElmnWtD7R7sA==,paga
AUIvGIHxHcy+tBNnxLC5rQ==,paga
KhiF9i50T8K0fwGqWDny4Q==,paga
nM5lg3H1BM1r9q4cmO7p4A==,paga
R115PxB1kKd+JxGNS/8+PQ==,paga
HBx056KWfoTXOUvsS3MxtA==,paga
LZhFokWJ42WcJIBKiEZ/Zw==,paga
EozXswq0jcrQdEnweTstIA==,paga
NSUof4rJkXKxmyTgOCpYmA==,paga
T6ewc4EeCayBqmg0QY7lBQ==,paga
Sfys8hScB05/sse0/qlIMQ==,paga
wLPnoSkRzr6S96e5ey8l9A==,paga
dWZnCCmQvN/S/c548dHixw==,paga
Ox3LJvTBAEdDvrrEIMEiVQ==,paga
nqbHREsArmR480G9Azpgjg==,paga
rxMoJlmqvU3Sh6uMeQPMlw==,paga
8MspZD7kbbQ81HswN/7hTw==,paga
KNBWB9HV28be6PJNwsmIWg==,paga
N+VyEu5LR4LTSVB/9cwX2Q==,paga
sEiUeIu94hNG144+lmbWMw==,paga
AjU8TLHLactmFBiGsvjZcg==,paga
ri5h4x5An1H5tf3PcYazIg==,paga
naJSdRHdyiqXzNWrnlYctQ==,paga
7a+lUy7IPmC2qCNyLZX57g==,paga
v0BypNBCdyNaGiQwMcUTdQ==,paga
blXM3NdKeLDsGgo/ITRebg==,paga
pg8zQ/JRE0dJT3VYRcd1rQ==,paga
zwlrwYRkHtH3JZNcdWc7nw==,paga
VVTNrLTITSmiFdFxGtyP9A==,paga
Y6iPfudciATBq/kw6hp53Q==,paga
Vg6mOiGxiOlxQrdKsBM46w==,paga
opD0Uc+KpBT+vGsFncZ4qA==,paga
hdYCIC9F49jOj1DldkNLJg==,paga
orzPazudVMtTEThAuCt/wQ==,paga
J/8XXvGokBIre55B3aRsTw==,paga
0mDftzwhfWMKCAOpvAXPZQ==,paga
nStkDZ6njnajsLO/zb+3lQ==,paga
9aNPgNkaXDE+3Ltf/KYFqA==,paga
CNWYclJIfdWTj4bxuq3qgw==,paga
rEMNvAr3vDNxcHasFOFz/A==,paga
O1495f5EkeQY7As0dY3tSQ==,paga
UTjCDO1n1sx97a+vbBTyyA==,paga
w4kCNPh566pvFwcO2d/9Sw==,paga
S8iQYB5EYxA/r4kppckEFg==,paga
q3wANtC6jY/T+PVpNx3IIA==,paga
6+/EuYEg9uBCB9/eTxw/Sw==,paga
kciXifFjoLiHq+xZOaZHKg==,paga
FmUfUw61ja75GY47DgA/SA==,paga
mqMFE99mo5IRADE+hBELhg==,paga
c+jUzKNLKKQGrjGmAyynwQ==,paga
HiJmjk2G0WOa5odmDhRoQw==,paga
j63C4XIer5dmEswAU7LPuA==,paga
/+iRHkGm12OfQxCi2j/Khw==,paga
BJ8x4QX/CHabPs2br8SHYQ==,paga
+P+PsgXLkDDpZUMuGE2rYA==,paga
6/HijCdK8rTC1q2tVMqKmA==,paga
qZN7L4sj9sbcA1yLczyVmQ==,paga
bA8yhHDE8gF+BT12wk4Duw==,paga
tH2noZ/58RqpE5sDJt05MA==,paga
Atvv7FKquN+u0bzlVL2A9g==,paga
hcewpvjYHIuG+dKH5yOvvw==,paga
DJ/FuL0U1WZbzYh2fWLfyg==,paga
JGUaH31ZPfYX1MZ3oZr91Q==,paga
NJMdW5tHr1Q5LkB9pB7tJA==,paga
8Jmfb6pmSRzv3kSYlax2UQ==,paga
DP1c6L4i56wStMWhHbrXVA==,paga
TO2wHe49CZ/9nTMr4z5Fig==,paga
zk49KorzIvqyP8OeeIA5Zg==,paga
ulzJVHR3Zn7z3lD4Bqaerw==,paga
55by9gOlfU5pkFa+H5OrmQ==,paga
VSF7hZisF42P4kgKNEg24w==,paga
ET+EHg75ErafvlCbBGKDzQ==,paga
7agxVBOp482wCwrzf1LiEQ==,paga
tszfcyxtlOBFdplSddkZPQ==,paga
CUDE4RdXexutkos/TlNriA==,paga
8wYrPFjHhjgxucFLF25tbA==,paga
/2NfT1Yqf41jLDomQW3FxA==,paga
NC5DoYtWCCltCLA9vRm6OQ==,paga
8zI/UafYsCM75hNWhDMq2Q==,paga
KsdEFyHDZcOrJ04qVibOAw==,paga
fLfziftsVVrGUghgjOx6FQ==,paga
o0D8nKaSB9zCiA5j4j4Qbw==,paga
nPgj3fDmWrU9CDAiwHzmFA==,paga
Gt66Z1u0cEojWveURix1VQ==,paga
XpDQ0mH5/NEBc40t8nzdXQ==,paga
DIRbhedOhdrS+Ju6bgCDqg==,paga
ZdfdrPmmHbG86PfulYisZg==,paga
/1iQGjVV+zNTlFHeQ7Tbww==,paga
eENAD+SynrkuqqmfVkWRQw==,paga
0St0wRXpfXlhMap9DxjGvA==,paga
fcARESo1BvkH3okhhiFECw==,paga
EZa6i4z/Q6kcfuMFJ8Xx+w==,paga
KoWe6VcqAqJ0Yy7QmYZvZg==,paga
CDNxseW+Rw8KbFh4mexagQ==,paga
y9p1fUPd5tYdeuAKppzDUQ==,paga
0JESA/Yo68fjL5Qf8YljiA==,paga
vjkbaWRfSXTTPIoeRmrslg==,paga
YmspKWkEmclSfievEc1EYw==,paga
8TepAEkFI07a5j8NDjkS6Q==,paga
DWfEuZzI6jGUD9PzfQkjCA==,paga
ioogqJgO6juZZnohwbMBEQ==,paga
GGrzkduBmg0/ZYJul1LxcQ==,paga
l0xHE9OE2/tNaZzL5H3hrQ==,paga
SNrX+nd734X0k8PHcoDDSQ==,paga
DKlNXgFzz70KBaAf1Wi8IA==,paga
Flm4/5v/X/fuIL/iR//4PA==,paga
Sy2Nz9VHHMUOd5wg7xU6XA==,paga
q1hjvpn6KbubRK/cx7w/Xg==,paga
8EMRAQQrBtJtOzMGa4fMog==,paga
8dfv+Xnwe4p3YeTOI4cT5Q==,paga
fJDmc70p5QSXCGpnKFLGDg==,paga
tIHYazmBlvVD1Wgjk47p/w==,paga
igwHJgIpufFFVbqdtazk4Q==,paga
DHX5249JUGgUh2sFUIlGPg==,paga
aDXUvkSRofLcI1KA5kdT+Q==,paga
6nZonnbIpyFVvZTerhfEEw==,paga
BjA38tPktoD/JHmB1kj31A==,paga
7XVQJfEmB6CQHtrOxKKq6Q==,paga
EeqnxOg+a+o0vLc5r1iz1A==,paga
3FWCXRf4r2zuZXgK1AD7SQ==,paga
ATAOYmu/1lZ7ZQ0fBtCBEg==,paga
UAv6zaQjjGRe1X9sX1Uk2w==,paga
HAKKkcIiuyxt2/LP/F5u9A==,paga
rbNpVqPUpjCi0k+oRP3kpQ==,paga
yy0xFCPW5mLBtMXfepFakg==,paga
gXLhoSwPn8qH2RFizKOl3w==,paga
7GA74hFlMvy+ok+AQlsBbg==,paga
seXweMOsOJ7yhv0Jyc14Cw==,paga
l9eQxLNUFZ+QHQmX3Offfw==,paga
RGueqMos1GZUbr+OCUKweg==,paga
xakr+SX+GblUWdkloXN2Rw==,paga
MdW9P6PfPtB/cPgmhdc6cw==,paga
MJv0yxvS1g9s/EsHZcvGYQ==,paga
fLv0rqA9djUy2zR4z/U0Hw==,paga
Tshkq9Q0bcbexTfFYvXR1Q==,paga
VsHZrO1NRHq0z4tMaUKUyA==,paga
9o2MvbycqC8oNXBq5aGlTw==,paga
1S8neWw0MVP5yDXwwnzkNA==,paga
y7rFmijk8s/mjZYj5gDJ3A==,paga
mZTgt9AN2U82CGZ/jpFqdw==,paga
nzEceV3zzoGo0aCiyQFYAw==,paga
c+4u3kmhrnZK27x/ke1pQw==,paga
/qX3eEr/hX6HgfMnvUfeVA==,paga
bASgxzfU7iTH0DL8Ft1HRQ==,paga
9m/bTV2IXH9HtwLy4Wv2bA==,paga
l1psDcBy3zKAuacQABzerA==,paga
H2frN8bW7CTRoiGgLRZAQw==,paga
25Ok3RZm67mPyir6zPlz3Q==,paga
QkhhlPZ2QAxxzXNagZadCQ==,paga
Ug7aPkihHJFx5QOhLpWteg==,paga
RJvBIXMy/Ef9/aLf4uahxA==,paga
tPNvT6RkpvrSvQc9tBjSGw==,paga
3PDnypqx0zzIGbUFLZSOSg==,paga
ytWwuGklpcGRvcXBqSyytA==,paga
JUf8QafafEYWNh85o9UnVQ==,paga
YHQmDwXdLCfwkI+enopw5g==,paga
IlXbOX7TKNSWDDWZDgfc8Q==,paga
g54tQbHAGN2Iq0Ig0x/Yaw==,paga
165l0XrA4aqBwz+x1d+0Sg==,paga
dzDDG1ttjisA0/4VEh22oA==,paga
/0PNjG/IoBPm7AIAos4Dcw==,paga
s0/wzflAkhzVUIMmf3IjNg==,paga
2dJfFrgTLzDCtYB63UMPfw==,paga
AoEV7l5AMYovx6M4xg09hw==,paga
tnSNIJIb0vJoHKyajNUxow==,paga
q3kn1ild3Tg2Cv/tGWdCCg==,paga
FBKddJOUa1uk6yB82s8b4Q==,paga
/ml85blqn71s642CnEWL7g==,paga
Vpqp+kcdTx72WLEaXmPrUQ==,paga
zFVWOZGf6lz0HAsr8lRxAQ==,paga
PbNNRMbDFBtZv+shYZ0GJA==,paga
J3aXNyU+YFi7MTMcFo+fow==,paga
+ogaomg2b1Yd+Z6pwh5f0Q==,paga
pvgTxVUP/WU4sfM8PHzAhw==,paga
vbA+a+MYmhf3p/sgZrCqTw==,paga
KPc/Qg5gW+3MpzS7H6V8jw==,paga
tcKJ0IpBUvaq+BEfT2DeQA==,paga
XrrnbxRqg08wmVfcPXcXdQ==,paga
i+ksWO8I2COwxCDetEhkPg==,paga
dN8Ti/S/hNGz33WugneZiQ==,paga
SJvilaCtLucCzdMDx72qbQ==,paga
GMSbt/t9p5FklSOaiw/BwQ==,paga
bY+EXU6HsprClxV+InOTXQ==,paga
hMA8vOvhrjeNhC6znfgDOw==,paga
qKuvwc1HFgSJ/kHD3lq7lQ==,paga
2F2mZ3ESBxRa+60U5y60mQ==,paga
xKlveMHdMEQu318TAwsT+w==,paga
A9XYvNhfnHowIXE/HD1V2Q==,paga
sZr4A35uTqxsrWJTJApYnw==,paga
ml7yZqUVlx/33p+M565Qrg==,paga
EUPXYiBpdV/BW1oOsF7ZbQ==,paga
vCpKraw4dzwaTfG0f6qi5w==,paga
CqvMWGS/53gb21a9cCJu+A==,paga
lWWQA/e7j5U4Wx8OR6Q+0A==,paga
0t3ax2fpJwTn0T/Ne2ScBw==,paga
6KOnnZNgoSyTM/pBXsMmLQ==,paga
/kFSRBn5oY8qYqHUBZ5zMg==,paga
ktJE1ZJUcO0xiBw7asbrsg==,paga
bGYMDjLvibePh/TOfknbQg==,paga
v27+KrDMP+cwE0OY5BYnXA==,paga
zf0YhB90hy0u2DXLmNA43g==,paga
8GP4EGmTzuqJ9y+babNCHA==,paga
QqBvAkYu+rMxUTMvE/YAgQ==,paga
Foqr5IOAG0TYSudzPnZhMQ==,paga
OpfKbEDQCh8D4SEvvPC7bw==,paga
nRruiUXPMR0kD9ZyolmQ9w==,paga
QpG8eyerkBprvkNO7uOK6w==,paga
2H1C5Sg/eu7dTvRtLZh85g==,paga
96iv6rKN6d6nEDzneaE/jA==,paga
DHbur6kTSHj+UxRC3/45AA==,paga
PcFwhWygmsuUczwPsTiTqg==,paga
6C7z1/BptW4hyVR4MX5GMg==,paga
p4FNGrJpK9R5KoXkgsPI9Q==,paga
cnX16QeUjY6ryhqZG8Hwew==,paga
x0HDAV330BifTSg/zDlzbw==,paga
zSCcWhDPZLpEMyJ3pM5HUA==,paga
8+3poQmmAa4JCU6z07m5YQ==,paga
zvkCghipQ4+oTatFj31HBw==,paga
Z87HGqz3PiX4efUijJlkVw==,paga
CwSZVyslfmmP6mvQH2usmA==,paga
n7BlCemtWj2KovXmsJapCA==,paga
sH/ypFblPOsVzRKFbNuHEg==,paga
8a2NK/+4apGrHH31lleeoQ==,paga
ClkJTcsnM327wHCf898Msw==,paga
g7KNCJKUC/mK4Hg8WdQsyA==,paga
4HnEKB3a/HMJQbJ50L5SdA==,paga
RxupwhbafbrsEDCyrvQ8kA==,paga
yvPwu2qMwHZTcjGFrNyewQ==,paga
cMmaVmemCDkwoEHNajI/1A==,paga
XBjOCbDYCOT6y/LtuuTiCQ==,paga
ZTiXAU9vSz1UdMcHqZwBEg==,paga
QIvWiu1PB6ajG77vmLXVUg==,paga
hBNpzOqupi77qoOrMEbA5g==,paga
vXgU44/IcI6GoHJ0OJDyxQ==,paga
EEzEU3KSzz1lai440vxQ5Q==,paga
Kwr4gMypMHCB1MjY0gSYcA==,paga
l+nwLvk0euDQZmN2E4WT2g==,paga
QPErPaRx08kGT4K+Km/Bmg==,paga
uRBRH+1rh+Ys0/zLVZnnrA==,paga
7kIfWyo8drmGqzLH3dMJQw==,paga
OFvhclC72TEFErTlA8t1Ag==,paga
wuotPSihcImBCPMuqgKjyg==,paga
QExasCbI0Fx6J0dDq/VY8Q==,paga
Qf4dfcWMbQg7KJ1mDlRN9w==,paga
qsFb6bltux7j6hT6loQvxg==,paga
IBKznYrHsDCWOL7g8+nJHA==,paga
cQDn6Va5fEer8VvWIMsXMw==,paga
dwf8iOzMXMoPVmQU9dXfXQ==,paga
3CGa77Y9HozAx2f1/cV68w==,paga
BMUYk2gmwoK9i7how047HA==,paga
07UdQ3dKe3e3JS/n3qujIQ==,paga
OTcOEy/Q0l0xdP/EOs0VbQ==,paga
vX71psfjlSnb0SPyvz+QYg==,paga
LkQT+oxoROdJBW5/BlWpMQ==,paga
ZFYoXk2Bn35uebCdWND89Q==,paga
/XWBOdiazEyKjI6Q2jHOag==,paga
vh/ITBxA3YEn46ySmV97zQ==,paga
keT16rm7TQJsb0BtBvnK5w==,paga
ATx4Bm/DCfRtQQgzvdQ1cQ==,paga
wjIhyl34T6fFamCXBAW/Yg==,paga
U1CKTXG3+8Ud1gIf1SBNSw==,paga
oI8jk5gl0EMUxkwdTMI5rA==,paga
8GJzyb0GNxirbSz9ZiIg7Q==,paga
OhkKXF2xsb8m1nA4wLeH/A==,paga
W4A7CKiD59XTq1DHlgc3nA==,paga
t2mAzek+GFnpLwh6xLqAnw==,paga
u07q5qwpae1PB5ciMHi2ww==,paga
WbrcyTxOHVvyXYgpor5ECg==,paga
i61PS8XTFm7yEmJ+AebEXQ==,paga
fKtJXsC40XI7jpppCNKxTg==,paga
cD5+gN6P+cV1TcflLuW+EA==,paga
2mlmNIARfa4Xiqpjp5/5NQ==,paga
Q1+GJVL6RwW5x1QY6dOeQA==,paga
JLVq6DisubBdBAwxjQ7JDA==,paga
2APq7m1iAJvt6zZ5D90I0w==,paga
5EnLbVTqxzX5TQflPmrH2g==,paga
eHPwDga707WF1B2JHwu92A==,paga
OzaJuK0KFcV4l8xhKszHYw==,paga
CkFk3AJ9WdiwCrPRyMwesw==,paga
o7ztdSiou989IfFaAvcx+w==,paga
5gKYSX14q+6UFmkeBy64iw==,paga
73cHam/On2RitMi5ambksw==,paga
MN1mrFl31yL4AS2dSuDBnA==,paga
zktqyJqHHvpg23/LFZkZ6Q==,paga
2h8D5u4hd6iC+lNlnOw7VQ==,paga
zbd8qtcSCl00W273ncopSg==,paga
06+t+sph2zB9oor42aeAZw==,paga
/iv3zZ+cs9DY0byLMacrFw==,paga
HhwJOaiqwUyTUMPNymnLyQ==,paga
tseRA+Ce010t47z94lvGZQ==,paga
sVHAFKFpDYZ6LktG8qosbg==,paga
GiPFKprJdQTY7pZ0H3TS1A==,paga
04pghfYRIlOx8F7GDvw85Q==,paga
pG6S5m9nDvGIv15vKTde8Q==,paga
xGE10DzAvrvMIQi5mVw56A==,paga
8ttiXCsxe2LYjX6oCjpRfw==,paga
P58SQzbZfb0rct0nWoxzIQ==,paga
iFGfvi2A5YWoPILJTXgKrg==,paga
esCDRyxdgP6lPtgiivMsQg==,paga
/YoSKcjCAPMZBjIXXG4MBA==,paga
1O1NeEH/Mgp+SIqZtewgww==,paga
cl2yXrIknje4vyclUdCs8A==,paga
9AZSQmNRxzYiFq/d5cStHQ==,paga
NZ5Y43d1f5Z0V2H2EABMyA==,paga
CemohC94QhveHHeAMTfQDw==,paga
yph6omYlcOueN6hWNO90EQ==,paga
1OoLko20Y+0OG3rOhs6sWQ==,paga
ixM1QrwL8gZTyi4TzGk7cg==,paga
C9ORn1PHhNojFtfx5bbWpA==,paga
7qie4miy0jkPPpgMxb6iOg==,paga
Hkw3XzW8OiI03fjCIdkpgw==,paga
YsOBM5gGeCT4SN3TNZUQ/Q==,paga
o8pgl+owZIZ0lq9zAHsmMw==,paga
iGBZlJsdfzFZGwdDRbrr+g==,paga
M9aCyer8T8hgopYH6MpCMQ==,paga
DQOwbOCI5ixQJ8+kwt2BGw==,paga
PGPuS6JKtPR1TCJoIS1OtQ==,paga
d1elA4yes/F8Rd/gwhVREQ==,paga
yplBcmmzPsmY0oOUZa2V2A==,paga
HpXagdRDDrBhDNp8FZ+OSg==,paga
SpR1LWQqov97i3j+1rXybQ==,paga
tjvdIEZXjQvPLDHMmfK9Hw==,paga
9e+zuPNGXns1t0M+SeB9IA==,paga
2h8r6rqiz/Zlt2SzAujsvA==,paga
jhaEsWv5jQ30KBoXo6goJw==,paga
DHmZAzu3poC46uu9qzji4w==,paga
l65pDvSu9BZSzFu0PpEidQ==,paga
x7rv+p0kkyh8+TYAMzANVw==,paga
IT+7e9mmhNiEPVLEZgcq4w==,paga
su1CmOw+28KecBCsghYwHg==,paga
+24vOsC7gnw9oCpBFrOCBg==,paga
lrGLytTBbiSx58uM/S/M6g==,paga
kWfc38bAR4KT4Vzu2twDRA==,paga
8p8ZMhcz23UZ8kiIM6HnSA==,paga
4DYt/4A6rhJLuALgCr7dcg==,paga
CMCdU6d8I0ai4DJjvVM/cg==,paga
WyAmBk1xXjJkh8wPGO1phA==,paga
uL1exyJ9DjIBSZcYy/MQLQ==,paga
VtPyy/nu0RJXHOUzIF0coA==,paga
CEUp+lH/nX4wBsChxNEoAw==,paga
wnftcDmxxlL4CsE5colosw==,paga
xSi5J2pYriIOm9wsZ4KbGA==,paga
x20h228xMP/QDo58HGfIqw==,paga
UT2Uv9M2dDo4OFQ/VxYqBQ==,paga
q84ayYR/2XiyK3IWh4Rhxg==,paga
aVY41362Qj4wLh3x3vRicw==,paga
0qhR7fxaSq+KDVbb5Vk9nA==,paga
AXYejoDaMjeRAljUx7Pn9w==,paga
SpJ3Z8lHVQfMaxGbjEtC3w==,paga
jJeEBpfsc9jymU8Q/89YYg==,paga
xFttz7T3Vu/CrfFXhBC2xg==,paga
666Qi4MmoicqXC3pmsPIOA==,paga
TOgvQZdfXSaweyxA4UNleQ==,paga
/Ly33wh6p1DCPWdM2WWTKw==,paga
0KRiXwiH2VVt5hytgz0Ngw==,paga
1eXBesZ0N5/mOxryY0VlTA==,paga
8QphPP1POOwtHEoBF2d+Ig==,paga
qj0l2kxqcEiELQt+HdWYwQ==,paga
YNayed7XvX/pB7CNkpuCNA==,paga
BWx40ssrIBS5xAZgQlOb4w==,paga
AqQ18anm+KnsZyP6nqoSYw==,paga
yEwKZNlu7SwyyyFTUnDbzA==,paga
k9jDMFsNJBdCY7MLFn8lRQ==,paga
SzPeVS3vMjdCUCC6UBc3sg==,paga
tNA5EMN6/E4cKZcw8RYbPA==,paga
8mTmSj9s4Ex7IqKrXNjOkA==,paga
6BD2UkHupW5GUEQUBLwMpg==,paga
wQVMgcDykJdpwmzOl0nwbg==,paga
VQay0q+5pJR/5+seuKAj+A==,paga
EIchZb8YrG0ZCrkrWdGhiQ==,paga
DMl92mAdsi8kUbv9vaoaeQ==,paga
zsaPsVHXjjHWG+xCb5NLqQ==,paga
cs3SnCDCmc4vCDXv0uUT6Q==,paga
ymP6nISqk5tMGPZOtXKK/A==,paga
WI1wde4BsZKjjuZhwEDC3Q==,paga
dyyqhUvLibfuT/u/cRJ+oA==,paga
n3HfjC3H4S1IDDxMvIEplg==,paga
SA9ci7eHxF0XgzTUjcEoFQ==,paga
NAAYKF4Y7MBwoiDIOBoeLA==,paga
VdmR2V2j3K8xE8C3Mhx8cg==,paga
Up+qwpvBHAdWlgW2T1+RsA==,paga
FR2kfZNtRCOkTzmuYwEI+g==,paga
4Z2hvvT6/kQyXZOQcmS43Q==,paga
TnJHoTZD+Szm810gIk55OA==,paga
bPZHF0sbHSqvl9Nxw7rtyQ==,paga
NLrtBYXn7hqcG1qHL4/8Ew==,paga
kpAoo4Bc6Me7N4gnFIMmPQ==,paga
FkBZgh7jRQXnV3VPdzyOZQ==,paga
H4ir6ibZMEEegfxDQa6EEQ==,paga
yLCUDcUm84cPb+66uzOhOQ==,paga
GwfRNe4o7cd5DpmZuWd8Fw==,paga
0W5d0DyY2H74PVLOBGTkbA==,paga
pXbBQh93rGHbQe49B2Seiw==,paga
MCAeClJQCczIcf0yYJGAfg==,paga
x10vHcYpML6vJ/eV81Fibw==,paga
VFmrOjN4D90x4pCI+2lTMw==,paga
rDdjn6wL2rMC7+2M3PZOQw==,paga
TVndmBItIlFt2XfzGhb49w==,paga
kosXYXke9lYz3jQU8yG8/Q==,paga
LEPTNxyxPUk3RbPqwMDznw==,paga
17IUxSfyNP2XgmJKiqE5Sg==,paga
o4Vp54pMtiij0DPqo2CYFw==,paga
JPmNL0qZB4ylTUj5bJbWNw==,paga
gbHF97onO1BMlxnTqpqMHA==,paga
Be8tN8fSxXCiGLYvI8PNaA==,paga
UPZ8Aj9t4f43x3OrLIefqg==,paga
cHmOUXpPRw9CTDSxEAPdMg==,paga
yliEhVN2i0K4XqSDIg/ZYA==,paga
l5erxKA4uEx8HXhOFafZIA==,paga
lXK55yDqkJw+lo5QXB96wg==,paga
9t3TUiMxtuJCYJzTF43VSw==,paga
rHudhhblVGgJjj+f9FEMEw==,paga
Jy0/z/ooNnl4z+UYSzbj0Q==,paga
MG49yHKZBcF/E5StgwHCDQ==,paga
hQH3MwXlhK0Xvf2ZCAy0kA==,paga
1yGx8pRL6P8LXwRK37o76Q==,paga
AyUH9pVDFPYl49X/HgrZzA==,paga
8wrD/8T564H08S87++pwkA==,paga
WINDfan8P0UcGrBOVlgwxQ==,paga
77kZKhMUFrfxhOnWHydBOw==,paga
1tZeo8PVvxhNLnxWrT5Uew==,paga
ehEAgvrZ2B20IvT/+bvH1w==,paga
LXrnQ9sFVisWZPGlc4PyNw==,paga
HKKObpmeTsUQne9OrERCjA==,paga
RD2SxBaT37uuYWipu6JV0Q==,paga
hAfrFFuoCkzIZSBqcGtvxg==,paga
ZuRPIqqJ1+a0KVWegK0tZg==,paga
JxFMIjxquT2TjNlPzJ1wwg==,paga
AvcFAA5MUdG0P0gvG2goYQ==,paga
6EBzmDQ8Tgx0ZYYfs56/fQ==,paga
46oJSnwE2ZxmgNnRtUGajw==,paga
xJDdaQ83XRILEOxwhJ3qcw==,paga
FHNGb2EJsVK4z2StF/zuLg==,paga
Z5oZyUy15/6tzPCkugyAmA==,paga
sDq/zWYgGrDVlpYQykPK8w==,paga
KwFTl3XixmQn1XdUDVEEIA==,paga
yfm+iQXk+8iShvFOvtLnYg==,paga
yneXkFpzy2VWSstxVptcIQ==,paga
Ij1q1vSzxV+/jXog1KsMUQ==,paga
n6BU2hE8LJ3MnGBmNGPhLA==,paga
xRPqcMD65+hEH7BhXBPc9Q==,paga
7p2QWQqaY0Z8T5CCL5JarQ==,paga
D2S1GIh+zzvAPi52rwy+lA==,paga
huyZhs13zGRcEv9Rj1K33w==,paga
fDYrVnv5cU446PCO/FJt3w==,paga
R/VfClk9+rGMfzzKg7mFiw==,paga
KuovMBrwEziwJXaepb0KiQ==,paga
MLmCG8wV7NlCkK7z2X8cOA==,paga
FDzQwZSJMOYyX78J+ekSeQ==,paga
wxF2hRtqYxyHkOeCG6Ve4g==,paga
oXogLIgRZebZQ2ygRASEzg==,paga
hpFaH5ebbxL2dzKzEbVFTw==,paga
o/HVJc6r9Pez4NKC5vof2Q==,paga
vuRzrCXpYG4eFYY9n0Y7Mw==,paga
uWUaamP1F+p7EocVMU+1mw==,paga
Unggw4fyUrF3ghJmv6u9eA==,paga
5rFcuyCFfFuKYBgYNGZo4Q==,paga
4eoeNmi/MEHU8sDFO7pcag==,paga
V/S+MIk/xAORgVPtjvvzcQ==,paga
jKf5wXCoVliMN6R/0vKs6w==,paga
y7gC7kABXknE8W84vze2eg==,paga
RH8fh05c2fAkif/JUXDz3w==,paga
94Kk84hXEYKeB+uQ9FY8Ug==,paga
Np9b0ryL8L930LQAyco87g==,paga
4Zwwp6pQA/TejL1wsSmgyA==,paga
x+X7faYUIxzuDK6bYGVPjg==,paga
Csd1n9DjpNnltaIg3a6Clw==,paga
Ec7SIy2MIfpKEKnY58ECIw==,paga
rGICteHSkWmOnKY73ToWVw==,paga
HgiF9NzsocbuEiCJ2m1a1w==,paga
mVWGGPe25ClZhSlW/g9gIA==,paga
3eIBaqEaoFmeJn2WKu9owA==,paga
vMABA6U3zdSpgRvDSkcSuA==,paga
/nbSJI9eufZwJon5VG71FQ==,paga
DVRnvlz3RoY36ORGcRhwbg==,paga
NXOA730tTSKbbojLdYheeQ==,paga
UFLYciCSgO4Vof8jrtjLbg==,paga
Ovn18LuyXbv3wTVMuA4p1A==,paga
GTA2IGuxjHLsTfwCzVVq+g==,paga
KUv+xOwWQPxsh3AySxtDjA==,paga
9ohqhPUiuaiIocujUiN7jw==,paga
qUZ71Bnzi5kP+N7EL8NkqQ==,paga
9q50CRXekoLHAjM/SefShQ==,paga
pEL2xGRG1q9tkyrXGNzI+g==,paga
aea3T2y8IwFn95KKal+utw==,paga
rQ3lRk9qUNmkYUq5L00Dvw==,paga
mv5ALiZ1VFUclbMDpF9Aow==,paga
G9t2Lg+yZPxH8YN8uMb2YA==,paga
ZvnIE7bbCC2VtldNY0zAbg==,paga
UGOKyb6t+Mqv453dYQZ9wg==,paga
4Ky5bscSHRKgRFgW17uFRA==,paga
woigFY33ZdCFmQJuFDAaMw==,paga
F+Q9oSTHH+tPo/e1iSBo/w==,paga
2hRS2UZSRFG+dm7AGpl3lA==,paga
W2Tc/44VrSn9U0ZX109B2w==,paga
e3gBsRYiI+Z4P+yp6DDhqA==,paga
We41zvgbYb2O6lbO9VcDGA==,paga
vK3DhvSsobWuAXE0Sv9XWQ==,paga
VLgLKTJVrWKGj9k2oB2fGw==,paga
ij3JSbCyP2DgxnW9qEGWJg==,paga
owF6uXBwc+DqfKn8GcCi4g==,paga
alBCIKSiMAkUZk+24lFSIQ==,paga
h2kC2hyYF1J0a4dW4lpsRw==,paga
cb++I69YvgItkdpb/D6/oQ==,paga
E+pqLNSe4aO34RDfFhqa8g==,paga
1OidLHRNzdS1zx0ZQX8JOg==,paga
muZ6ts2as72Xj4nBjq0IhA==,paga
AC4+6r3Sy8x4WxDpGm1KQQ==,paga
kcsnV/NLfVbNKt3ppCHAMA==,paga
VD84D6f5Za3ZTpZltB+TaQ==,paga
FwHnvmGbK1RMl5h/qo/9Xw==,paga
F1+1CuLoMThqxK1g6Ivl4w==,paga
NqKMFJm8ae9cjh6cy4LB1Q==,paga
0bWaf2suu6YXkJ2G3UAyLA==,paga
RzEMb/nti1I0Y+108Cbeuw==,paga
WXWJ1sXppkXHiTzSrMRCzQ==,paga
NKwM32KYRZheEM1N0wWnHw==,paga
aEZCBLQaV0ISbWuUjqQQQw==,paga
b443n+peoNv+dt0au7OrEg==,paga
Vn/VNkQAZBjQ21O3vKBC4A==,paga
N9y0sXIOYZGn7ZpyQ3kwAg==,paga
pEzGd4BepuvoZ8rjcJriVQ==,paga
CNahtoTDI2kwEfKO+A6X0g==,paga
avudy3xtulAYhtn/s8UXVQ==,paga
cVUUvgsLxcEIf7zcCEZrrw==,paga
lthwx2EcoPpPnqVtwi1lLA==,paga
ftpOJKEc+T7eeDb+7MbESg==,paga
47+SgbTUnXVKCbm8dzqpZw==,paga
C5d/1tWP5Rkhn1odjCQG5A==,paga
XWiLInGK6m67zgGrrz3rSw==,paga
tGMCM7dep017fDIkRtNRIA==,paga
UbxxOBfEBlLgeZrXoobdMw==,paga
cvFhw3P2zw3gwueDqPnifQ==,paga
FpPxFNLcuvudtkgkn4QVFg==,paga
Dd1aHtonKRL5BA4AYq4Jcw==,paga
0vPQOPajtt04sIw1RUtfiw==,paga
wZQnEGAh5DYaTdvXniEPdQ==,paga
G972lI09tWazf+zw5yGX7A==,paga
skrk2/MNvR8f+D1bVQe9WQ==,paga
qn1R/5DyxdUpqUymes79Rg==,paga
68GNI2RkxY2Alo6b/7wRWg==,paga
5D/W4eirNnHTbghuC3cmtA==,paga
0tYHrFm8+ytBvWjh8/ItVw==,paga
lZMIRlPt3jE2mHOt3oqSWg==,paga
MOi8QAc4kPoUryWfQs9ixQ==,paga
sbfx62ra928jptkndWivnA==,paga
srIe+IHcZHViplbOcIgkOA==,paga
39jFBGxSZfvuecJsk7Lx0Q==,paga
RbO48jBBEOn3ze1xGOpNUw==,paga
YyP9y8IbXQ3sOYjcv6Vnsg==,paga
RrhOR53mMtYJ79OT5gJyRg==,paga
eUpRnJeRkl85s2xzIvaGEQ==,paga
Cci8vnC806ylmIO7uyiOmw==,paga
iG9WYez9VzuxM1La3h6tUg==,paga
NitiTtXCbz42RVsHWBo/sA==,paga
DoNcV0+1asGNGN4m9dCgXQ==,paga
iybGW6zCZwJlcnn9GErnrQ==,paga
ya3KlZO4Do1uSNCye+OVSQ==,paga
NPpd0RvYchE5B8kDg9Huww==,paga
m8L8CImEy/8TkZFJ+NP5XA==,paga
oDdgkQLDBuzG1VxpvQNDmg==,paga
5TbIS3VVu65S1WUvLqA90w==,paga
MP7xZjW9hx749sj8GCcvGg==,paga
hRKwNw1dkp7ykHVLCILIvA==,paga
6YMyY0IaUWCHnbc9udx23g==,paga
+3q+OacKQHeczkOmUC8eUw==,paga
CEKekNjhAJ1Z7JCJ1VCbVA==,paga
vvs9XoA/ZV55O9yehcLNgw==,paga
qWycyu8tjf5WLKdwIwQzgA==,paga
5gsrP7ZY8CmNnQ9F9ANVSg==,paga
VoiQIjNMfMMOmd/nbDGp1g==,paga
l0iC6VuADimSxYRNNdEWQQ==,paga
Jn+isFSwGEHHn4hZCbgMRQ==,paga
G8n/fNoD6vrZTuDlpPyC+A==,paga
ugWoFhoyiXEILqnxS7akHA==,paga
bVBGgQJgwdg6KEAKIfVbWw==,paga
UWSHfMghxjMhOixB7oG/QQ==,paga
BqxRIccaw6Sq40qO5Z51qw==,paga
SKwqEfE+UXfF1iRTjSeTOQ==,paga
8md/FYDJmlQ8+EJDlbFYeA==,paga
9ZcNn85qxjGZO7OJh1Yx9Q==,paga
W+9sN+YyXK3YdSIGy3g1Ow==,paga
E5su+h+0ezazWl5PIKP6gw==,paga
qia6kfCXVGUUnE/j4euMuA==,paga
UHHFXAj0zR8SWYEj0xchqw==,paga
ZWh6LOdlrZ5n9i39ATyK8g==,paga
jwTX+KKwZoENa8tsIUdadg==,paga
a+wlTXMrdgubwVxXbH3H0g==,paga
Nf0cdU56yjlAZthI6PjaMA==,paga
MC9ZyjOFP4Ro8rDM/wprkg==,paga
rKHeRkrZZ2Lhm6tWPraMBg==,paga
rz+k+RVMikXXhASQ2SsMjQ==,paga
dX61IqCnMa9IgkmbEfq97Q==,paga
iLug7vgiZNPkZWz08B6YGg==,paga
8KcjzR/tfuyC3/eWtLXDrQ==,paga
on3qwnVjI2wRpl6M7O1Dkw==,paga
eWLSUKo1ugVaFw6mRKSajA==,paga
MvprGbVvS4jvieg3BztS8A==,paga
yd2y7lurVd2ZpSFEdtFKpg==,paga
xE400DshUJkaQm3mi2/YVw==,paga
9yHmqyDBMOj3yZzwNDCIMg==,paga
CUBKg9knAmlOrmZyJVKg0w==,paga
akf0JHjznUADnmT5Ynbc+g==,paga
kRyGYaAFMYM75UtUFwWUQg==,paga
k/PHvCXHB65QHGP3ZDRSXQ==,paga
US7MAQ+SNqVKZllq6NIdmQ==,paga
odCAbQS2l67ljx1+qinUcA==,paga
SKFfJp2gjrM/jRWnTMiVtQ==,paga
KhSOaZ+aaYyxQ5vj6XGCcA==,paga
eZq2NwGutUD9IEzCNDLWHw==,paga
EHI6joI2NilifgHuev8keQ==,paga
eovTprrUAEK+NdR27L/22A==,paga
Z8p9v4i1iFzFJsWjHrLwcA==,paga
4NoghhuvFBvENMndR4awTQ==,paga
DL6dqTkPpPpl574nUJtBGg==,paga
wAbtlSrY524XLnZrzfXLRQ==,paga
VXxZKNTwakbnR3sjfgEfvQ==,paga
9DU/W0cOHw1K1B/YMoRu2A==,paga
v1o2XXjQN7Fkdxvn0GAZVA==,paga
0uf0Ujn/2XjppE2iTozKWg==,paga
2WiRfH9lwaNKtQxfMazQzQ==,paga
0ASydDylxXRk0pmzEmzs6w==,paga
bWIr1+GiyvTcmxFRUlKkIw==,paga
/GnebGhUYEZt2PwtaY41bQ==,paga
uUFN1CNR5z58g8gxBy7wwA==,paga
40/QGSG4y0J+LVp+e0Nl0A==,paga
AsXe1BpGc4Y29DmrME7l2A==,paga
3/h09MWSo5ZKsLeg5CqtYg==,paga
UYLvj59/Tqz5mT4883v96Q==,paga
/dKX6jhHzuI2idR21yX5sA==,paga
VEHs5CjtiAb+HDMwm2YRSw==,paga
m6nXxDcTts2DqFe0EB1aVA==,paga
tVdgbDXnZZ7jKvrpvRp0bQ==,paga
apIUX4MZOymEEj9A5M4cSQ==,paga
bpYtGRb7edBcpBeIYFU8BA==,paga
lf93W0RLlsZ260cmxce2pw==,paga
zrQLeR9l9qF2V3PRVdzI3A==,paga
cp9i1COUBBB3uyHjVhnX0w==,paga
rAQiSoYpeBj2UIRiLEDy5w==,paga
nyWlRr2Ald/+tv42MAQI0Q==,paga
ho5LXhE6uF9lWjIW3egbpQ==,paga
ekfyiM2Q2ONL45vRxoInvA==,paga
brXcre4l7d0zs3Ca6cWjbQ==,paga
LLo1q1vY+GCyh4Ux5PDSRA==,paga
Ll8M+g7n1alBu53776POvA==,paga
AHPpXuIeE5cl5/JVTgAwOA==,paga
hGyUCVNopM1+p6z7QfYFQg==,paga
nmCveBH3OCbeAMy8WGEkrQ==,paga
pK3WBohzWlYazPspha+2QQ==,paga
zX9q9Ku/ofshzxgcylhIuw==,paga
cn4qhK3SzX4qkHPCKppM4A==,paga
0aMwNYB+LoH8X7AOmGBUhg==,paga
nfjceBUk9qI6s+u5fB1Zbg==,paga
DZ0URKkgtSaArOE75eIgmA==,paga
FG6fM0wZ7uZrBkKxOduMcQ==,paga
wj4ro3lVDHYfOMPZJU09NA==,paga
m4yrU7ljR2Q7HyVbEvXF5w==,paga
KQccNnZPO+YfM9QYf2wzfA==,paga
3iAzhmuRUZIE0P1whkOuiA==,paga
Ci9Pcr9YPgXMKTlkrZS5Uw==,paga
l/741QZxjpawN1Y6fok7BA==,paga
T5Yq2WN4xVBsrgQ+GoFXIw==,paga
Ye4BEn1H0d6+eswhDA7o9Q==,paga
dJRSHSrUgl9KhLOD8qdfCA==,paga
bSwyYKoWmdFhfPq+F6rDFg==,paga
3ob1LFyTbYsT5Pn969MeEA==,paga
+C5DXRgSamX1dqUd+moC2g==,paga
cxZKKFS2E50/MMrQFv4Cdg==,paga
Ly8Xs6qEzViMQeAQ87xEpQ==,paga
0JubsZLgOQOWPjW0Dj8DmQ==,paga
D24JlPV6osbluCTBtZmZDQ==,paga
uovH+i8YghfVX3VR5vTgSw==,paga
tk8MB+AheoQHBdiuHvlsMQ==,paga
TJQR3rFFp43xG9b3P1CS1Q==,paga
KiTjmJx9SmBk19FoEktKWA==,paga
VrmyVfKpvmVDva7jrP0EnQ==,paga
2I1OAgJBfG/BZ5UrVDZZMw==,paga
EEMJC6Hy13gt0p/Y0h/Uiw==,paga
l+AbKn3bw9Ru8UiV0XHVyg==,paga
fH2KpVARWa7JMohE29rjwA==,paga
NlxgdsxZ6Mrbz0ynQ39mVg==,paga
LAb5Ufm8JGXX9i6cgXwpqw==,paga
kxyrlal0I6dwO2MBIvqV5g==,paga
JsWVBRly9kq59ZLYlwJelg==,paga
0WCNV/Tf1z8pAk4geTidwg==,paga
b3mrUIHggvTGtvYcaUKZSA==,paga
8kswENcdSYih427TDOPrTw==,paga
U4XIZNyrkAgVEq3oktJmfQ==,paga
ad/f7LbRqby1bKwVmXnQ4g==,paga
dnyo5jI1132GAp6GVIDYqQ==,paga
DU6RQ4ltATs2L3uPQdougA==,paga
i8aXlfagusW/tGgGiPpbcg==,paga
9o2GEgRF0Q5QIlS9GFirNg==,paga
ob80TE9HV2zJLBSxM8ZzdA==,paga
2Qpj1/HW9ZvNxvtJMCobLg==,paga
vRslY0Z+VB2ma11mwX/ByQ==,paga
JDlJ4oB8nT4IVXw5WvnhUQ==,paga
tOfAI26s9ZV8hjPp5DlNng==,paga
zzuJMnncH5Wrn/GUA7nqTg==,paga
A7e8pGthpB0D2aacvzhMeQ==,paga
lbgpzAcyewahBnAhFt393A==,paga
e++7an1N0IUcPYvCO3MjzA==,paga
0xfkiwOw0H/H9pRZjY4IGw==,paga
FSmUPH/WoefflQTBN30utg==,paga
/bBjWELj9uE2d2TSvkRrPw==,paga
1fozdfFvNm7M+3cAZGBFRg==,paga
r456g9DWnaWRxLv9xziG6w==,paga
Qhu8OBVBiZEP6JjiO1iHfw==,paga
raOFpxmCEBoSlQEBX3z8UQ==,paga
TqRjhSLpHtHQpmhyg/SXrw==,paga
M5WlIao+gg9IeQn/ZelsSw==,paga
mY3YYefKNqp0BbMzmMMVNQ==,paga
o4iouUfaNmoAngdauaXweg==,paga
F+GF0xxgEoQ8FHaSUbPxfQ==,paga
NMVuj0jVlalUfFN1gRu2Pg==,paga
O1EQPED9/3bubXc3CHxtbA==,paga
vK17hoAR1avW0ozsqNkXAA==,paga
6OsPngInimQCdZDC/GmrNA==,paga
3X6KV74biELh/LKx4ZalRg==,paga
Qv137EimyDWcXW+IHThpEg==,paga
4U1wklNwsQYOeAUnTF6CSw==,paga
gmcwv406Ceog4Fonq+tqxA==,paga
I7czGZ4PLVA5TojI1gmJBw==,paga
aN+r+eOV6XPGOeaR7U3gfg==,paga
srafBowuGZ7SxWsSe4yDCg==,paga
qLYFGRd0JIbEj2aPZumlRQ==,paga
NyQhGiYpV7LomV5PyXjzhw==,paga
8TsM9tUY5UETGb2jSZLAqg==,paga
9Ptaq2Dtyxt/cHJApIWTcA==,paga
PP7MrKjPH3Pk6aNoFhd2zA==,paga
e3Rs8NlvFfHEbBSoDCwBBw==,paga
iXIqPDjNivQgEdlyO00mcw==,paga
EaGmTfKgp+mgh5WS75tqfA==,paga
g9ErYKX7WBWmO/fuSah2Ww==,paga
v6u4wiHjsu0gWhQjb6RGQg==,paga
6Ycdm71zakq1ciBTBlfBaQ==,paga
HxNiLzkI12KSwkaGtoH56A==,paga
9l2WCwyENC/TeodVVaQCnA==,paga
1nSSdQEcSmmJ73X4OjwGUA==,paga
wncPQnHp8Fj370QJg3zkiw==,paga
1cHAkpta3kkEXShkAHoljw==,paga
+OGv8duBzrhd2s8Pr3V6Vw==,paga
EGQJ1hhXTDp4BFHLuxB5/Q==,paga
q55nDeUXmLUNBJLidyeItw==,paga
qZm+D6H0qno0efHVeOYRbw==,paga
3jDith7anza8gN313WVKQw==,paga
ClIxxO3nhapzDFSOQHvS5g==,paga
p64yf/hTfno0LOg8FSwIfg==,paga
tqYNE61mIoXquv/Qge6x9Q==,paga
+KOBjITV7WdAgAbFq9wo6A==,paga
pJWSlcjkdkdSUHVlUGK0Cg==,paga
CTOFF6GT09hIOgRNA/8ilw==,paga
95lfstU4Vg4RaGaZkgSDCg==,paga
sRSirFSka++hru5hWRCp9A==,paga
wUlh02kqX0mu/zJZykGpcA==,paga
OG6iqEaT6zGYiWAk7UMh/w==,paga
ygRdS/OmAAyjB9w1JxQmGA==,paga
W9gH+sXKuMMJP1YDLMmbzw==,paga
wL8I+CowB2ToIbzoep+S0A==,paga
e1yxAFtUNlmGdNddiWnr/Q==,paga
Ubr19phRfpFy5ggTEstBog==,paga
fPjI/X2aJSdC7EVO8BjG1w==,paga
qHbk4vB6zllFTcftXPdvEw==,paga
kCEh1UJqIr2vYP7MRYhYVg==,paga
z4SBep3AnblxKuCRF5AQdw==,paga
tV7AOntYjllBnwUzza5+pQ==,paga
m7URFxRLhU6Vwdeyo1sl8A==,paga
//F+Qey6OJf2IxuVL+dBbg==,paga
u+m/tMtblHsBQnXpZLAxYw==,paga
rnIqDNYyczqOny9mn79d7Q==,paga
QgTOkflYg+0gCVqxeB56Gw==,paga
uHRYd/+9MAuCxDSx9rYpQw==,paga
jM3E/raFBfIwBDXnlcBkPg==,paga
vuCAz2EUe9IJg9B6llbvIw==,paga
+Geqeq+ZmYe45DZ67hRvXQ==,paga
44JxU5C6LlV4xn60p/oZZw==,paga
vATvZY4csSIcxGSUCRnqtg==,paga
TZ5wSBNR+qq1fAECifjxfg==,paga
eREYWeiqu5CPZvELZ2DKVw==,paga
WraK0wmbZAZE0DESKYe9Fw==,paga
GQlNtiC3ZQLNJlS2r/QA7w==,paga
hGh3fg5R69tuV7s+dLseHw==,paga
ONmTjCrgR/DaJry9KzBgcA==,paga
py1/qBDiERYFUL6OQl/dBA==,paga
VzIngvPwjq3PbblxvxXQgw==,paga
vI8HBRLqodAHvuMhNAhfNw==,paga
Ruc+qPJQXPiSjDbYiPQyHw==,paga
iRbZvcDQLo2kPR7H88C3iw==,paga
Gma4QGkTB5GPDn2te15lWw==,paga
5C0pC42SEuZz3BPKegBafQ==,paga
qmG8AQlKZYCDtWitSj5IEA==,paga
VL4j66PIqv6AMrSYEYoT+w==,paga
q7Qq5/cOnvCciw2g2UA5iw==,paga
DqgmfJ8gmZgzeBJgu2JJlQ==,paga
W9Snfq/uiNGiGHvyI3jUqA==,paga
Wqhk0/L5IWFN9/7/hfXP9w==,paga
cdlDsHeVEw4p2Y7/XQ2r8w==,paga
ZrRfZN1Dhyq+EBKQdV8w0w==,paga
VBsOIJpy5+AxYCq/lmqlTg==,paga
5zc6SBsGeBkv1bk87TW7Sg==,paga
MS71EHp1RpJSnhQyFZqxmA==,paga
BQiVs2BIiKQqu8rgmcE0dg==,paga
7pu1zi2kavR8HARW/PXJLg==,paga
0HFqifLlcA7qGiW81D7loA==,paga
HcTdWSmZhjrgpKIvoEOzRw==,paga
CjEVQ9SkvQEMvIJEEs0vQg==,paga
R1D18JEXxwp8K3cMQpf7pQ==,paga
Y8PHj1dZrRrXpEW8mFLdCw==,paga
FQL696R1KDZtIVVgRzV2CA==,paga
RLxPBG71YzIaa0lzQCJAFA==,paga
ZlfwknyYBnpz8tRXsLl3qA==,paga
jv3P0z3wT34YfZzVYNW+0g==,paga
A0m2Ck7Iu8BiLYtu0I1L3g==,paga
AgHq7fXeAKL4iOqVHe/VlA==,paga
ze6Pv5s12yTz//LRuQduJw==,paga
eAdDRIhSB2m6SILcHJVY7A==,paga
kaluCYaiOFcaUGnYQdj7TQ==,paga
ASRQTRorau/BshrmSBJH5A==,paga
0pIJvjGzQCe1jqX053AKBg==,paga
kfLwtxicQc/pFrshZ2wJrA==,paga
b4w5GWkSRzu/xOSWi3l1QQ==,paga
dP5aVHbRz7UwrN+S8Jzw2g==,paga
QPSs4zvMDS7b1CNHL9cIhQ==,paga
dRvNdbLwsgIN9VZjt4HBsw==,paga
BsIJltg9V8PV2G9kYQ39+w==,paga
wLKkDWVIWpdS7a/Wj24q6w==,paga
9KCgzY/mtQxywvffaaV6jQ==,paga
KuoOrpFQVqv6HOcoFjAMqg==,paga
Rxg8LZajySN6KNgtTcVR5w==,paga
RnxXaovpeSOi1AcCO72jug==,paga
LqJUZL5HyjW3hTO4If4yIw==,paga
9moolKpbfb0WsqXFzgT7Gg==,paga
rmu2Avanxv9DQAT8zct+vA==,paga
g9jkTkRgHj0xeBTFCznk6w==,paga
qZXvkKFWudryDqVldAgMRg==,paga
z0Am9B9KCWhvcP50OmWWaw==,paga
juOb/QVYYAo9QIujq2+hJQ==,paga
5DABZgEFMOfoHmwTIVSqmQ==,paga
cHKmfC+vo4DaUzKxDRuMaw==,paga
oU7am2iDpHEKS0r85Mm45g==,paga
R6e+O2nyJaCLA8QMPR2ZWQ==,paga
0BT75oclnyCvf3lSN2N0Ow==,paga
xw05cj6qvYJaOfWTChS01Q==,paga
eWZFhRfBFn2hXDcHZ66BJw==,paga
mXHcySJanzTeDcyn669WXw==,paga
Ad+JyJbAdOug0krpet3SPA==,paga
AXWL5eA1c48TzxQmbxdR1A==,paga
4P6rWDaaU0/IzNrBs8Mveg==,paga
PMUyOvaMglNAEZMrUnnjOg==,paga
DAGI9WgRlq2v0ToDA4N7wQ==,paga
+KIjeODWu8o97zZ1vWSylA==,paga
8Dy1TaxystFLkxhQ631hqw==,paga
kLMGixWkt7GSreN9UDutvA==,paga
1EEKDeCA2m7PLA+gRIUfLQ==,paga
sKwu/JETMRiaxX1LSu9PEA==,paga
Utta/gq0hE+fecZt07HlPA==,paga
Su8a+rGR7D0L4JD2VkAQzw==,paga
e+a8L4zd+5ARDI7tAx0jJg==,paga
K4QCzJ2VpznQU7yePVuXBw==,paga
iFv69nSiYFg8nETt5IHnxw==,paga
/KX+z6oD4eNKoTLZUDjHWQ==,paga
qaN+4LI39J3FPhGsX0l/7Q==,paga
q7znk978uvoFYvVirGdD+g==,paga
drECh0euD0ZzCj1cNaRxCA==,paga
sy5r47VbcOQ5KhIte7HiAg==,paga
fYV5NbONu/H2a7FwuWHtqg==,paga
DyCbp58ulnj+TFXmMBbHNw==,paga
acIULtYcAhSh/1Lx3aT+Hw==,paga
hqq7YTQYFnHndM25Qxp6jg==,paga
XWzgAJMF6B8Xo/gKi88/rw==,paga
dkzLSOeWr6AZ6u/tYFOLKQ==,paga
jEplSD/m8Nk0pIH+jyQ83A==,paga
dTDnyYdwCT4gDFq7EVyXLA==,paga
TY4TwMC+7iRR9gDhw9oZeQ==,paga
UcMgupZVt08R7GeO4Y0Phg==,paga
VVYimrN3KmbnrRTu0W18bw==,paga
KR+E8s1qKj2DfbiBCgusfg==,paga
XZEMc0GQ+WkfX1Ndary6rw==,paga
J/ozsR/JUKDqqU9w6dedhg==,paga
v1e4Xwf/LB55ajQrqlTxCQ==,paga
1n1XoGd6d98T4c1yfq6/OQ==,paga
1rex+032dNczWG/0vX0yNw==,paga
LVBjBtJQFU1uVdKZ0xUMqw==,paga
VuQJ5NQ8eB22+5st7uLt1w==,paga
1aCiaEVCvZcunEoiWkkCXw==,paga
2wd8th0lCyksiadV+UTfog==,paga
f4I7hLSYTHtxa+pSOYTAXg==,paga
XduDhJDN5y6z5Joh6953Vg==,paga
ak8f1Uh/NPO8eAsqGdKEYg==,paga
KT0R6SZUAZvmQNLkP7JV8Q==,paga
1KexPiuOrrV8KKnNvQXr5w==,paga
zF9bVHantMu2SsSUWUzLEw==,paga
Xolj7tB35UxZIx6iiVxmog==,paga
Cy4SapvDSDUahiwikml2ZA==,paga
GSdueF3VsKcU3pWzmCoZSg==,paga
qsiUe65MZ6pjRoKH9RpYUw==,paga
TygB9a2JULMIRo+tTF077w==,paga
z5SY4Yv9hJeHpkyeIXIw3w==,paga
wNSoHS0Sqvki0ETqf+Llkw==,paga
HGi6kisWix8LiLiIbVWFCQ==,paga
BZz/0cXUzkizGeOnGVaq8w==,paga
VMFe+N9cL/IRB0KHXz+syw==,paga
FMj3kt0nbzJhHOzbnM2Yew==,paga
Au3AbpBbHPy+1PwapSEh6Q==,paga
FsIG1TigoLOT7eYVVnL6lw==,paga
1yArimtdOm3Un7SZ+hSi6w==,paga
iByRH1PxUpmqYmM09IJpTQ==,paga
UhpfFJZaF9QoQRT0UM1Zfg==,paga
jcd+yX1KNF/XpB1FS3Yybw==,paga
b0QwPK0FXEKIwZdien3GPg==,paga
puxRIQCTPQCLbI7NpCI4ig==,paga
eeNabw97LZUcMXJgg2iJ+A==,paga
DEag9ozLm8HPp9+Dw16GRQ==,paga
QJxAKfOn70QkjTeyLbpmcw==,paga
qC5Df1E8pOfAr8r8u9HDXw==,paga
Hk7sd6DjAQf9Cm8mD+bxlw==,paga
/f+LuiFNpBXfVxPS89wLPw==,paga
+xYwFGnRPiMHZxig2dh5Pw==,paga
FJE6DoqOx20JVPHiNsopvw==,paga
XilZSwC/fg+mHPkMRY2gTg==,paga
JdXimNxGqeJogdO4fnjjHQ==,paga
Hh9KNkt0wbD79N7FF8Coxg==,paga
OUjcKu8w7QkDSuSMTAzECg==,paga
JnxljyjzchbunPUoNdYerw==,paga
/ZCqUAhqzy2XfPkyJKKktA==,paga
B5dfDf8WowrSH6w3/PU/yg==,paga
Yv3SpDjAaO004sBKTbciEg==,paga
6UY1FpOgyoV2R7Cd1dkmPA==,paga
PLY/+xCLjhu56qtKGTtJkA==,paga
arlvIOrP7yc7Jt/J7D5m/w==,paga
9eoVLwe646LUKozj7s8U7g==,paga
J7aeUm5QVq3MeGRts02SVw==,paga
UMfhpPSXkaYo5DqWLksnEw==,paga
yXH8ym6lt2RmhrQyLSL2cA==,paga
MzzmykjbXf3RMTkPdcutHw==,paga
oNCJlOTBTc+Bwlt0UHk/EQ==,paga
wE49q50Jhlbvdu6h4gXgAQ==,paga
ExEDRrqeif0D+6cmDcrngA==,paga
ozERQ5Oku9dI8g9l77EdcA==,paga
YE5r+8pogG0w87yUAxahjg==,paga
sIwRHXrqhWdETq89P8NVLQ==,paga
oshi4l7gDD9r/8Pe0aJnfw==,paga
FL4FlbLLlGk44h/p9Xh/zw==,paga
Gvw52vkD2Wvgi+QWjVcaHQ==,paga
5rvU5wrhHF9X+VltdT14kw==,paga
Dbv5bKuEKR2x18ESGqKjnw==,paga
f7MAcGlXo0mfDr9MaTTBaQ==,paga
PlCOYut/wsKrpOjFHvlU3w==,paga
WxHcLIeVeWhe0/MTfA9pfQ==,paga
EXTP5KeTlgKHcMuBHH08hg==,paga
HicL2bPN9u82bwd8Qg8WXw==,paga
jsIDCvMBGRmV4Cd93OGlFg==,paga
jFWMt+b3Roe8CQKswdjedw==,paga
SIfutZVug8NwpFa4rcT5tg==,paga
eMCDBHizkppl8aTGbtzL4w==,paga
vmOiOV+wCbJQhaA2lXF+cA==,paga
6+9K1Er9xb5b1xPMubLGJA==,paga
h1Xf7Ko+RqgHSYAGNvpDjQ==,paga
XsFYBpEEowFQi69iypSZJg==,paga
cD9FIGg7q4kqaJS+0iE9XQ==,paga
2Yo3pZx8E1iPqrIUsSEFQg==,paga
mbCRx1IaolpS7chIaIcbJA==,paga
qd3w1kyn6PAmDDk6BbsDrA==,paga
oeDjFWqB5rI/kukc6EbPYA==,paga
oz8E+AnSDF4xrdYhEsUxOw==,paga
f0sVgYjPemywodt4JYuZ8Q==,paga
j9mzPGV3tDNL+LOSOI1qKg==,paga
Vkwrjku26+7l1sknePQ6Vg==,paga
pJ+UzS9wAlRR4fQEoVPZAQ==,paga
+p35WnzETuBJb/p2miF+EQ==,paga
mdoTSyChovivxtN9wmST4Q==,paga
xBslQBFaQMxileN+GaXAvA==,paga
cEIqEyCAO3nO+DoCCNNvkQ==,paga
ZfBmkxCbaLc8FK2M5sfbSQ==,paga
/3FKfQ0Fu05HEzpgxc+bHg==,paga
RtQL3NUVlUgxlkzockSdBQ==,paga
yi71G2RxYaOPq/OnEOMKAA==,paga
IatSoMFc8t7KqSgwhoqM2g==,paga
fgXoEzvaQd+jbD4VG8/lyw==,paga
eAWG30RPRWi7lgm/0aM9kg==,paga
X3rjxrscnCdniLM3zucy/A==,paga
1ia9uPFNmVEEoo75Zb1SPg==,paga
6ZAc708QzPpAMgvFIQp1TQ==,paga
G9XlL/eV/F5xeKS3FzQg2A==,paga
j20b+E7hTTx730ELhrhisw==,paga
824VxfgGSPXZd9JvjWp4dg==,paga
KFgypBJVIoX0wyqQRO/34A==,paga
AEUW7D3gLgDoYeQn87b8BQ==,paga
+DxdpUhpQqHrRMtPQ8KvjA==,paga
6IvlD+XWtv8Brw4wXDxr8w==,paga
dT3dvC9Vt3Pu+EaDZ1RVuw==,paga
zZnwNTxnQgpKSNLb8FFA7w==,paga
k4LiuyQZJCz7o/BB8jEBig==,paga
DHyedo9iJBshAHbWRc1evg==,paga
Ixj1PZ5emrXPcvl7L7qCJQ==,paga
J7iIuyd3Dg1m4ON6T+gRqQ==,paga
g23uCr8fO90xjoQyhjzXNQ==,paga
Hx53OUui1QcXTxms6Pl9wQ==,paga
VIm/yuo6xejF6E3vOffkPw==,paga
RK7gzLvO/BnwqmW+J+LUGg==,paga
/KS0Ih7ypjpwJwBj/fFAlQ==,paga
/nVQXUCRiaNTxTLp1S+tBg==,paga
v6XvcioZonZgZfP5eqs3qA==,paga
fIVypNxAbQKBsj2btBABIA==,paga
PzAmglzyZar7jqL7tsjZNw==,paga
cIISz9sASoi5edQzrsD2QQ==,paga
KUYZPeHIV/derXGAD4CxfQ==,paga
VScajz9z/cuiPmEaGt0psA==,paga
U8FKQgTo/+kX5SMlWb85Eg==,paga
CnzE21L+jGDeDOhP9I5V5A==,paga
MgU40XPuM+Rsh5xvOpo+bA==,paga
+TrzWIGHfxkRqOTJuBIPrw==,paga
sIvnjRyWKNuySEbKPQW6CQ==,paga
Y8bHVHS7bRbuGspzPwmN9A==,paga
5Qpp6ivx97DekCkMeF0Glg==,paga
6hQ1nkszRNwE3IXee01nHQ==,paga
mxFElfn+acyIMcUiLNzg0A==,paga
8oL910jykK0rQIhQBoOjiw==,paga
r2IRvSow+R7a4zgn1LUsaw==,paga
ROXmVpXxdZaCiN9W9JA6uQ==,paga
8U69zsWDI3Tja1sm+yCImQ==,paga
/jCDrfUZWcUfEAoY+LqH3g==,paga
Hkj1ITE3jvVdvFZLY8DBIg==,paga
a7DOfxojH0RPNeeK//td3A==,paga
ml/nM64s8gr+fH7DeZckUA==,paga
MsvtjZIEzhW421ZBj8ESgQ==,paga
N9h2zlhBlcMO9JfcgSAHgA==,paga
9uV1ETatU1AZ/Z7EJXbePg==,paga
6O5p+6WX46ABfiFCAMF/HQ==,paga
RQ4bH6ICc6+A9S9FQi2a6Q==,paga
pc2L9Trujwn3ylTCbT4PnA==,paga
5dQesn16O+ZIoLTDC5iF1w==,paga
XjZenisgSpIfR+3R/RxMmw==,paga
3TqsY68bZVB+vxKaCf7B1g==,paga
a+3inWk+7l8ZGg60EsiIlA==,paga
7ymMcjVatuIvxxBa5r4/tQ==,paga
bS5ANv6p6GpUFETG/CPkXA==,paga
bGpXkS7nFr6DQRns41rlBg==,paga
Ig349mh8okszSywFMheDag==,paga
orhJ/oXE18Js6Utc9kV8Pw==,paga
oOTsSYnNcvLd7pvL3RLO1g==,paga
6kyIcTCsW34pLGuZrUbDnQ==,paga
R2RiSeXcZfLkn/MGEvwlHg==,paga
lXjztLHRbIjeUfvEy2i2Ww==,paga
+wys9pRMOQnWDEBWx2tgug==,paga
+YLwsd6kMvD/EwlpJUhyeA==,paga
UBxcR10XB1G7zN1HsyzI4Q==,paga
LNyGVzJMm+dubVvY6W1DLw==,paga
ClpH01GjeLhjBtiiHNDUGQ==,paga
bgtTGMBjnrhQuzQq49Xl5g==,paga
swIX8Ho8QV4DWSpaz5qCIg==,paga
ZXzkAyXPnZodB23lGrZIEA==,paga
965ETdZAJ0XYuTPttCQyqA==,paga
b5eamKEA2Qdg00lMNTcO3g==,paga
4gZiq9HsCFXpr6+38baufA==,paga
h4z+nKrp8KblO5iLuPbflA==,paga
wvcYO884jfHvHF6+NEsajA==,paga
9OUBRyQrnVV8WetWmnVncA==,paga
XKvW80Z5OMJZc+L5AEg25A==,paga
XptsdoMjj9qTVdyd0XGOIw==,paga
FD1X4IXMNPjQ//cNjqFVOg==,paga
U0Ymyvjz/DLiXuC4+NajIg==,paga
BNjPeAelQseW25M0cau4sw==,paga
cFRJl9OREmdZz9W/xv8cNw==,paga
EdIS11hX1lBs3u6mYNh2hg==,paga
19Bkygzoatbkw5NYcAJd7w==,paga
AZHHdmJROz/N1yUfl7xeqQ==,paga
2/BvKBNsKMuHkgTBg0VQNw==,paga
g3nLCZFNgb4GIHkIgflBFA==,paga
eqymWjSSjXiuOHMqKZH+iA==,paga
rUeLwbvxqhkhJMEXWdG6Sw==,paga
VF4GLVuccBTKbanR0v/nEA==,paga
XnhBVJoSHB2K3JWodcQgfQ==,paga
8PQ/uQgzFAU6FC/aQnSBfw==,paga
2pNr7mXUvJhb5ETAO71acQ==,paga
yJjj4p6+qLeJu8cBDRY6Kw==,paga
l/b88ci90vJhSXcoDLrEHg==,paga
1gmn0iImAMuRKoRJCCp3+w==,paga
yC0qaF1t2/QzYpnqg61aFA==,paga
VzjTAQvaKuOR/7SJg82llA==,paga
pXP/NIDxS1uGchrxVaY1zQ==,paga
e5Cv6KmW/uAOcW7BaIq4sQ==,paga
hvWBBMAfGfql/ufV0GXhCw==,paga
Lr2Ka7Nv/0aqnegtRHvc/A==,paga
5GjjpktzF4DKqSwCL1oNaQ==,paga
IBiNfZH+LQenBcyKXKfMEg==,paga
c17RSLW0+nfS8v6jR4i4kQ==,paga
aN65qlUaTIFrFchCzXok7A==,paga
CWtTk0QFD32ztcMvsl/H7Q==,paga
fe6K+xsp+sRfEF3dKxIaHg==,paga
vEI1e4dds21Cnws2zpoMvA==,paga
jYslk6jDMNaqeSt5yx9rgQ==,paga
MibJ4RWHkVdAnBOIGJzmMg==,paga
WGz8StjH5HcGPBG/NK0Kwg==,paga
tkj1bH27Y6k8Sm0vqQ7pjw==,paga
1srgmeAx6R5ugxvp0yXilw==,paga
MLe/LkarQ43frrPC8jnKpg==,paga
rgCROE0BC2WM9dagWs8oEw==,paga
ENRmeLIP7eqEz5CLIm700w==,paga
sMFF6HjLqr2KJqRKb0VoMQ==,paga
wHEnGiEYz1Cu00MuTMjFQg==,paga
/6DLPDJz/+7BowVQ7QRo6w==,paga
inGR1ClcVpU4ZD8HAYIITA==,paga
aBuN412C2joVYiRkwavs5w==,paga
iTjhxhiylys4zXtPL2s/mA==,paga
uSPKjX8zeEAlC0Bt1RhwAQ==,paga
c5jTGBbIDlT2BrHa9FDKLw==,paga
Kgi7/y0NjPr/DCwX/hT9Bw==,paga
FcauPrZg8xA6M6O/cx6+BA==,paga
JQFKwrcbhTSm4iDi6q+NBA==,paga
JSPrntDJ01NqYoo1UsztGA==,paga
d0qSb3wnyh28NyUnZzFizw==,paga
951BCFWOAZ3frW3mqbFe2w==,paga
sCpjpKLZ/KUQC5nRlAObxQ==,paga
u2EzNBYrywQSB4rhJUroQw==,paga
Qvy47lB2/Pg37LrvdpfMZQ==,paga
/fPf2p7ythomd7ifcc0chA==,paga
Tp0hsLBs9qpqW0MegpqAxQ==,paga
zFr4vg7ac/tgNsxaSYVryg==,paga
N9f36sb9noVxQL7bHVIwTA==,paga
ZGC1JShketBDNg5//qRaNg==,paga
DdPdIVywubGCf0Hf1Vkzog==,paga
Iv3GN/u7jKr21pFD67rVxA==,paga
bsRPfNpz+dGHZXqyRWw6Ug==,paga
U/aJvktB3cl8F+SYFXyjMQ==,paga
AOM8J1iaomMFM7LcnWk53Q==,paga
hr/SGwjuaEOKdBjuSMaMJA==,paga
sExJa+IjW4SQkOTIMe4uNw==,paga
RkUvsfYo4RH1Z/fw/5I3vw==,paga
U7sRCMyc4iHlcYiHGFtONw==,paga
LRtzfZOLp5qitl6/UC0KbQ==,paga
hDbwuJsRGiX47KNZm1XrgQ==,paga
V5jwKEw+8FyeyDLfWIVwgA==,paga
DFCGiuolZaGuFWznHhSHVQ==,paga
3+Jk4dtjRl5lm2TPDHGm1A==,paga
PX/5banuMXnKaXgeGDngZw==,paga
yIUDjaPPDOzpSFUbc/XOxw==,paga
XTUnWNOFi2m6gQHLpzOxEw==,paga
dhS27x8Ic4TxwTGRdzXUhg==,paga
tPUWG9MhnaX7Wz6F7DJ3hg==,paga
BtRAs3eap/UCFMJ1HfoL8Q==,paga
OBcnlpmqbCCfGs6++jQB/A==,paga
F7WlAgmhzxgmBVJWogBI0Q==,paga
WPpQHQLhKEHu3hRxDoWcGA==,paga
QuYwvhI7CkN57pcbirDh5g==,paga
h7wPNf5BVC1ZRC5nAz92tg==,paga
txlRwU5AfKsdXber3Fl9qg==,paga
HzpjN507AdwXn5i0MVn6Yg==,paga
ufp7LFdr5c3K/Fl9FmPOMw==,paga
Cj1co518IFiKtL0uxizEBQ==,paga
k4qL+KXnZ+gReKj2Yrlg6w==,paga
QyJr2am6Ui5x9F8bUkJcZw==,paga
eTwEHZhOc6DnZJQLyBE/Uw==,paga
M5B+xSMok6WpIaK8FwACYg==,paga
9/C9ES/hr0fB3LBvH/Fv+A==,paga
hh2Y57MHPPfARYzhQlwiow==,paga
3DOOR9Ct8yRilFfNKcMyFQ==,paga
7FMkenC8x+IdMraXpz4F9A==,paga
fEEkZ+Okyjq33Rar0kAsxw==,paga
InB9XqlhAvlXEpICfO1Jfw==,paga
VMOvk2VL3BoaUJhlbLcDEw==,paga
D3r0FpU1G2HhOTWoYvaQ6Q==,paga
4qrUeTySU+lQbARIQGFIFA==,paga
srK6exWVr/4fzYDzKIJN7A==,paga
F70JDZHr13KkJzSIEZ3aIw==,paga
hJhdtx6e6vVbthT649Xtag==,paga
HHHPZtV0F4XUaj0umQpfLA==,paga
3DMoWCeCvC9mH2ar/vGGLA==,paga
exILPjg8zdWt4cqiRmVJhQ==,paga
l/EjzwttTyQhhxHSzndYlg==,paga
p0adgZEywCvfZDcrEgYPpw==,paga
7skaYO3wrKr8TZmjDhYMtA==,paga
Oplf/TeQjMw4megoOrOdXg==,paga
6QiJ+H4HeVZ2+0us7SbZpQ==,paga
cIBbsn5Ybb0YU21sSSMPsQ==,paga
ZBeVBxuLne18ja1lL86c8w==,paga
tcVgDAou/nx8GRBJ+PD4dA==,paga
AhvGOp4NtFRAO+35qVKEhw==,paga
osSUWmWQE4RSAtzwQ3euQA==,paga
/EbFG0M1Ob6t4MuO43sToA==,paga
fZ3RcfDnoATs1KL+YR28uQ==,paga
yU10PYgaIr2lyRLYsYL5xQ==,paga
JtJ+1WpgheYt3wZobbnyNA==,paga
cSs+QmdkcT7TTTQRUGWv2g==,paga
++ZnUC++mQNUzU4DW5DRDw==,paga
5rCJQbgfivoEkIj9+GiHkA==,paga
T7JyquASUrayjrDqtr8LYw==,paga
bA27yjrqcJT1mj6t0in1dw==,paga
HydA9ftd0qMy2+Ha7BRSuQ==,paga
RbAh6RQc1ilwvg642hNdrQ==,paga
uq5eNCoJ/5wyifD7uLDN0Q==,paga
BsnZ+Z1oMIcpeLsnroGqbA==,paga
vtLSbk9KrS/hOV5Q9lEWPg==,paga
XOSz1T11WoJG5jeda7EDBg==,paga
1QwbF/qfnVssbXIB6/zWFQ==,paga
m6CjaQiM/MjNc2gufD20Ug==,paga
VAaSrUzzLdpOR61wVeFFbw==,paga
xii72C77jLUceI83YKoeHw==,paga
Pkzve0Z2Yy2AQGRjKr0/CA==,paga
cYo02d3uWFi9EFMVnbm2Jw==,paga
u1xiaViXDJx4mICvRN9VzA==,paga
v/AM+qAJpDamlo+tp8Q0Aw==,paga
Cwu6McXP58+B895hS+1buA==,paga
Mr/9W7Ft9WeTaeFfVWMEDw==,paga
dlRQAMgFJGeKtewakGEqCg==,paga
RmhkmvoDPZclDzTuyEsjXQ==,paga
udT1I+GuNBRpqMbQzyj3qQ==,paga
X1j7LR7U5hZmLg1M+iXMDQ==,paga
HWxgOmCt2LbO3lSsQKRdCw==,paga
Yxyhp1O4HcGWpbYtmgDosA==,paga
0OFXR0QLo7t5CgLn9h4xFQ==,paga
sA2ut9+kqQ8Ot4tzhnW7Hw==,paga
d/1v96Vm1fMO/QN9WAxS0A==,paga
UFbplf21BIeU/heFneGyhg==,paga
V5lkgy631fLmX4ZvWGZ8Hw==,paga
grOV/XwY5meiHJNw733APg==,paga
v6wPopjxr87NtDd5t6uIgw==,paga
cMnVH6av0cBeirHY/K+/gA==,paga
9sYnY5DjNFfiWRE1LtiOkg==,paga
GwuGIdG/Nx9AiPs9FZvLjA==,paga
6s8Y4rUh69dAJWaKbeuaiA==,paga
axGhSN2XuWc48p7LE1pugw==,paga
ihUOUbxbwy3NkYZYGrJopA==,paga
DGWHFCIxHjSTkDkZRc6q6A==,paga
A9uiJp/l1ornDILkZ+usAw==,paga
aewrXZJ4t1zJIka/fJtkJw==,paga
Yq8O2vkRyBEAnQyjG4FDWA==,paga
Q8RaR5TaLEyUeLAyX/MTcg==,paga
pEJYMTQOt8OOlcgudhDEIg==,paga
MOBdbfrUNzkU0iw/iKuuYw==,paga
YlCaeedcpDQR4kHPUQ52Fw==,paga
/uMf6oHa/yPoR7+mAD5SUg==,paga
oMrjqbvxnDKKLF79gO780w==,paga
Gw0SvaF9kkG3p+p8GjOC3g==,paga
kdv18oDFH2/8JzBAi7KhUg==,paga
4xQSw9g3yfhnKqWY9X59Ng==,paga
0VnuaBUKZX5scNYKY14Fwg==,paga
ZgNlBeY3BJWjSmTFbbfScQ==,paga
U4j2BvVZDGfJROpL2lWnfw==,paga
G7i2wN/V3WFq7y3/WtA8OQ==,paga
uK/As4XDMbpnOa/H15zckA==,paga
VjiqH7cWmOsSNttKdTGA/A==,paga
gi41Qfk3Er/lZ7TiqOheEg==,paga
P5pBlFb2Ml7Ev8GjH/T+rQ==,paga
BuxnAdaDRtp+sPKpgf5FRA==,paga
pTbH6lqOjPKwM5Ojh+iUzQ==,paga
WVO/xZhgOL62EELXcTtdjw==,paga
6MWzRgJFkrSwbUWJYluduw==,paga
Yebb2NJU52/CWicvBdVX7Q==,paga
yK36BVvPxwW+92//frpp3w==,paga
/F4YPH2nVSaoiyunrdNBEQ==,paga
Zz/WH3rqbakIF2JQTgBA6g==,paga
VIpTelc9qRpH9UQSOhOr/Q==,paga
nIb0w04PI+ZIUO5oQ8A9oA==,paga
4fEqk2AL0nRfpGB5XlYRiA==,paga
5Z6vP9LWq1vA+JwHsxU8jQ==,paga
Z0XmghRwNWhmnCSF0Odh1A==,paga
fMHFkpcLjcjP9BclS10EfQ==,paga
j0/lONmXmuXL8QLhy1vYoQ==,paga
MfBsE3gc10QDzCs5vQDrqQ==,paga
OTelYkxtPGyp4gQ1Zf2LKw==,paga
2YFhmnynF1vBUUQqKLFHPw==,paga
8vFhEYgyAGJInw2TgxELWg==,paga
JOLPLIwffZUgrB3pY3B6dg==,paga
Qs/kykK4BAdPlL9OH0eBmw==,paga
DFCUQNbbfxaPz9GI69wXpA==,paga
EOiOlGFQBB97i5O9FP1bww==,paga
ZneVq8ElMPy0MdKynHyYgA==,paga
oj7zwczWQffy10xGmZL3LQ==,paga
pZyEAU2OyHZqk8GBu1hFEQ==,paga
p9hFw/sSSSnpm2PjKDGuHw==,paga
yvhNdvAwOkiVn1qSmfm/cw==,paga
YyqrsCEgGAs2L4BTyAhXBQ==,paga
sI/8ly/mcFqdYFUoBZLnrg==,paga
AZ3ceU+WoR1RGz/3vFSQAQ==,paga
mP6xpDpsx/SI56pkqwNbmA==,paga
qSYP5xyjVeW1hc+V4mTcdA==,paga
xTXe3jvcrXCVrfzMB8ITiA==,paga
JYpU6E6GrGRO3CzL0F9NYw==,paga
4aTsPh5U4nYrClRvJUUT5Q==,paga
Cv2edJi6W4eDl6HwH8ob9g==,paga
X25nRsh70/+TxQDE5OyrRw==,paga
aelE87Zb30izRoJmUhoiPA==,paga
6hid1yHnAOMjUpvuijFAxA==,paga
CQql4sLGtd6pcc2NXF81+g==,paga
O0Y2VS6nCkaggo7ezr3vJQ==,paga
+DPB9XqP7GxKnDJPXzxc/A==,paga
LvCHAOanEFT1soM464n93w==,paga
9/vK982gsWgkU1PmxUaciQ==,paga
tUjcRiu7BJGE0lhBTehn8g==,paga
lacGJyNmPKBGIVVQsBcggw==,paga
dN44Lfv1my+7BmM+a9F2qg==,paga
IhGR7o5xXDHdKGd7WNXnHA==,paga
4yxXrrqaKLlvM5rl6sodvA==,paga
XoUD9qM/Swa2fs//5ow7+A==,paga
1dDz/Z20YyMRz9ay671GlQ==,paga
5egqDco8PBF2AFQDrYknOQ==,paga
7RHtylXEwpPvu7Ux3DmV0Q==,paga
Y2gpR/w/5AAbbq6EGvqR7g==,paga
r2BeERQGf8+sWKLjchcMcw==,paga
5b1cR/PyYmG5ld561dIlPg==,paga
ci1sGFk3K/lcWbiep2baMQ==,paga
rgGXLQB5HXHtwY2lizJmzQ==,paga
rU5UGnzImDs8PQYbPthPxA==,paga
deTsfnssWRpNgaxomXTZNw==,paga
vZvdZWu/QzVBjbcRuVi2CA==,paga
L4ThxhEN+yBS1ZqeZy6Pyg==,paga
zGV59dOOcAu8MC5vAIp4uw==,paga
dSsDbXz0mXMbZM2TDrZ73Q==,paga
ESSs1v9msgyOJ5l2R4vs4A==,paga
WrIFYJ7t+lM6jsQ/T9dx7Q==,paga
P23AHGLPdYRt8fPG4XdV4g==,paga
ydKGLeQJPLCEpQ8yg74F8A==,paga
VahhYeT2H+0YU0dFaDhBsQ==,paga
1MIFz/HPAwed2ZvthEmF/A==,paga
B7fE9B4IE/vqUvicgL6khA==,paga
3WAP/Q2gmCYGvnJC7KegSQ==,paga
xrB6FYwMsdcCpUxlYvcFSg==,paga
Gl1FwQNI6lVK6rvC2erCuQ==,paga
eH3ttHvFajNNV1HALgzJ7g==,paga
/JS9PGvT0lR3YCUbUVtwIA==,paga
VSaP3+5pPKz4vKt1nMu2Ag==,paga
Elozc9RMVssErYYg7YWWaA==,paga
pOXzqEGgZ5Rdx9jkhXn1Ww==,paga
HeNa8COytbZxGXyDUts7kQ==,paga
17FAVdZWLiZwSZb04dQlSw==,paga
88wKWaU/2wtG65By1pHnBw==,paga
zQiL8NZRg+i22wGJ1K54hg==,paga
VOgE9MlzBOX2a2+afGqUiQ==,paga
jiwSK+0dQ50mggR6paSMpA==,paga
lJqd+w0JpnBNQ2W2CWDDcQ==,paga
+EDz/r/2uIk3GbBC7LyRcA==,paga
XVjX79+V0SkfhR9R1nnNNg==,paga
ZWr/5Rt2ZjEndlKv4UAiKA==,paga
RXQqrXJRVBMbwQ4ELp40Sg==,paga
l4v9yfhRbsL5yMz1LLXH+A==,paga
oKIsyFdH9XWhMtxBHsBs6Q==,paga
8lAQr2452hytSyz11c5rrg==,paga
Ob0yLv/U9PR1R7wZK6Jfaw==,paga
WiYvKtXK9I1NRiBO7x3WEA==,paga
IOvzjmaOZLROWTVgKYYIKw==,paga
hy9A08Zg1gD7ZIoydR/L1g==,paga
gGDvgdccduTA5yYfwK4m8g==,paga
K4iThiLCx+irORpCIxxEpg==,paga
tCccf3vFOH9WzhqDCp8RPQ==,paga
LIpNyeP2BeZT38Qwu0s3Dw==,paga
OVMnf+mUj61fbaQhCeVvNg==,paga
YA2rWZaETJb1MrbfMEef5g==,paga
GlFrBjUIBcNxug567v/t0Q==,paga
1c2ZLGlrY9zt3G6PsrnbSQ==,paga
CCuF9onO4SjV09GsQwSPow==,paga
b0rzTjes6HmiE0gGXy4TzQ==,paga
Me9Ia67jPCqoIb3np1fjtg==,paga
5tzoedAytErA2N9yHYONzg==,paga
RRY0/p0B1NqUfxyseTdFWg==,paga
iei3Rlyp3uabejAXyX60xg==,paga
aO7PzW7+SRcbPSpy9L+UmQ==,paga
xUFjSrwRy3RlwaVvVWhI3A==,paga
tNp8+LJphbTBv1k7gnUsDQ==,paga
8pqgv2W8x1Dk+iuIDFgArA==,paga
VKyn4RctU/pNh3k1Qva6bA==,paga
9reS7W5wJnX9aeTtBF7T6A==,paga
N7gH9pirysQZ2fUsJbKyng==,paga
yhWJTlEEHag6/JxEUAIk0Q==,paga
uHA88eaPbS3xEQMyhtfdrQ==,paga
lVVaqIYjqXSZhh0hwm5Xow==,paga
W/Hn7V0Z1zOiROuaQ92Qhw==,paga
SoBpWhUetQwu+s7NQWSHPQ==,paga
Qdi0KFapJRDCjRC3zJjSdQ==,paga
CnXQP/t+LIn36IjLK+IrjA==,paga
GVmxMevuwLWfUoaAzLa5Ew==,paga
35MajQXNfSHlhE2SOH8loQ==,paga
ReGiEfaZAgnLmkrcg/eBuw==,paga
bp/Ji+nhDoSO4BaTb5Un3g==,paga
4VwrRAAHld1b+QEQJtAO3Q==,paga
CB+UkvaWPNeRfc7a9qxCmQ==,paga
oSUoFWhPxD0MHzSdgZkvvg==,paga
sD1THxtth+3Yikmc3tG5lw==,paga
GHdiXGdSNvgbFEkcRFLiWQ==,paga
1MxowPBM4N0ksO2HMpxVoQ==,paga
381wgjXHoYA+dPyqUL7IrQ==,paga
FaG0b78yxn85wBU3BVmZQw==,paga
1nU8Dv2rUxH2ZGSbKFvZ0Q==,paga
aL2+RuDfJEmu//oeI3JBjw==,paga
xuJv23MyUvmM1dF4hfQVCw==,paga
STYFj7EeIDd0rWU8rixxOw==,paga
AZVDnTgg4l8CvAPIYypzPw==,paga
lg+miAm2/OaSrNoqwkLIMQ==,paga
105+YtRmBw9Ia5Dtzc/DmQ==,paga
XBuHFOd2LJyb8UpZNkgzYQ==,paga
wSf9IMf22AxmFL8/9Z0vvA==,paga
E9xCNgthKu5M3rhdx+Pnkw==,paga
+esvHP9CsWx5U6mEZzDY3w==,paga
jbxYokEyY4CuTj2ztDeVIA==,paga
H57JXlRh/51hYZTsKglJqQ==,paga
8izxwZ0FucB+hLLJleC9lA==,paga
ch/jr0iX2JQXU7RbEWlXxw==,paga
3T3Qow/OePd1wY2MTuhORA==,paga
C65avTi+aEZpQvCLHUzHtQ==,paga
rl11SHW17RwcC3eMOQZhTQ==,paga
0+fgv443SV7wLK6xa2y+0A==,paga
nY/PsNmMPSBvpu50/zSmxA==,paga
0m6PW0Y2SfIfSlJTIFq8WQ==,paga
KiDcUpWsOKztZuIQoyl+Yw==,paga
d/G9HyX88IRGUb/0NB8jMg==,paga
wSr34LnaEPzwlrH3NUhICw==,paga
7Ceb0B2EvNzB1Y7Jkd2XUQ==,paga
m7dvkBSjT66eZ5pUa0MUjw==,paga
vqLHJoRcFnKb5ZsC7F9cPQ==,paga
egeHs+Y/SfuWJ1aInb+wZA==,paga
Rb5DMejYqbYhdxG2riXTEQ==,paga
Xm3SpczKaMbIzng4f4F4rw==,paga
0zaYCIx6EXd3qi46dDIvDQ==,paga
EdP/QKYrOOQ/N2iPOokadg==,paga
xgrlze8GN21yAzDQkf4xhw==,paga
pKVdU84stoleWs+WV6JuZQ==,paga
0gdaiSym1TVmO4mGx+Ewaw==,paga
xv1ebn0zHW8xAcL4PNRfDQ==,paga
oZ712FbxIv5Ed36WiF3B+A==,paga
FVnPxrXaV6qgXVc7bCraNQ==,paga
/jP5kVjH/2I+wqAEVqCvqw==,paga
qzJFpy5jGdLl+ECA5rUjkA==,paga
N+KhOn5aVkOFCIqfl8aCpg==,paga
nMi6vFJemy2l1G0VjfYRlg==,paga
aUOwsSpxaj2mcnmBqMhn4g==,paga
q7XOOykJiqfLc9YS2wmr/g==,paga
QHWXLqNw2gZogiPUKSdd/g==,paga
UL0IwT3LEY2hJqdr5TyPKQ==,paga
Z+16ruDL/XTvDkb+Sr7x+w==,paga
1oVTLngjHJoJT7I73qq5YA==,paga
RDci3qae1Qm8dC0Lx4IwSg==,paga
mHrXhhI2mdKIZAd4C9KiGg==,paga
qUK3KvocNXCSK56W0eiDRw==,paga
4DODOKVkOKC4KkQEnaaMgQ==,paga
q3M836dOpLvwGzeoofmg1w==,paga
cxVKJk1xWONZm4Iymc42lQ==,paga
SjN1IK7Kl2YfufLf1E6SNQ==,paga
FiLPqq0t0RFLXiloId9fcw==,paga
lFM68q2dWqhpNEwxxG8OrQ==,paga
p4qU6Zjd5QHQc/Gpm5tUtw==,paga
fzKu7u5YYEts28LG60GeMA==,paga
NNKP63CwNftUbVsowRNBqg==,paga
2Sq/E8QhwdSpA8CJMJ71PQ==,paga
ttcUdichOVtAa0+VgsJshw==,paga
3/CkCsGp5ylF7jjNdiFaVg==,paga
Iecy/u5A2KkKizAJzrw8DQ==,paga
NnHAvRBrr75oAuL+7q7lDg==,paga
7eac2wkDz+rj8J4ZTOfWHA==,paga
eRTXP9bh4K39b91JFsy6Kg==,paga
4cjZQNIClDHl4RXe1oH13w==,paga
vI9ebtmm9uEQrNlPvaM5yA==,paga
mgL7mdAQVTFG8qDlp4l62A==,paga
1K1kPKrr0Abp+k/HlgVUkw==,paga
tNKFE6AQJT7piPt2voGzZQ==,paga
rsbhaFpA52Rc9AH2vsN2mw==,paga
mFde3Gt9ykKXxk4yVr+jhQ==,paga
/Lt2GN2NIMOQLf1W7NyatQ==,paga
EGTTuFISn3yvHGEh0IFWXA==,paga
bdlQjzPhleaAokd38eyalw==,paga
l9UVhx+9A0y9Le0IYwFtIA==,paga
uFJja/cR7WamMinWg5WLag==,paga
uh0mA4vfBZ6TD4zKlAJyIA==,paga
fQV0Th+DxwXsLnHNI51R3A==,paga
c8aTAz8vHBAn6g2DtnrULQ==,paga
b1slOIJZhK8cOMxDoiKymg==,paga
SrdMu8DwGvzJ785egRA/cw==,paga
u08ThoOOjF8+n75GrSd9dg==,paga
u/kf30OcCX5WzAqptcugSA==,paga
0HS08zUKsX798c1HpNE0Gg==,paga
9lTOlqUN0Ar9BiPJgXDXtg==,paga
z12sTjT4TQoOcTxB6Z9dsQ==,paga
AhDfKL8iDkZuW+NinOFE6w==,paga
KYY9ynt8iVFesJvV7x8hIw==,paga
p13iXeA5lzalHK0yJjs6Sg==,paga
HGG1Zf2rWW+W6fdZrdQiBw==,paga
HuGrWi+dxLt9Nf5kO2iwzg==,paga
bFDApCTqyi2h15rN6g0vAg==,paga
5xE8WvA1tk5NX6cMSE4YHA==,paga
kHOSOnCWYIlK25Dkj+YH7A==,paga
LayO3jkGhVj2HnRmTxKxuQ==,paga
UUfW1m+SKgfCUsireg8cdg==,paga
xGEFWgzni+fhM96eYzy+JQ==,paga
vrQeqvbpDit/buVsPmcJkg==,paga
cyShIC9H5KeNGQhBpTROMA==,paga
rgMNcduspaRVq2RKw9eXIQ==,paga
WjFVAs1qaKP5TftOg0UxTg==,paga
u07KYEz33tUfRPGbHp20tw==,paga
FEyJtZTcfuTTtC4orlOY5A==,paga
5zlYHNGz5lTujfq/V9GKBg==,paga
/sirYGOObJwvTQAQ6p5L/Q==,paga
lmKvTBtaCYhq3KKa94NzNw==,paga
8HaiRQuXOSZQrlvpRtTC5w==,paga
LH3XtgEyVkCJIAc3WAd8Dw==,paga
Qwk73pWViilxbMWMMzZdjQ==,paga
wDjc9j36JMvpkNktYUkTBw==,paga
0oPiyfVvXjE0F7Ld+1zoMA==,paga
YbkWWmdKvsmQrWLtEgrygA==,paga
3X6H8/Nct1D5Ypi5jdIzZw==,paga
xymm9O3ZASbLIOwV+r4Tmw==,paga
LKi9LcDVmI9jF6znY5UGvg==,paga
lB+Bno6H/A1JRGsKiyTQCA==,paga
8usyFQjFHFgr3gZO+AeNzg==,paga
Wn45jC1uNNWrM2GTOgvvNQ==,paga
IKhM9cAwZnWRKG7eypuGow==,paga
gvgooDjFjABJHiAl7SHMug==,paga
MQ4LbhljXtLE/5/ZYgQnsw==,paga
hNvkoI5dSxo5Q7GnlMmBuQ==,paga
lg0eXMM5rUbyIW5k0i2sbQ==,paga
izAeZK7rXP4pWUoebvpFfQ==,paga
0GBiPLsfcXBNixE/ao+r8g==,paga
c35D1mzVorkGlkCwp2ctgA==,paga
BgPiVi0yMzD2JCYYVOUWyA==,paga
88Dv6Q4LmpaGT8Y/8f97mA==,paga
ZslmPqDczm1Ik88cDV0vzA==,paga
3mU7b2kHDA5z60XmVgsBtw==,paga
g4efiGOoKSTB9wWH5CMpjQ==,paga
TOZGVzTfH9fSvkcWv9mSvA==,paga
xpZdcXKsXAtsV/c+4oZp/g==,paga
OGlVihXXF2IyKFkCE8I5/Q==,paga
yvJFEOgWbeVYuuDTnoQ52g==,paga
VqkecTsxHPFsE852bnXE1A==,paga
DrTAerGLcdBwPrf45csfeg==,paga
KjfFGRtXloq5PBKzNiUZAQ==,paga
YXcqCosSj8V1ZBnduWvvug==,paga
cweaxTeH6f8sm2myBdIG2g==,paga
J78Rfgl718KKLRaQsgQAZA==,paga
o9iNk0mVFIG+xWPZXmzaiw==,paga
q4CmDERBWJ31bcgooRwomg==,paga
FsJQgilEN05mDZNOuMde4g==,paga
zj9k+ekiqNufMGhamLBAww==,paga
U2228/+DNOIfK5N+nDz16Q==,paga
aiHUK8HZ3NEoY8GsxKxxVA==,paga
AW4erG5K8Ok6svh9RZWr6A==,paga
Ki9sjljJKd1itku4u9ZWGw==,paga
eMrsHNctHVCWqXm+39fDgQ==,paga
qWonXWPxieKPC4/i1ebM3w==,paga
qU5JbYREdzeiS2rkGAh8Fg==,paga
jOsVX39t+9ZTLcU3VUYR2Q==,paga
+RbGK8Y1Y5Z8Jmy6wDCyyw==,paga
PfxMIYiThWPP1vcux0FUxw==,paga
Jp17vhmdwWBts50I2ThK6A==,paga
V/yQsTm8kWbRV5b/o+wlew==,paga
TCmlkBRZcv5SMR1C4pyT4A==,paga
35vNphX2YWlVQnxuwqjrpA==,paga
st2e0rVrXYRq470swQ40jA==,paga
FEPJVY+HNY3j93IvAe9fug==,paga
zwpqtI9iZpo0UoThNd0zxA==,paga
DdqiJK3LdZipmVh9EANing==,paga
lX6Ht0l7Aoi6vxciyieECg==,paga
X46ypLgz+PoCLZdXPdja8Q==,paga
zJw1y3mzrt8ZKh47WjM/8A==,paga
tfmdiUJ59JZqnqkD5lacPg==,paga
bAJwd8wDq3zv6ueGPYEdaw==,paga
17u17TxQbikyVA+CJEUr9w==,paga
R8Yk2YmlSGHZNrS+MIX4Hg==,paga
4W6vA50djJr46CBC1N4ZSQ==,paga
1dur3ELl4nov/RnAlbANaw==,paga
e/920PCcNavc/y4aAoyXPA==,paga
xeSj4a8A5WFDe5Wz6a7h6Q==,paga
yKPOkmsIzdUFe7+YPb6uQg==,paga
/wfGShrHnWwdHKRjK3fpZw==,paga
Nc/96hEUgJQlZkQvbRhKyA==,paga
47+uWoG+C8TyIIGUd9GN8A==,paga
dT9N2sCcbcZoRp9TzZGCpg==,paga
rT56TuTK5MfSIYa4EWU1Tw==,paga
h44CSPDfffIP0O5P/Y4oZw==,paga
BMi/n5p2vb7Bt1Ptdmm6eQ==,paga
+RJPJ6/cHV7MYW+CZWIfqg==,paga
LnzyC/s1Nz7JvwWQdu22wg==,paga
/RXaQBos6aEF1sYy4/Hrsw==,paga
2nydHJuTi1yIDq0Nea5kwA==,paga
VR9Avv+0Cjr7uhbS3I4Wpw==,paga
xJR1Ver7jE5L7Z3/aypngQ==,paga
Vf6JBoWZlsz5tTbsba7dQQ==,paga
Dw1TpXaTGugoN0I9Fj9kcw==,paga
sq1MK4Zq5VtyCq4LCKd8jw==,paga
NJK7BtZlWUB1hiRMrePEHQ==,paga
gI2HSuDgNRLQcfL00bS08w==,paga
6sMen/qxwcqFD2F9iQ542Q==,paga
LiG+fwYx1kwt5vZIBhhQTQ==,paga
qzSHjq4lo2quRQwkG4M1vg==,paga
caNVen7WcYQn05SVPTUfqQ==,paga
bq7QeankIihpnK6lpaIETg==,paga
51u5Ky7R06Qxo407UIwNVg==,paga
cWeJv0zy3EeKfjJHB2W1kw==,paga
50ywZ3c//FdC+nH5wmdrTg==,paga
2ezXIW9lGniE7pPqCGT5qg==,paga
SvDs/5S+GGiWtrsbbW3SHw==,paga
ysPYdsFHn9hanEPcLeEEbQ==,paga
yE3SCtltXGjjPxXypDUMZQ==,paga
liRkOy2uWfI8mznE4WGiDw==,paga
6JujP6noubM8cK90AkUWgg==,paga
QsB5skCesNv6gbIFQK9Kpg==,paga
QQrBGT5mARrMMH1f4QxPUg==,paga
gKk9uJOHzcQnHFO/Y402pg==,paga
2lUZgiKhBePRePsU7YOU1w==,paga
iEXvnOvwHjaSQgioIGQg+A==,paga
c+PRsJCEmhh3F8dhLAwPVg==,paga
6FzfTe5jadllVaHcy0BLCQ==,paga
ee0ucLG7TqQFwY/y1D4xXw==,paga
Bu3WbcYt3RFBys37eN8Wcw==,paga
QUXbnzNFjGVJ9e5lj77x6w==,paga
Yb75b/i4tmNg8ABYA2CDaw==,paga
lkGiOkJTsCo9bJwEyzt5ww==,paga
lq/68oxNAhU9R52AkQGJLg==,paga
rW8QIPanmzBTSsMCnHY19A==,paga
Z+te4g0iFh+I4VfqXFGBtg==,paga
RakVvkMA6k3RffbFR0aEhA==,paga
xQ4yIaKcFnB3fmsgLwx8fA==,paga
0zjM2xCjxwYwZIoedpQU5A==,paga
5+bRJOWjMkZQZkgWj7XjqQ==,paga
s6pl3yCh8NIHogX26560cA==,paga
C12XoxhgnT8KVDyEwgxijQ==,paga
fLIAzxh/HGkAueoeC4iR1g==,paga
H33q3AeD5gidnqZw2z0f3w==,paga
nF2OJQAi2Q1U3lFgsaJ1bA==,paga
2A0IVcSJhy+W0XtkjbmQMg==,paga
dfEhnT2qE+kpCmRfy+73AA==,paga
454yBowKaVitINIqTRuCqw==,paga
5bEK7gVYc7VCrNx/0XOoag==,paga
D7otDtbgDpEOfRyBudCuwg==,paga
My1SgyHyvG4/tsURyU2xfQ==,paga
3xHc4SxZlj//YkRdhtJWpA==,paga
wiqsdM7aT3Mt7IuIJyBNMg==,paga
vDmlj2UCNKDNrTHMqdHsyA==,paga
e4gOOSElfaEl6FcETB1bpQ==,paga
tmVfY+dmGZR4ArG9Z96wBg==,paga
FIJMSYgiH4h6QEx8dVAQVg==,paga
hfy/IC4X9SKvejzAymfB2g==,paga
IPtxN9WrCMOE3M206eTptA==,paga
fcIfIEee2rlIS/jzB67r3w==,paga
5lAzzxm7Ooc1oBwMgX8NMg==,paga
tlSx4se30WmDexcQPrSIrg==,paga
Sgtam/puabrLPSCFhn9EvQ==,paga
E3W9GMjFw38YlYcOzE7U/w==,paga
HfWgz9DzWnqRfnr/1TTITw==,paga
sVKiB3/bnZtp5qExPDMAlg==,paga
zLmrQZPPVhqwQL+QCNgOwA==,paga
lCs91TdILM632DZgoF3Vmg==,paga
zFXCaARiVQKIao/DmbMFIA==,paga
fgQxkXBqyowkkIIZR8e0Pw==,paga
YCLu617EYI7CdwLl8/ZWAA==,paga
/ECmhFp97kGCnmL9euQ5YQ==,paga
H1iMRRqDkmW5urFrX4gv/w==,paga
UZqtB8D7sCcyAO9K6PnzEA==,paga
U/PlWlIsw7OU5bW0Hbd1Gg==,paga
shzPnr2EtkhrfYI5mPPPtA==,paga
Xn21Ts4piVqMmbGY6neSjw==,paga
YJz6qeOqj2DyJaGQQU70Tg==,paga
wqkOPzqJmr4ih5PjQSzlxw==,paga
R2Elkn5kwapP0PMiZpat2A==,paga
Z/sCccU0Y86ACKIaurKqJA==,paga
QlIirqdEbUpxC0OsTGdL0Q==,paga
svIcTCyt6fcVFrTBNNoh+A==,paga
fkxFOVz7XEa2dggnrq8XaA==,paga
ClmUtWxDIj9F9RlaLovnAA==,paga
u3bzVl5aPFh71cgAEs0npg==,paga
fQya0nTq2e3pRiyVSAL+Yw==,paga
9ehuyAxU2726XnpZwKGhcA==,paga
c7Y34i/rGaE3tek3OV+Pxg==,paga
hvwFgfhyG8JPSH9WT6MNTg==,paga
kEb3HdE2x/aDxla83W7rsA==,paga
6WP4z2+wReQOAiVMCfcLzQ==,paga
PRPSRsJctMbQZiD7Z5KeaA==,paga
PW2/rJVavFmYe5YzaE/s7w==,paga
92voP654/DDyYMYGY65Ctw==,paga
EF0yO2Qv43dSH/1G7LT1Mw==,paga
51zaj5lrIkdyPV0QVx85pQ==,paga
YqBotNcVsgNtBEp6DBebEQ==,paga
HYLNcEfRpXqKpL/ckayc5w==,paga
PAAZ+6CHxcu1slZSVGsc/w==,paga
L2ulnXdxR0EsgRx43zKqIw==,paga
+K2EXqBdumPm1HnXud3WQA==,paga
8+Sp3B3zZ9HF3JAGu5zgXg==,paga
D0ohSXAESNAhd5ABslqMKg==,paga
1FHKg23ssff7pW4030rXDQ==,paga
119PHlh1ddsEA7hS3xeq7w==,paga
D0nF4gOL2c3AR9WOaMsU0w==,paga
3rnqDKyGQDNK59xCQV3KgQ==,paga
J3KISigYYHVDE/aoOwotjw==,paga
+l1AdwAjwyAy3gn6kkRJXQ==,paga
L6pkLoZGJds20JUnLgqbnA==,paga
NZQJrStrUdv1JrY30nGlSw==,paga
XqMJjB0opCjdA8OAGsdMKg==,paga
QPlkfhluNFrxKCxMUcaehw==,paga
JOIJxtRk0XqT8M3ElTozhw==,paga
1T3zRuM3ROxgJgE603yqHQ==,paga
RZBoowWptZBJir5Thc/AQA==,paga
vi5lcmvrWUO6uxdafq1R6A==,paga
v9qA5mfMtAhI76ja3SBBRg==,paga
O9z3RxrOqbPOTnMUV/KgoQ==,paga
CJBgPsOirBQHWVfgUno7Nw==,paga
CUvow8Ao2EfdvNFyZlqh7g==,paga
9/Ip11vsFGUAvkzUKyaw2Q==,paga
rqQHJW3U1hUOMq1vu3ci+w==,paga
j1xPxg1ADjV6121s4i2ang==,paga
9SiM7+t4r/PvDeASDEsNlg==,paga
HG9y4ahkE2tVYqS7YlY2FA==,paga
SSsckjqHccB/u/fWVaAjsg==,paga
VbaL/EkZ0Se4/Nz+YreTkw==,paga
+/rcXn2aS+Z4PyPR++TEoA==,paga
Ssgpsz/yV+NgwjX5TCk46w==,paga
hnXtiqVpTu1tUX3PtGx+9g==,paga
a33UbYmhZVhcJ+z8R9jObA==,paga
5xkag0WFA8EWKXfKeNPREw==,paga
V871LR2Ga5k4tyqU/9/RZw==,paga
Q0j1bpgybbsj40Yr1Rucqg==,paga
AXw/7UKAE9pzwn/axFjDGA==,paga
djE8uMhFlwilm4jLe+qreA==,paga
L3ABhQF8nji4RsN2FPYzeA==,paga
Hzq7A76njgCDiclzXYanIw==,paga
QOeOz6qcfwIvNqQKec0JgQ==,paga
clkhT4CfTiAQ3KcxUGVsSQ==,paga
nYtz42iUh73GcITMu5rXug==,paga
ykY3ym+2CcrTytPim98BfA==,paga
FJ4zTCyf3p8c9QafailklA==,paga
IonNuis+DPEW5jbnTLddQQ==,paga
d7e35Ui6FiiJiypgL615JQ==,paga
u0KSmcSKkQUSCVCs08UQ4g==,paga
j8nn2V7BWI+QiAofFJcyqg==,paga
qKSlm5hkczVtot597vcYkA==,paga
2joxCAZutYvCvGBqXFp9jg==,paga
7LENmLGpUlmXqMuKt6CRzw==,paga
e+A6LqgXchwTLJl6Pic+RA==,paga
13NAC9Agz0Y3ja01OLDqXg==,paga
vRSpIGfG53rK2vixw87W7g==,paga
Rdm6V+syfmr1nCbgizZ1mw==,paga
Ucd7GWBw4gLbmdTQa6/68Q==,paga
Ux1NPZaILRJVGMz9r84+Tw==,paga
IS9mT4o8UwmB4sIs0J+4Qw==,paga
3WUqU6nVeVFGiwpYGCr7Zg==,paga
J0OeXZFhKXdcn0y2J6/P+g==,paga
xWTZosyKGuorxrM4OrotSA==,paga
6bkZuzyHf8+sOYBuXrxTxA==,paga
UA6ewZf300aRy5EkVqR7dQ==,paga
czFDIK+F+ObTZXJqTunN7g==,paga
uPEZMKO095ITt9D7uTmEJg==,paga
9QrrrSHBu9N7HHXqHMiz8A==,paga
upvTyKncfu6/9AmZ73tptA==,paga
LJuXK8m9j0RBMpY+fWokww==,paga
R4nvARqrkb9u0LPVa/0yFQ==,paga
Wuy7d+l5wn0gcVfZSqBxVA==,paga
NbbaHeDCsoUNHYBZgQMyuw==,paga
pcc9Rg63ct4ROk4bKywfjQ==,paga
q8o0xDHP8pymcVr6rgHbZg==,paga
gLXFr1luiU/sTGpYAmaY+Q==,paga
TQ75nUxsY+tlLhIgAnmpEw==,paga
YiT6SZMQAfxvalUtYVlkFw==,paga
MsiNIQY8Qwp0ZnkQ1LoWMg==,paga
6rkcpXZJAVmqS3fsUBw4sA==,paga
F131gLlj2WSY/8LqEBm27A==,paga
Pjtw4CRCUNDCLsSnub/oxQ==,paga
xQBZzysdh49K1kKkgNioaQ==,paga
ZIH2GYM7irVCb1tGlXQjvQ==,paga
ITftcPNiTHC5yWPhTBE6KQ==,paga
xm/QyEqzyyZ2BRQdwmJu/w==,paga
+1z2ozV8h2ZrN3w6Q4lu6A==,paga
JywuPXLMxoKp15yPQQQF1w==,paga
PFhFYdcv7ejof+9gAXHkdw==,paga
KAyAxOhwUwbM+6UE1+AI2Q==,paga
xshC6LztDC/NqPxtaXszWA==,paga
+nEwBUo0G3BwqdDxdVNSLQ==,paga
mHF2mgpztbS0x29H1DMQCA==,paga
zi3PYZTkHJl8qFP+w7iupg==,paga
XSWmk4bTCC+S7OHe7fsDhA==,paga
lniRPpOZ6owFz1klhExBEA==,paga
0bL21gwY+ZeoCNPhM/BFUw==,paga
FAWN3X94dHWLwLmqEu2Ojg==,paga
HuokOb2Jby4ZHl2TWrVm9Q==,paga
l1agcAPFEnBHKr7q1e2cPw==,paga
lbhD0MUnB40qKgo37QxGoA==,paga
YP1vpiVG6v9jPcik/mKaAA==,paga
rNEObEfAQglxK1DFandVqA==,paga
voYi19V0izIxn21E+rO1iw==,paga
TBcCFO5hkQgpuU35SXPJ5A==,paga
TYKKMwx21xIB8G/76uPo9Q==,paga
Y+aKBaV65Gu9OhpTT9ewMw==,paga
d+Fju/1PA7BDGTZk3HuOWA==,paga
BebkpfijslfTbNnIZPvyPA==,paga
Jw32iVtUIiWik+9JeQA/dg==,paga
aVNoWs7FyYLbJ0nQv06bmQ==,paga
XDCzMNZrOiR+2nduXMyjtg==,paga
rfYtgkI/p/1A117NvofKpA==,paga
X6jv6Yi1cYpnkbjzHSyKXA==,paga
WtTrVF4k0Zmqy/UYnBWeug==,paga
rnMUT1CFyHW9JTrfoRONHQ==,paga
tOWXqL4jhFXxt6S/z0KWyw==,paga
uohsuxIqK0JugXmlKZLetA==,paga
iHjoSXl+rBT0nuArTk+7/A==,paga
9GVemDJTylGX+uusmc5T6A==,paga
+gZ/i5IBKfV8tpuH/jd/3g==,paga
vVDs+TNLUGrJNlUSsKOClw==,paga
lqCuULjBd1uonBJjC031aw==,paga
OrNMu7tsL4y+1vdd2GhUHQ==,paga
YSnhZNct1UyigZehh+H0Ng==,paga
CRtABMKatrItYrT6eYGtQQ==,paga
nsTHTXdoeuwxnwE5RftWBA==,paga
fUIBH6kT9bEwZ5nySoAayQ==,paga
yZWR8m2bGQtS+TGm/Y826w==,paga
b+NgsDI3ulEZ9OuCLfMaKw==,paga
IJNRAraHirHcJ5mNJpZyVg==,paga
811OM6GEDFJJ6r39F3huBg==,paga
eLC4SvJVYZYb/4FcP+CUTw==,paga
8JLi3VOQzocrxh+fsAI67g==,paga
gdjCQRdDm9vYYTgDELFLtw==,paga
/yxPH5BQ3TwWUhGKQEIoCA==,paga
SuxZMNJbPc0Y5z47oTmWcw==,paga
dnVhgskdJFgHY6j4nQf7vA==,paga
CDOfOJyPBvH1SDT16ygiyQ==,paga
J03pXD+knvUxPW0HOj6wug==,paga
fht+I0ditHfrcvvdhaEgTQ==,paga
SnA5s7Yjf13jp2G2W5/fAQ==,paga
bwckgx9J6MUSgzifUFwPGw==,paga
YOjHF8Sv7weBBtjNiMXN+g==,paga
h24wx0EwHApl0RaHfxT2xg==,paga
WWUpKM43ak7uhLBG3gMGnA==,paga
/GljEtAczIqznjOaYKbhbw==,paga
2dEdUuu2ONOrJJpcqy6xhg==,paga
AZDhH1149bcNttBjru3IsA==,paga
j0muZMUNGpvFy50SXECkMw==,paga
Mqhd25vVo/lJZwKVdEIX5w==,paga
+FNH0qwatCRG1VGj41OARQ==,paga
2mA3YYMz0wtlkx76A8drsg==,paga
JiKwL4eGDyjtn9vW/0RDCA==,paga
hCyiHwiPqelafD1Uq61VBA==,paga
8l1NHhjsirgocOGO7XLbhg==,paga
REjs1Gj5oTj0QDCDSy5xSA==,paga
SdAPKZGJ9gfrFKTq30i+cg==,paga
A4n5yvpsDkyOp4Ngvi+v+g==,paga
RGYWDcsIuefp1zJHIlTj4g==,paga
2x9w7m5DZrvuzRF6EBJo0w==,paga
NQ1494VGPU2sa2wUrgeiog==,paga
OnnO8JS5jMXVmB/3yX++5Q==,paga
IurGyfn1HwDPWxs6k9wftw==,paga
e4zgf1k9dP8F/8GeIRYJAw==,paga
Msf9OI85r+8ZvYtMpEIoBQ==,paga
MN2l2bOSdOfz5wrWtDHGzA==,paga
3C7FGRb/f5OfgSnYwVA+HQ==,paga
0ACvs87JkbpuT49bsSimfA==,paga
xZ9Z9MMNS0454ELx5N2QNw==,paga
5/XI6MMs4gv3vs6QFm6AfA==,paga
4rWyY9+AEraipzDXtLGMjQ==,paga
QcDCf+f2D534RmeB3EiGwQ==,paga
TDtzi5xBLSkAv1UkXFvxkQ==,paga
BO8nLWVHxsutKayQQtNyAA==,paga
OpcRAAUvUOvJIq3h5kgEBQ==,paga
3/zS1Q2zovXp5On8VYo2GQ==,paga
7l9gor15sEEaiu3QUvllwg==,paga
CzU3lcQeb4XSzYQK+6TCVA==,paga
tsCBKwQvDUnNPp6uh/6+fQ==,paga
KukK7Qek9rnD7+XXnMxlbQ==,paga
d62q58h/cBqP+yFVaCyGXg==,paga
Dw4B0QMS0F1LJ5PUCSgR8g==,paga
vBHHnTc6d2X5d2iM3nEgug==,paga
dStOfdYX55JwCOwFnsjsFA==,paga
GZb/OWf71RvmNvJmtdmx1Q==,paga
wGpDPuOihWjLd9SA6Rkk3Q==,paga
bu4XrIbiLHaQnk0+IKMiZw==,paga
qWp4rri3EFfC/9FhOOr0Ug==,paga
e4dm/WnaC+MJQURvskvSeA==,paga
5YFdtMiVDapWVT7BY6qqCg==,paga
pLyRC/HR4MjzLAJsrWIg1g==,paga
4hKLEiKo3gtq7ks/EJ8Hwg==,paga
sZbwKw8sB7I1vDPKNjs1kw==,paga
BJvXuUjQISekO0RuZpX36g==,paga
8shgXBzLwnE2E4mbFnqJYg==,paga
Vu1vprS6TJat6rO/JNMjsA==,paga
XPehk/PgC9jOXlRsMB3Zxw==,paga
EYux8ieJKXysICrhQP1bSA==,paga
X6B8nmmN47UZ3rX/Wn1dkg==,paga
fiTdfl+DHqpWoQxn5Em8cQ==,paga
P5aV6E2iX7Jq2dMizWgm7w==,paga
rtTI4L+E1oUuDGhqgPVCBw==,paga
SGbN2QsvRBGx1sEKoanM3Q==,paga
Vh886b5OEdrTwUDw2M3Kwg==,paga
Gcp2e6q0cN9wNDLpDNDgxg==,paga
il8Agh11vHXcYdiUjG2zvw==,paga
W2XT85F6jvOz6BVHLBMtCw==,paga
hUcYNpfUuxdV9Lr3Np+rIg==,paga
VHsisOYNVIzttVlmUjQgvA==,paga
5apvpLWxy8UWpHxFRgj/IA==,paga
r8EDATr9x5JMVbkzL3Edjg==,paga
4Uvhz8RBbqj2VyB2eR68TA==,paga
qXF8y9GpncTyH2gNTnnyBA==,paga
Rk9mtQyKSZjR2rT8bfJCQg==,paga
WR9ANfgu3cXYKEBV/15GvQ==,paga
g6tFqLvW0hSQ7kgu+rdaNA==,paga
4mI2LJLQOCVd9OfLGvkUPA==,paga
HIhNhMiGm8lWfhZoUle9iQ==,paga
Kjp5lGynbu71x4r4l/vPVg==,paga
v1hB5Th2S7d285lh7JpyOw==,paga
EBrPdhvgAnfQmYR+FQMaQw==,paga
s6kL+yj0YbEk/KuNbkMcpQ==,paga
NcUL5pMwaqou25WhiRYJDg==,paga
h3G37nN3X2rDTNT/fuCXxw==,paga
tSJ42GxsB1jPScQmJBgOCw==,paga
Q4o+U4WYWrUCyhZPuDB5uw==,paga
tL25dvf6pmLQVOkuu1ghzQ==,paga
JeJbROmHlBzzFM0f49qREg==,paga
QirNzmLVbkXjm3t/Ej09Rw==,paga
mRQOsuaQPWrXe+I6OSGGKw==,paga
LtYcfkDts7QqGlrOFmNVCQ==,paga
o2rnjR+iMzTrIiasx+pUrQ==,paga
yyzjW/QGZu2hZBP3xdIj7A==,paga
k64Mk+4KsZqe0EQMP0b7XA==,paga
TP3WHqweqC0MDyPXtaQthQ==,paga
8cbypAyPPBtyuVgsz7iU1g==,paga
+3+26Rjr4IwB4SbWqaiYqw==,paga
kTQTX0Km3Vw6T4dyG/pvdg==,paga
zIo0hLm17lxnnabv5amtRw==,paga
BXlPtUvRXU4/rPtFhs7l3w==,paga
h1azB57PEfxjMYoNREBBvA==,paga
+lndu44u3MR9+irEpizxTw==,paga
I1/PLQO/3IYvFdf5GGp23A==,paga
6gShFHOPijyUjpAb1MpBAw==,paga
fK3g7Aa2Tc861nv0uBCVYw==,paga
0pRN81Yrxa0DU5WerXKsVA==,paga
YGAc0k6fJmgDBAc3TGPH8A==,paga
kqDF8kPc8KfxWWAwpkItVw==,paga
jztgwVyvpv2I5ZmG1vKxQw==,paga
vF/GFU2Xb5P9cmAt8/1yag==,paga
+lZicYpCw1U7I0tOI5y1hw==,paga
pTpWJdwRq94W0Foi3f1q9Q==,paga
BV4t8WDLpWGsBYnRoESHYw==,paga
MPW/Ek7rQtQFXN99OQwHqg==,paga
v1wfNmHI9BpcvbiIOSb1jg==,paga
IkJ+cgxKg/H8jGrw/l+L9g==,paga
0gC2ZxEsu06H1S8P5vpOBQ==,paga
AK4Ys97hFWwEkInnt8eI8Q==,paga
JhyWpPPov3pF8wjZE5Y5Xw==,paga
L4BQONl7nMgwwIgBil4yHg==,paga
k4dAJEbO8JyRDqM5pqYMqQ==,paga
E4rCUBDd0e2KnL5KxT3zVA==,paga
7Zxf2Wu5coK7rnrYgjM4gQ==,paga
6hwK3tBeMmsAo2z/ajoAeQ==,paga
IgfNt4m+Ofv+s4aWTs+jug==,paga
DgH2UipdZMySDujwimJMAw==,paga
XKwx0P5hePkGrqPcgFbusg==,paga
QgxWmZGcVrvzXKGE7/mjYw==,paga
K8ioqI2H3x8SZn4i2mFbwQ==,paga
QG8PO+OP/wzf28Ko8kpiig==,paga
c2QVjjko6sxNpzGyvc1XrA==,paga
4hsHoVwz2kW5MJambVqEdQ==,paga
Re21SXNBFBiRhaWB2Qom+g==,paga
8C5vxIDMIQY9cYKGycbb8Q==,paga
ln7ocOHKB4hz6pLP3mfA8g==,paga
v+O9K9gb761u3gCeTTHf+w==,paga
WgaSpTL5zj1Z3EOUraDolA==,paga
Bhb9mDxUP7wL5yfZ8WLnXg==,paga
K9BB5olg3nLZ2OF+SuW+WA==,paga
2m33SP/oDUrgXceReMtc3Q==,paga
VqvpqNj8eEJKdUpCZbrTtQ==,paga
+Y5v1xC0XfUeMRpQvoBb5Q==,paga
oIAH0xqyp6g32mSUHa+Y4Q==,paga
M6VuvOiih+5RRR8EvBzQiA==,paga
MzUl8scZcdc62z2FVUaV/A==,paga
0hrEEbSC7SPqLJSZwaX99w==,paga
T12CXxYIOdfBriazNVpDJQ==,paga
MAGOLRCCibAP972jl2wsww==,paga
pVyo31ZzQvAanMhu+5s+Ig==,paga
qouHtDG+NP23zHNg/NJF1A==,paga
aqs44t4wo4xDvjVspJGgKw==,paga
W/8pvxW/wPDxyEE3SNgFTw==,paga
nLHEVw8Hn27QnlcEmHUwOg==,paga
Dkyakfif7cUcViQVu0fbEw==,paga
gMwW4y7da8QAOBE1cPvAsQ==,paga
SA+dv1fN8kM1iYWW3PFucg==,paga
fn6Kb+/n5GAptHiqm2Glug==,paga
HNCB5RT9UJOgz77DEpzB8g==,paga
Vt50aW+9t26B6ENsOU4zIg==,paga
vuXFGdbNLwKE1Rd0U70/JQ==,paga
G69fLVniQr2LxTP1vjt+Jw==,paga
kKdMB+Cw2z0jjAd8jFp2LA==,paga
Dx1LjEvc9XHlhc1D8ses0A==,paga
Hjv0WGdz0/TzcI5nopnsHg==,paga
7QzHnyL1CbJSVRVTOupzEA==,paga
Dl8KRvCXxnjgs8Ei74HQng==,paga
wM7zZ/JZ754xkgXoAdO+hQ==,paga
1BzXMLVw7burltlvgRUanw==,paga
YrZU8J4AFwgUSb+tkM4z6A==,paga
cAHiD63JSLYR6SH1cVTaIQ==,paga
I1CSjGRX0MjHFxtXSQpCWQ==,paga
I3HvvDVd6X6occR7CtWzCA==,paga
mCB8xxsQN9PeiGy4gGqqWw==,paga
cZGCtdURpa/k4tUk9EvfyA==,paga
SJh2KcrjQ3GKlZC4sxrzQQ==,paga
gs3+umepT4JmOcDOn+jc+Q==,paga
ibskMvM5SLhUbiMvnHrwAg==,paga
hi7VKFJunefKcfbhYCrqXw==,paga
3k4a/OQK75o+7QhJ2TZ5aQ==,paga
UK79Ra9ZICO5n7FZSAiYLw==,paga
dbgGUqaOVUwjYGatHmiwdg==,paga
/X92aGlMQqpYT4LbPbvDWA==,paga
0gIf1F7wNhKN/8Uu8TKHkw==,paga
sjgYs4lsnbFr2hETXAoe4w==,paga
azjG1Ia0sdCIKLVPSKBC6A==,paga
oDhMcsaAp7BZHGJ9drDwmQ==,paga
PB01H2gAymycdAoI38RVnA==,paga
qvOQpgneSh2wz1bdyYi7Nw==,paga
LS1gRxoh6r2cTeY/Q2LtFw==,paga
0+N7e+OFtyk5uoOQyO/ybQ==,paga
0H7yv5VeaISOhv3NOJpNFw==,paga
BffrR1zWOI+DallIrE+nSg==,paga
I6s0mu6hspUzobqiiJEfcA==,paga
ClRPHza/3ab64spJ69nQxg==,paga
lpLkUXuUjBoNmRBxfo67bw==,paga
m5TUUL3O1C4feCLEHRFluw==,paga
XWLBYpPbLKhVMg959lShRg==,paga
CZaNYzwZjcpBdRhtR3A0Zw==,paga
B/ylVdMjlh/OpisXGPWa5Q==,paga
H4/g+kyNqwxx3XLBHpT8DQ==,paga
VSKx2dKlWFNaOKqCCvEOMg==,paga
DbVgdgqN4lXNPh6MD1RjnQ==,paga
PWS7vLtYDYK6Zy6ZmMRawA==,paga
phRVYh1e53giSkRcCCEMfQ==,paga
UKiY9EG2ATQmWkMlljWhLQ==,paga
V0UWpw3j+zF6FnQi0uJFEQ==,paga
8w5DNnfEmfoyfpqmPyLiRg==,paga
trkx4A7lCRhezfZP1n3J4w==,paga
FbEk3gLvVzToJoXRZa2hKQ==,paga
/WhoNu0nK4Crdo46YELpVw==,paga
qdx+pVO2BoMpDXMPGaI7Zg==,paga
G12BD3YSqp7WZWicge67ZQ==,paga
W1kbmH0zRZFwZmfmM2LU9Q==,paga
afRMgW9THoB9m+/tdj2EtQ==,paga
fEefTrSBGwMuOW8WDUvfvw==,paga
t3X5TA9SJ5dYz2tL02jHXA==,paga
6otsrb0m8B1uq/QtqnuFhA==,paga
Ppno2F/2E9/ccZZ4oxyKtQ==,paga
DbR9Do/i/JsJ/Vw0wqzvIA==,paga
YXb34ZWeARndytCJOf7D9Q==,paga
/ety8M9O+2ptdEmORSyQyw==,paga
s9CFj8tGMK8lsZL714XeNw==,paga
y4KGFnCpjWPRwyf5UJkmkg==,paga
0NOKImiBj6VJOoSfqrQZ/Q==,paga
BRkQG6wjdBlWIOq19lbB+g==,paga
7AWlscwHeJil4Nv1Ou3XAQ==,paga
MeyBQ3MI7WrJyP1n0F7nXw==,paga
MRk8oXlLiE51nXR2qcpQ0w==,paga
J3C1ONzDOeaqe0kyqoFXZA==,paga
jxfElcmA3PATL6IK4QHdkA==,paga
g08kFmqSxZHQvk80wLIahA==,paga
2s1WOckiJAbX4WegJo+rpA==,paga
bovG681SGvc2yJ8cu7u97g==,paga
MXb2do3BCZWQv5SWXNy3PA==,paga
mYDLFRLe8dDM4oSp/mhEvg==,paga
Wmeq5DSS08bV4D7NMji+tg==,paga
0jL5Uts68x9EjHMMrayzhQ==,paga
6yKbgOOCEGisy+FjiEcwig==,paga
FSRC98W7dQxgMSD29o6YVA==,paga
0CTz9GKdRlOJDrtkLnF5Sg==,paga
Q9QT9bkbhAbScMW/LdAnKQ==,paga
ISs96TyPuYRvvUTSYvYZ5w==,paga
4FrxeH7hRMjWG/r+Ewtnaw==,paga
rjmzVWfZV6CzZpfm1eQv3Q==,paga
0m5SkaDcsrznTAL8u0X8hA==,paga
FehcMeTKX/jpYAkYtgu5Ng==,paga
E8YioNAjY0zuLiD9kIVjpA==,paga
K+20Jii5q5J8pOgup278dw==,paga
VV13CCtWN7cfW0NW2K4pIA==,paga
FI06e3e6gIV6+geuAVJsaw==,paga
i7GX0b/RA2cN0FLewUt+uA==,paga
F0zD9JL/Jgxv4uU2xDbPAw==,paga
MEQYCbvk5vkpwIgeL0kz4g==,paga
3fP3XL54cM+UcxWeD42ODw==,paga
rUvkBqWdbUNcHMceLod4lA==,paga
qHcYPjcVpPKrt5V3J8q4Vg==,paga
y0+htbQ9Y1lt7zmYFhs39A==,paga
i61RD62ItQQiFPLenFJCbg==,paga
E6RlnZty4J2sj8MyfbRLeg==,paga
5k9xaay8AnauXC7N0zFIaw==,paga
KdReKRM9mruskGFlM4YuAg==,paga
EJOhS9oLe0qOyTD8p3y9Xg==,paga
b4FEEHcsS/wBNmIy8QOj+A==,paga
RwInHFkuHPwZECQj2XonoQ==,paga
bjhdS11gIRNsIhClQPktKQ==,paga
9mwsjNOrEJLraBb25uHQQQ==,paga
7W6slszuJWX+qlyiHgoUyA==,paga
h8vTuaPaDzP9OPzZWIshoA==,paga
TrRU1G8yApRHASTY+jzz/w==,paga
pim0FKlGXjdJEfFBEilt9g==,paga
yCYMgiTAbHyTz6XnjZT1Eg==,paga
WM37FdX0X4rUqyZd6E+c8Q==,paga
KUdfX0HgOaK/Ap6TturLJw==,paga
Xyxfea73Dg4I/w0qPN8kWw==,paga
DMvKxVxSX+kDy2ul4FNVbg==,paga
cAaMM2BpVrfk+IqWsjIh7A==,paga
bF8UNcW4YuD9qyRAKmiGSg==,paga
5s2gSm2M9vyJSSGrDQHyjA==,paga
F4rgzg4pdz7R4YdDmEVDpg==,paga
JrTjpOBxiy+BxBBJNpZdEg==,paga
58sjqHibcHddXLcVurxhow==,paga
uNFh1gxOEKijzWaFpaJ6yg==,paga
YnFOzk3feAQSXPob7F6flA==,paga
jaz93o4F0UjOWE1BEvlN/w==,paga
B1WXWSlA8tScAaLUxwTRcA==,paga
Jx4oe9ODZKE5sbW+KDu7cw==,paga
2+D1XMlGbRHBnWx24y6Wjw==,paga
MwTEQh628OJTi7KUNWj6ow==,paga
2gevoYKEsP83UdEGbDWrtg==,paga
WQ14eGt7+oLLU33iDSo7+g==,paga
kBa8Q8k+PtWZzBNeG/xyew==,paga
aQeXUZ+pMxYx69i4t1i8kQ==,paga
WaRBif1rVQBZ/eFhSwsjEw==,paga
Zq3l52M5ler2WpNBpfGDBg==,paga
gWGNHYtQQTlGkxzP2N64CQ==,paga
mc0uhXaXwwapsUPRf5AopA==,paga
unAoQv86mhj7A6+JWyx33g==,paga
RlcacW0PZSjCfOG8QMIa3w==,paga
YrRjYzjVpkOXU7GtU2YWcQ==,paga
3YQKYu0IBO9TQRphaC6DhQ==,paga
CIcbo89ofYTjd9tmyD+KuQ==,paga
o0LCb9Nvh9ooaDlYm2wWjw==,paga
WYy/i4fpQPZ3/pCJimqOOg==,paga
w9j2PhDPMeIHra7xdoDPkQ==,paga
DgRA48JWsvb8cNXnT5joeQ==,paga
t5nA/OuuLV2Aj1FO5XV1Hg==,paga
Qu0KPk/qZ53QqVpsOeWoTQ==,paga
FCrP/mXWqC6uI8l7CfkAyg==,paga
kc71yfSjj83I26GW44DD3Q==,paga
1eLfEqI7ghCQHZ3hF024dQ==,paga
HYMcw28+v2KkKFwqd1bzNw==,paga
nn+6aYVnh+6EySm5mgvA6g==,paga
eRkExERKg+stOGVt/qPdGA==,paga
inCyBVHlE7hmX+esElSgpw==,paga
HpiKSSr6Niq75tt2aD55MA==,paga
zmIzPxuPwBZyef9a6Xddrw==,paga
6UeK/mWl7kxiYo00SyaHcg==,paga
iGB0adVEJBWPjSUuaKwKHw==,paga
JIObujTROGfO6PiWR1BESg==,paga
w7idzmrZmLpvCUKSNydxSA==,paga
ugX1yvYE/LRgeneO6WYd+A==,paga
MZnKvUfGZSa2M/c+YCybaA==,paga
8lNGXI3WoLs+mT7sBatIwQ==,paga
2nxZ/r3TZl6X/3UCCR5tCw==,paga
3kQY6ZjbgNdETNrKe7LIVg==,paga
ijGfVSM2CviXed8EAFWT7g==,paga
3tlOerV47+9zmPRV1wvrjA==,paga
1IOVTuLG5Nr1IHDU7nOcbg==,paga
p0XB8QdAri0uIK9la0abXQ==,paga
f5yn4E3lSbG66a4p5fcP2A==,paga
qp+5ANE8C6BqAfPKEyaVuw==,paga
FQKGkb8FG/aWvBXncl55rg==,paga
u+PAQ3OCeP/9XnsVXLNmXA==,paga
OZ2DhRCSWv215OmvTxW8DQ==,paga
pUJDCjPMvxAzmkvo4ZPPFA==,paga
QNlo39YNeVP7ckPLI1maOw==,paga
lyMnYAaDi2ug8H8f3MCydg==,paga
7v3T5CHo0rrxilqObU/ZvA==,paga
XjpHGTy38amJ4Njnw0GK5A==,paga
0xzxHmHoK/uCcL6b6N/XYg==,paga
LRa63SrWgsSyazB+QFKb5g==,paga
anENDgEt6cGb6q4KtePuGQ==,paga
/hJuq2elEJu/z35zJylNIA==,paga
1+786F2ZSAqebnRWzXYYdw==,paga
u7XGIKGrOvOw1s/yCGRqww==,paga
Ldd2FByNxEQ+/XlZVuvtDQ==,paga
QgzRofLS49NFC2ThDMyBcQ==,paga
g3kiMsMVII2EhDEnc5EJuQ==,paga
DDpWaX8ZBPY4DI9rgIEMSQ==,paga
cHHhRdUMCs26Z87To/WfFQ==,paga
VjrHCKX2swPAUj4EnN3/NA==,paga
RTXX/0I3HVzKgmFvk9kQ2w==,paga
W0aySE7F1JheVxPl2PXVDg==,paga
YrS/4qpNors54coqN/ziTw==,paga
2b5F3eLWvdqnQzmjSd6/6Q==,paga
3s0sbwNiVBwLG7CZJJIThQ==,paga
Jqm7J/UPOSuU4Jtaq0dMPQ==,paga
uXDCWowLj8GxFyXgvdvHqQ==,paga
/0gxZ8LoWWEBe9LwCMKMHQ==,paga
FmI6a6HpzFDRPtrByWR5CQ==,paga
X2V82zQFeAcIYLfj5cldcA==,paga
aiafh+OIiPkCQuSvbA+iSw==,paga
JW5fLsXen+iDuMXWf00cAA==,paga
x1vBaELG5PjP5L4nn+QO9Q==,paga
K9p3JFvflIVUmcd/jAJm7w==,paga
K37htFZEjv8JL/gsvwe2Tw==,paga
CWjeB34W02GIDYTu54/vnw==,paga
EfYgyuQljE6h0PZxEWVr3g==,paga
KBt4GFoPNYE8hJKtquel1Q==,paga
LLvmKVZNDw6WPeHAr/iGvw==,paga
C9B9aEwj3u5yq7qi6g5XhA==,paga
uNQOaKam3u3FY7X5KUa25Q==,paga
nkb5wjB7WX0jk2JnEO2mGQ==,paga
t34r5u7bpBFR0CFBOKLzcg==,paga
JanbDcM2uLVwveRrbdTAcA==,paga
mE9ps598i5dHvK+Wm4W2LA==,paga
0uNmgGfZJ2pIoE4+F1/loQ==,paga
Wmo/YLiLa81+ixBGf3SVKg==,paga
3gM4LBDiXokrLTSP0nL4qg==,paga
dL0fr7E1nb9YcOMsH4MzeQ==,paga
5B51VrwpSfKNkTLXIetMyA==,paga
9WnipF2P3mntIOJwmjGqxQ==,paga
iaOoyefbuGD/knOy+B+pWg==,paga
H0+ZafbNUL3Fzd0XWxfPoA==,paga
YNEwFgT6ziWKvVO1E/LKmA==,paga
HjT0e/+DmO19/pE6dea7PA==,paga
+KhHZufEGTXo46++ZRdp6Q==,paga
ycR0XUL/uCJmpS0xOB7xFQ==,paga
WB1avJEeXaPCR1O2IUoJag==,paga
GLJ/1aDoxiwUraPcJD+ZtQ==,paga
JsjR3lrEtvsUx2HDw/WqXA==,paga
IXIe9NYECFvDQQzA8Mb+iA==,paga
tVuZzIlqLIlaZ37uJsRNKw==,paga
jkmnBT5f2qo+NZFL9VWGcw==,paga
ACci2xbhiGop5dBqlIcW3Q==,paga
ze3lIgioDZz/Dqb9VD+m6Q==,paga
1ATYoRZu129xzRA+wYJZ2g==,paga
q8b+QQqQglaSHgbp9dQ3SQ==,paga
7LzG+iiZCF4p9Z4xFa+MtQ==,paga
7CQYtOkUfzRKRrBG7rko4g==,paga
rNP/fCT9bg8v2yzg8JUFGQ==,paga
sMLRs1UC6KjTkwYAXF3MtQ==,paga
NqqCNFgKKF0CAdbGv7svsg==,paga
1DOL/cWLd04lgFn4zrRAkQ==,paga
4Nh0m3RVIejrF+UquPwH+Q==,paga
zvNNlSLbF6ZfsQd20hwstQ==,paga
2vEKeEVetC27In5VNVmDkw==,paga
lO0Qe81bBbEHMj9GjVpq8Q==,paga
6GZFbfTuk4NsofvWp7upWA==,paga
z66Pvy/7VXCsqKPCldzeeQ==,paga
yUZ4YF7vEmtxGTmfhSFQ/w==,paga
syc6fYG8wdnhwPvDfQWb4Q==,paga
8v2P3r5RB7HtKZGxMshN5A==,paga
AfoyrbF1cyqv/zqyeTK64g==,paga
gnxzY8P++L22HL0q9H9B7A==,paga
KS2pj4Elug4oFdgSRL74Fg==,paga
mB39QDfrS6W9/2SpgXwmdw==,paga
UmBxKilLl/ZMaa+dBiu49Q==,paga
Mli/pjtcK+eQI413y6vE2Q==,paga
dQ8Gda12X8n3qEq67ztm5A==,paga
uLcUmuP8P3VZGxN6lkv2jg==,paga
+MhM0LkVry6K9FhalR0ruQ==,paga
EFy0RNFCcytsVQvvDde8NQ==,paga
FuvEUfRfUyXyVmGyJ1fqdA==,paga
0k9txrrqym2AcQZUvjriOw==,paga
k1wo1AHQzMtzG+X/TPd5gg==,paga
wtYd4iUkijfmKMjScxC50w==,paga
n4OMr0bAG91ro5FlhpsvVw==,paga
5HGLE7sfAvbBYr8U/+lNMw==,paga
2gbo4yw1yOUlWWR37lWKOA==,paga
PNHIQdMPDSUzsnHgLphGcw==,paga
hnp71ejjpaYSLIO7N+/vzw==,paga
/SD5ZuWEicJErqqF/DeU8w==,paga
V32wRQcIjxT+U+4DbjwBNw==,paga
zpgh5unVLTRdY7xV5hL1Hg==,paga
6rwMfhtVBIu2Q73SkrtF7A==,paga
KXiQAq0KqSg4CKsjZuAyhw==,paga
M/hBSCcNxLEQRn3TjmSMXg==,paga
wKznV6HytyjoyK9ouZjW+g==,paga
9Mm/cGsi2qrwhP1gFNUy3A==,paga
3Ig/bSgzlezD72+B1+hXQA==,paga
PbE2kxHZGrpQe2hYpUelUA==,paga
wKna8Lc24EPt4zDLQmIitg==,paga
5nJ8SskhSzNl7bK26wjp/w==,paga
G5HNR78gUK8MjvlvTmGRjw==,paga
/0PVSwE+/wjLCdMKV4JUDA==,paga
m0roTMFPsZJ8J/g7RUdVCw==,paga
Q0lWdZmtwSehMwHsdgALvg==,paga
khRBYIiPZBVcd6Zc9x5Obw==,paga
H11oWEUDNzPQch/A/bjBZQ==,paga
YxLcggKz6iUgj6zmg95AIg==,paga
DTEcpmO26lMjswkK7TI+4A==,paga
XOsX9uaLQdMzD21Ohq8lfA==,paga
uzYcxiXXoOyWCZR369Yxlg==,paga
iKzPUdtsAO4ZbBwAbtdplg==,paga
aR1sbP2+j+Y6iWHI3UqAKg==,paga
bAvobEBayWFbDTjLvMQbmQ==,paga
5Q5n5wG3PryTvYejfhMmRQ==,paga
MV35kmVH7z+p1bUHeuO+aQ==,paga
0Rc7qDCbV7aNHvAUn6KLug==,paga
qbBC5umybTeLwHmM6YQJDw==,paga
sNgm7sD2bzDenksN22fbSg==,paga
xXKbPMswHBqTUf1+kp2f/Q==,paga
Y0+GoZUfMjlycuE4oZNt6Q==,paga
jKEufQZSDzP42RZpeMHjVg==,paga
637NlFHTpYpbVFqCMWsXiw==,paga
MJGQuijjAPJ4/PTpvnxw9Q==,paga
5TX7fsiAm8PQnEl1baR5uw==,paga
fbxqEpoRHuDbYK14mqCblw==,paga
miBOujb7fuaPa1WABM45DA==,paga
NNO/f1BhVuFVeDwfB6r4PQ==,paga
lp5vjewLB22z46TU4eKH6A==,paga
muZWfJ9rGwyzAOjBOYTfug==,paga
qfo72pXeL/pHB+wWrXb3Kg==,paga
WZWOtPIRoCOqwm7XBk7xdA==,paga
vebvAJPN42NlOEf4w3/03A==,paga
w2NTp8a3+cLoLqkObshdhw==,paga
ByxSjH0eCYOSYeIsAtRwiQ==,paga
MsRwTw+Ome15xql+NiwkTw==,paga
ubWJSZqnv2MVnY6UwQQXxQ==,paga
gMSDiUaL2mu8wp+kaZsWag==,paga
3soozM6WmBhNrKYkupVRXw==,paga
8bojD+zLgCVnT+uDgti4ag==,paga
2EIjlIt9PUA79yK3HNuf/g==,paga
l0jN9UCX9aO5I6LYUT6T6Q==,paga
OwDOvKx1GLbgBY3VMD2/tg==,paga
s2Uoh9ast7OrPT5MOJcl/g==,paga
fAp1IVnwggVjT18r+CGVHw==,paga
k5VeGjS2hplsCz8dpTsg0w==,paga
wIDaaVbIsX0km6OQqvZcpw==,paga
pjX45451/qICXhZqyCWy6Q==,paga
OutdjcLP0vHCQLtPYxvBJg==,paga
XODmU4ewYvCZs0KGDj9y9A==,paga
OIRWTCT8SDIhgq344KC1KA==,paga
FHQ5WmeJGHb2079skwyK7A==,paga
vhVidkLW5BbK+JKNAsu07A==,paga
EE52Eu3uIEXww66duP8juQ==,paga
VfGt9OLNxJuGdLkfGJ4i4Q==,paga
Ku+IYhMkdBOU+z8KAdxnkA==,paga
T1OvnMCn3GdDkEuR+fY4ng==,paga
Ui+VlAdeTHh61vNP7j69bQ==,paga
M+z/y0LBTPGiBE8zJtqXVA==,paga
vM11qkqVZcH1GzxBHceq+g==,paga
9J95MkuvURIbWF4Gf8S1rw==,paga
dW8ctjWrTssSLKgZKI0hHw==,paga
Q2CcKbtHY6mVbzuJ4rgEAg==,paga
F4Nev8jvknWdBX6pGM9aoA==,paga
RsrC/uSLaGwrdICMKJtHvw==,paga
FV/2kjwVGbhfLuwf3xekCg==,paga
yrChiivPWE4TagtNjjooNw==,paga
4HDII/7yzcM4nhIDEQFq2Q==,paga
IPZkN8GB6iKhwSTCJvyHgQ==,paga
Lwr4ilMEY5cH36Ik1zDS6w==,paga
XdWF65nYN1iIXKy+JZwzqQ==,paga
AZI2/+s/7lME6m+ggbxf/g==,paga
OVhEKfBWJs3fmRKNmsZcAA==,paga
WlKfPnrHGEKJMit4k7iXag==,paga
sKQDHBfeHTLAhB2RSIXP+A==,paga
IuwqTDx8/fQiGLFsmGTpGA==,paga
TvdaTL6rOqOwYTi3kzEdIw==,paga
Pmtp4scBiJ7kTD50os/2ww==,paga
paMkfIri+hff037/ReWvuA==,paga
Buf0KTpuIvyduAIYCx0ujg==,paga
nKbgmV6V8HiTXpxsMEHdHQ==,paga
5wEYp/iPu5oe6xyVtp1LGw==,paga
d5DKqUgkW9oe1VvXr/mfvw==,paga
in4iTFAmlhTBy1z45CXTMQ==,paga
Zmo+zyCejDmk4VNl+5uI8Q==,paga
GXy9WSIdTeprKenlysuNOw==,paga
p2cYjm97OCOkev4TUuuiMg==,paga
jzAQjBN0q/wFkfmsSym6vA==,paga
HJ0mCbDB/STor6Tb35086A==,paga
775xM0BojQXo9HqK9x3u9Q==,paga
nLiEa1SEBEOMgaqgLtpPDw==,paga
WzMOlaTuPH74Wz9WeAmbLQ==,paga
HhvCVNfyk/yaPL6MZQSCzQ==,paga
H9RZEU1Rw9QpKQM0s9ZznA==,paga
Tgfc8ukyiQOu8oKTNt/Rbw==,paga
Y3guFwhwXlGumkB9hUvEzQ==,paga
ee5Z4GZJyK+1OyfXiAlCJw==,paga
fAEd9cArHTaIWZUf6sbPCg==,paga
FdKTbSDQjS0mndN1+7G9pA==,paga
8QQbL3ZrldGfkbHpLN72IA==,paga
w8WWVD9U3i/OkQLJqCcyRg==,paga
rLFpOlKuC1CPBeS3b93qcg==,paga
iWguoRZRBCjiWse2+96vlQ==,paga
OrNJhSYJt0zBbWj6SalYVg==,paga
PLHXwloNmcPBb62iTNH8fQ==,paga
h9YXL4saOruhwKd+N49RDQ==,paga
iNkLmKvZObH+0pbxuYdKpQ==,paga
hYFOwNoU63tdcH3wX2UWIQ==,paga
ylssyq7q3B0WWdHb9Y9P2g==,paga
QiIo+RJ2CksusBL0lY9czg==,paga
O2jlWA6KDm6bkgXlNzSXmA==,paga
rM/EkmrayfcgUSnd+9Uzlw==,paga
IQ8YDVagzIb+F4oXG50n3g==,paga
Eox7CpkekIvjoPJtPWuD0Q==,paga
AOCwr0JXpnpmyhuvW7iofw==,paga
HbHPgRxkCpO9gIh6yC2xOA==,paga
rsM81LMjfDRlNgepPb2HiA==,paga
ggQ7S16x+rX1WnjXHDGuOw==,paga
VcaFTDV10Y2lSBoHpfdMIA==,paga
XQ4OU+SU7RWNGrwUN8Oriw==,paga
drgrigl4SxkSIxRiv+9MYA==,paga
jIlHM9Xa5i2Y7iAE9p/Saw==,paga
YJK58PVSqwOwMFwD3FwOlQ==,paga
y1vSZkRSGEH9JVDpHQxp9w==,paga
pV/5HS1YDuW3a614oUYXNg==,paga
Sxlq05JnoDa4ChLxMG4enA==,paga
i7f6Rjj3ZuIE0JnHqWKjAA==,paga
mxSGfeq7ci8ynyfnw7D2AQ==,paga
ieds/pZjSvig6a3duWC9mg==,paga
wPmMU80VSQgmIlLqGlih5w==,paga
zFnukBn+klgYmTB0ric2cw==,paga
VvaPd27mIIFLu8CHRodAiw==,paga
DUlVPMJZvuExUARxOrxqng==,paga
Ek6RGdIJSqj2EZkcjZ93GQ==,paga
i6dDycK0mTydp1eqc1xJAA==,paga
QI8piQrTUxHavhK1vzNYwg==,paga
V3k2tS0hj5o73MogIsRbDg==,paga
x791Uwy5OCTXkv+gwcQ7/A==,paga
zT9++sm6RLjUS5tg/4CxHQ==,paga
WBPzBZL/y5SfN9a2Qf+lIQ==,paga
TPqK9zMpX8qhnLmvjry0aQ==,paga
BUY+sn4uOT6AxfIJYGyaEg==,paga
kvuPDngTJBAzSj1rvdVWYA==,paga
3fIO27eteHQ+6CsfqZ1bLg==,paga
Jvd2VA2A1wXh1NdFGjvI8w==,paga
TYgkWSdw2a3DdF0hSdtgfg==,paga
X9BcZ+HyI4pwOFz86iCPQA==,paga
MfFDvt4w/fj7girwxuiAKQ==,paga
QNPnbVrXl/9bgZJ1+ju+Qg==,paga
sellyPAZ5aNpxOP6GV8p4A==,paga
WXt2BsEF7Rk2b/JSGAn4cQ==,paga
+iuX/AlknVZQVma93CWEyA==,paga
cjyhm7wkuZA9uZvvvrfucw==,paga
/FmNDt9z64yxGgcBOlmYsA==,paga
93+bxhPfQ/TjRLRvy3FfTA==,paga
uGoJE8wFJ+sjOwkPdD2ZJA==,paga
XmLKsNqE95wLZlbhCwqddA==,paga
dvilVOz++ysAO0QlVec2bg==,paga
FY5+SizmdHf+FPCvnSpvMw==,paga
IveKYwLViTf0shHJ8D3/qA==,paga
VkuyDeEN2E7vsykvTnlwYg==,paga
9T6B8/0a6O4lGWsujCT39Q==,paga
ngllnbJmoaptbNjke5LbJA==,paga
1JFhfkn429lgJIYO6R6kLQ==,paga
EfmHSGRTBArQIQBZ0r2l8Q==,paga
sBJ77K+gOEPe9xU1K2xTaw==,paga
dSdJcivKdwXWcC8pybBr/w==,paga
R3erkwjYG3Bya5Z+xTmjzw==,paga
eQ1Ubu6Z6KbH+v80s8gG3w==,paga
+LIPShWDxA0KqPuBdwAn2w==,paga
0leT4I80BPaT9BbtnLNCwQ==,paga
NU1SQ/SMdskXZ8+EOm/usQ==,paga
UUWi0nnkHUX3Fn7rsZHKOw==,paga
sYNCSAGs8mq4v/LIIqPrIA==,paga
zZG/iZ05xZq3U/bb7AnW0A==,paga
0m3Ujvw1LTsveftuDi4Sig==,paga
Uq7CbIIjm2fFcgNhXTsFIw==,paga
LDHYA0albCezYSKig+IXlQ==,paga
1UJZHYSnPpKQroLLuekClw==,paga
NTIHK4tGIWs9gcBvktAldQ==,paga
ckJtHLzOxsiW6a1fGO74AA==,paga
tA8qxMyHXdochUlFMc7whA==,paga
lR+2PZpLM0FRDqQ2AWFGHA==,paga
jTbUpjhvTgv3Ik2tk3G5BQ==,paga
7vRL+FBngWmQ4d2R4HxYKA==,paga
/DRBS5v+IrvIl52qUbMO7g==,paga
c84CRo9t1cSWK2qehXzMNA==,paga
0yj6qrslguHDkMyRIzpjeA==,paga
25Kwb33DZz+eOWjoVhiiNQ==,paga
SjTCHNvB8qhhFJABzJS3PA==,paga
vb6388X6e0upDD7YdVQJjQ==,paga
BlUVeWFaboO6R25r+RKkVg==,paga
x4U4KXxNiQLk0T1vdo3Teg==,paga
+nQHSoPV987kBgz+mrEijw==,paga
/YQcH4uBlsHVK9TlryRI5w==,paga
4eqU/cCWwHeBmXGS8R+Www==,paga
4JIgHdkmdofHmAb0qlWBuw==,paga
3wdVGXsSz1Wp6ZVfg0OdXg==,paga
8w4WZPwEYe/K95uMP9AZ/A==,paga
0d1meCEYLds3zdmwUFX6zQ==,paga
dhyabjcJQJJuSicggGiXXQ==,paga
I5GouHHtIfNAwEhmPSt7xA==,paga
FX3sWTieiXnWdae1PMQ/RQ==,paga
6jtXbu0cy3ru+siT19C2dw==,paga
Q84rgyoq5+M+wvbeT8jqvw==,paga
jYcUnWagsmxWwyqlccQtJQ==,paga
b4xR8L7avK9pWWvPhSp62w==,paga
MBA7SoHfZEyJahu1KjHMHQ==,paga
woxTQ/DXSw87kvR+gy7osA==,paga
HZZKXPy0zSCMqfmm0P2kJA==,paga
YLsSkSU8azBXAt6XaBJwzg==,paga
CHoTHF49GA/AigQgLEL5Vw==,paga
cKqMugqkyxbSUS2Vl0xolw==,paga
B3wvQvA+8f3Wo/ECp0efbA==,paga
CTVqhgdPX33wcMyhKoamoA==,paga
ciZfBBeeoBrJRsNipw2zZA==,paga
fKcUx9wsJNFhwnnPM3a4AQ==,paga
7JtYWtnvmh8v6UsVeZn+Lw==,paga
R3mqj9hpzIjXm32GHmQmwQ==,paga
ne5z2jhQ7x1Mu6mw2WFjMg==,paga
kUg2Ze3pLKz7RaTM9lRiCw==,paga
llqACLC80+KyUTM08tELVw==,paga
oa0W9gopkUU53LQ6N7dEmA==,paga
dMzxks+bj1h7gVJl3mtdJA==,paga
kXTy74HT5DTxCEeTe5+yCw==,paga
mlzCg9HNbLITVyERCtuUKw==,paga
rkHqJm+8n6Hh2yXzv/ywKA==,paga
wfkM6UAEbMfSEYjUowdXJA==,paga
3/NFKp2ZijEh2Pk3MbC2gw==,paga
0l61I/TsfYklXqNNsn7XJw==,paga
cxNfkzEZwmSsPzPjYPVl9A==,paga
g5Q7Dim7BzDLjz5Gd7UnfQ==,paga
bICclPn73gkvTVqrdeABBg==,paga
DTEInnlBG/aKpES00yQc7A==,paga
OlulJHmHOrLjxBQQD4xuIQ==,paga
s8mR4XQ+1HWvAlrTM/C1KQ==,paga
sBEvnY5xAfwxzB56/OTqoA==,paga
+SVQBIpL40UODgCr1ubhGg==,paga
xZM8VHQziJBWk1fPooIRYg==,paga
S9/WUH38w0GNE5W81cZzSA==,paga
NH67UUvj6GQXsHsiDPeO7A==,paga
SQMk9qmaFxt1ZtIHitrFYA==,paga
3sxe/pt2m0t8VU1WaYo9wQ==,paga
ZlO4RkBgidnk2ZlezdoqBA==,paga
dniU7jZBqEuem2VdHUpjLQ==,paga
qCLlCdDqQYIWV42LtSG+cw==,paga
UGrc9b4BHB+JlCBWok8cow==,paga
icVm0poXKbVwl1QiX8svpQ==,paga
PKlnyVWVC/Vu1tdG5hvxpQ==,paga
a9GzeEqCXREwFAm33+b0Qw==,paga
VUSJ+newCxZmzuFMm3gqwA==,paga
VG5Q2P5qz5mMwaicg752yg==,paga
PW/tVwetJlrvnXDN3MmQfg==,paga
a3P9+EJ0w+NsXpiAKZGQ9g==,paga
WDW8wI5W9Hc/E64mZCjAEg==,paga
dvxCxdEN2LzVPYf0mv3gCQ==,paga
minKcFvGLH7HUTgHuebpOA==,paga
M3UQIQ17RyZw3QTebhflyg==,paga
Yo9wraDNaSgvuHoqBoJJ4g==,paga
/JJJbImINL65mFQyC31WKQ==,paga
UxMx6/RrerwCep84e4EKAg==,paga
jKcnq+xLmDVYqmNZvaBb7A==,paga
7sdKyMNmb3fS9JBWX8BgPA==,paga
151vc7obyYy9oGjKrrCD4A==,paga
OsLYT+gpTwldubnNir9nhw==,paga
tKAVEh+MYzs8hzGuMjHSuQ==,paga
FF80VI0e+nzx3do9ySfNwg==,paga
6VexUV91BcnQqsNo0knSFQ==,paga
DFk/49bN82qi2CzRHVKZMA==,paga
YU8wjjLyZzTBfpjRiqi8JA==,paga
2k/N1CaQHcBJ6vCeajwlNg==,paga
zemP3XHiJgrwmcPPkUC34g==,paga
FZcqhG40yqbIexWJpIK2RQ==,paga
B46RvMkigXNeLtL7xW9PbQ==,paga
ytbQFjR1ZETwacsnZOa17w==,paga
pTb4a1pPw4i+53Wy0PdoyQ==,paga
C+4TSVjwOTvTDEoNgyLcAw==,paga
7uJU4tgXqxoUz7RkWfXdww==,paga
sV7DiYzMoexQjKJVMJ8JuQ==,paga
rkC4cPBkMDC8fmjolWjfcQ==,paga
A+xSeY9g4KdWo0vXoW+74A==,paga
wxXtSIKc8eYawrNtHa64kA==,paga
39LZPBRDe57Kz0lvk84ljg==,paga
Vv3LIQtaXTZdTzo3fL2MbQ==,paga
AMIQZ1oIhjFEp0BfPMvdMQ==,paga
XztgYKjelBiv0mLxNCQLZQ==,paga
TOOELIwrhauUj5dtu5ztaw==,paga
vFMyHTp5UxpI0Ga/va7g1w==,paga
SO9hbbb93BHyLDAaMlYm5A==,paga
aeuYdQxGb2jf2B5auqag2w==,paga
ulPFAW+2tpteY2Oi7oSl9A==,paga
RucYGKIzd1++I15gqM4zMQ==,paga
f8rEVdtz5fNSXI7lTi3FfA==,paga
ZhuHR/82uMdEymGKWKYf3g==,paga
MM6oMvvzTT1ZuXdGp0rvzg==,paga
mbdKK9Lx9FrkwQrtQzFU7A==,paga
9q7BH5NpmzkDXjpH6tvnBg==,paga
Qy0oLBjNRg8lBcplJZsAGw==,paga
tz/zEvYoKiT9u109DPtIKg==,paga
O56N/f/lOUI2LOYY5+XSjQ==,paga
SGOIs0olDWWOgumLKdZI7Q==,paga
w0bDW+7JrLKSEf59ZfkZgw==,paga
g9giWYE0SCdUmDEy2kDepA==,paga
s4zIrLeRTzo98KZ5O/7C4A==,paga
Hd21+MNSJPapy661ybSFIA==,paga
tR9KKg1cfArcmePpKwL4nQ==,paga
vKaIq8bEdaKHj0gqe9D3pA==,paga
9gCvYrLIgg3kgPrly5WGbg==,paga
tOOpAd9t+oFtt2AeL580IA==,paga
/Pd1ekIunHfEOQSisZDQfw==,paga
8EmfsmtKGyZxF+V6/nfW2Q==,paga
O3SIlaIE2gxLDqAwmk2hhw==,paga
iL36erNAoVotXPyu94Ph5g==,paga
RfPh/I09NJCY6BD4cYodbw==,paga
TUrksYSSw81MO7++0SZQmw==,paga
psHQQp2/SXTiTSfEZmd+dQ==,paga
3vTiediw+AX9C1OhQXM4cw==,paga
jhSbr67iSDUBsVIYrj46jA==,paga
leTrOrYGiHXddtH41pptag==,paga
OwnjizSGAeoal2AZB1TIBQ==,paga
l3cW2tXcf7sIritV/TV2og==,paga
LTdRgrbZVw0JL0g1DYwzOw==,paga
KSm0eVuDjgXvV6qhyZBEsw==,paga
wl39Nn49QIA4MhJ2Odmcug==,paga
QStpDOoJ0dk3zlCA5z5Zng==,paga
Gzg6sHH2Zqjd0/RHj/HxXw==,paga
u293tor/kDT+etQtkrsaag==,paga
2yBrnGzyR2PYN8+yJkwJvw==,paga
vI9uk9pWO7IUaddczlwAPg==,paga
cTE7uZEwucCQxpOpMuzjiA==,paga
vq7p7SuazIe0uxrqeki8Ww==,paga
eg6EnhCx7kKbwarKYAhdyA==,paga
vDk0T9I1N7XNAsEkNmgQMA==,paga
CiJjIn7euIvNqWCoquwtDw==,paga
IX9JbmsFP5Dkyr+qd09DJA==,paga
Qg2nV/7lBLoiDKrysrXWkw==,paga
SXcC7mxpGakYIX+1nH3YlQ==,paga
8hwCmk2ZOkbT2pODIR2IkQ==,paga
io57NTGHGGpW+lLEL5RkgA==,paga
Cd3H557ret6iV1W0UMtV1g==,paga
7QeVPWvy3SxqFXnn4LBoEQ==,paga
poe+rFshckmkoWzn67ho0A==,paga
RH+0FClQaP6wbEVQK/4ZkQ==,paga
dUC0XRQY9OkyzYg0KYmBPw==,paga
/k+Yti/H2lbK4wrQ3FxkbQ==,paga
1ZY6pQ8gaRytD5cFS0uXYg==,paga
cQ52efsKR3zdwPevtoTjlg==,paga
U2BW/NE+4e4Tcku7h2ddWA==,paga
OtaUGf7zszVIdfFj99luHA==,paga
AaMY2e85dv+2kIqWaOnG0Q==,paga
t/Q7XpK/pjWNJP6NlWxEJw==,paga
RdqgM1GqgxTg1E1lsx7J3w==,paga
k4rwV0uWEVMYc1o6EHOWVw==,paga
hngxDflWUclTWoi5+Ddmdw==,paga
VKVkSmro8tn+aKpnwmyoUA==,paga
xN4pa0HWx77KBOW+qL+c9Q==,paga
8kXTtoYT/yipcp9DFAZOjQ==,paga
+1xqV7DZZZVpkbTwPXp06A==,paga
YZE2CLdm90BDB9KDiAvK1Q==,paga
LNTV/YZ6P7GBGxRdnTkIuA==,paga
JIefZf6hdEulrZJXQ5egvA==,paga
67pE2HBm4PaPAvs9ExqAyA==,paga
JldSbB1QSedc4ORu0QxpEw==,paga
iIF2qj1+Y+qSrfDlfF4adg==,paga
zInucS2VoKoaEOwB9UAA1A==,paga
mYrzeRh0nuJF6cAYyRGsVQ==,paga
xtPFh031xYW3Gv3txvRXDA==,paga
b1YLLATy5IiZ8vCpZ6NZlQ==,paga
pJnaZth/tcFy9BIQSN5QKA==,paga
n+9DqKfPv3oBIshIUcth6Q==,paga
hrglADY4CQFA0s2Z29fFUQ==,paga
K+HjYF4IKhujm0RO7Zdm/Q==,paga
WL+7t3sGY33HiutihT3E/w==,paga
50HV9fZm/Fn2FDhTQ+19LQ==,paga
hjLFWikGDvVwQ5JaWKDmmA==,paga
916dnLys5ldA08uvHruyQA==,paga
MOFtBqPgJygXM7ruCSxrxQ==,paga
Vg3sl3ogSpV2gOHB4UpgBA==,paga
4cDF+wlVPWJvj3xulncnEQ==,paga
q0iZbyXxw1oy6+XJk1QsGQ==,paga
AWmyagbvuMCXUYTbEYL5VQ==,paga
CkqdtifhanS0Iikg93KbWA==,paga
lndVlqbdKmDpmGaOiFmslg==,paga
ZodAuLi0vq88qI7ZK7akxQ==,paga
ATbWULb5KhqgS/Pdm0W9gg==,paga
GCMBis6v3r81AfoZ9fGmqw==,paga
ArhlAkWQiTuti+nJhzm7yg==,paga
eKtbhnuuPTx9z+MCMwz+Kg==,paga
6a9VMicVuDY5VjdlGjqTzA==,paga
uUOhrO9fUqkXpX+opVl4ig==,paga
iFbqW0V+CZCzE3XpiFvHmA==,paga
KemLe53zO+WrpKPpeXL47A==,paga
IflT8aAMftenoD3KWDZaGQ==,paga
pbvG5kZnPa0yTbKrnnlNRQ==,paga
2iAaQFPYocS+m4RTo7e1gA==,paga
FG9b+iumx0D/KdCPpqXjbQ==,paga
W3cDlmDtEUO/iVY8Xoz/Bw==,paga
CZxdYATjQ6pJltw42tUaVw==,paga
esFMK158XPnVGTzGbg/Mcg==,paga
CBlbSxgC8gFyeG5iEp9OGQ==,paga
DNJL87gPUcaWpw8bLdEdvg==,paga
YtIAB9QFaeTcobExQItO9A==,paga
JvAhA8yy6YX0noywOviHew==,paga
9/OjlteQ9wiQhfKd59uryQ==,paga
RWUeA+BX+q5ZD1ihig3CHQ==,paga
/HWJkrDLSROj9dBrS7+h+w==,paga
FUMcXIbweUxbuqvouAgXAg==,paga
rsF1Drwn/U/1S75fESY3JQ==,paga
Y+FdYunxzoC/lPn0bXUo6A==,paga
Dl7HaZ8tNz3cRuQ6Xynuyg==,paga
zOvq2y/mTYy0PJaDANxF+A==,paga
sHFQ5v6Ae5ffg79DwsHB8g==,paga
u/zJFblW4JwDqrk2bS4E+A==,paga
Bwe6Lgc1DuRSi72abh1PDg==,paga
W7dH+rumg1TTEdd65FHmcw==,paga
d8cVkojrKZ3oKrQ1aIiR5g==,paga
lThMVzVdnIIdcL0qKJGgNw==,paga
sxuF/ztX8RlMkSjUORqfaA==,paga
L3njDNWagPDYV1V14Jx5TA==,paga
uhFFT/kA49pV8zalMK0eIQ==,paga
UmtErTswfRaB1mz3qoa3bg==,paga
D6oqKa65nX3UcFm7XZ6E/g==,paga
8owPqQ1K2iD5uTY2QZ+tGg==,paga
7dRCZBAd+7a1M9GAQhi3GQ==,paga
CLhsj24Nmh0GgbLvlfQN3w==,paga
eXqsOYRnBrSTwEPvjm1RSg==,paga
jFHBGR6v7a3bhX/Z8P8AAQ==,paga
uPC8aRfUXToH40kAzjhNIQ==,paga
yXomj/tn3Ir3j7iR83ETjg==,paga
GPw3XPHhlqJOjM7hjYYMOg==,paga
5B2r1PU5Vl9ixc9S7MoO9w==,paga
w1qM3h/vuCQXC1zAGwzvOg==,paga
sfscfyyon7lPwUlq0mcNiw==,paga
0IN4y5vH4oKXu6kG8wssCA==,paga
z4nVU1SOGrup2VcDeTlYEw==,paga
IxODY4gauox8C/DzudmyjA==,paga
FzfeV/5BjqGcdm1n4QMEwA==,paga
qpyR7BkNqJAaIoBibGmYWg==,paga
nVtdWyL1Nl8H1Crb2fbi0g==,paga
nGSbsAH9TlsGRpGVX9Qnfw==,paga
PAFJFoXjv6R5+Gi6ArVIJg==,paga
GXnn5cfwl4DsT7UCpnC54g==,paga
k9k2qBsehPGTBNFDuc6JXQ==,paga
KqtWlE54Tb9KGE2HY5eNfg==,paga
EsL8zq7g9qYsKB5NSvU55g==,paga
gVr9ARknkWrFk9ETd4evLA==,paga
FrPcsGARDHTMY0n1OTW75g==,paga
OIMRDgtDm0+gyyrhAKxiCw==,paga
irEy6JgRzrwUM+e0uz07TQ==,paga
wuaXkag/0Wx7QSR+5L5dDg==,paga
mftlhgL4nra+Lj2faRWI1g==,paga
K+bfHq7wdj/wREPdKDLxRA==,paga
56L1LcS+eJUrHR/sXok6jg==,paga
RMk++4AX7PP5rctEeABLxQ==,paga
PAnoBKftomHoQaWl9Yk/IQ==,paga
8Ap3lBmo/pJCcvf/a7tyjg==,paga
wCV2djJ/2A0fex0cxOj9wg==,paga
Zcb8mWdWtGTwnH2zozh2SQ==,paga
poVX2jQcvXCyvMWkNjemqg==,paga
u0Phk/ha0cCUALRv+q7FNQ==,paga
lVhS6fQBBqQjQPDNzpq7Kg==,paga
XIw1so4Y2KR8eTbM+VUgRQ==,paga
oVSfaBeEKx+m0Okj8tmUSQ==,paga
HW7jwu+eaw8kMfFmK8DGkQ==,paga
zYUowxBRmobecY5URsZsGQ==,paga
tNx7iIlQzaY9Zp0egR9ong==,paga
glpbHyOI39blWG/bESM3qQ==,paga
GIcCH7SGhUtcuC5rRjbXEg==,paga
OVPPaTuNtzxoeDKmSGKg/w==,paga
f+cUiSCijTdVftWyE3hF0w==,paga
FUZ8puu1P8wnftlkncqVcQ==,paga
V4a0Dpk+fByQazBye73ijQ==,paga
OWr1Y3maj/rpVl17LrR4Ig==,paga
rWxyMGMeWNJ+iVeiVCTS4g==,paga
K710csyZLKxzME3hnyaQ9g==,paga
jFBW/VWjONQXW+TeqROjiQ==,paga
M/52DrQYj2B4vXRY7tT5bA==,paga
0999fgXguX8BNm0dhTikoQ==,paga
933tEph3b6McTau7aUpOzg==,paga
pDMtpwW+lzYfhwbLCFLb7Q==,paga
aC3t+rBYxLINo6gWuOldpg==,paga
nmZTEsBUX46qIYa6hV0oRg==,paga
OrlJFGowxvC/PZAluM3qbA==,paga
hA+IQvZsixC9GE/I4Q1h5g==,paga
vzD5ARmlMSqhQwYTiZSkPg==,paga
JT5DrgVtB4PQvApkdiIbcg==,paga
7dIQlLi87b9IkBTYDQ4S3g==,paga
msmbAtQgq6im/rXMImVshw==,paga
M9ABpLDMZRcZf1C1ED+UmQ==,paga
Y1N7SELsGmc2ysGhB0Bacg==,paga
bhSa4V14011TanVhYMXP0g==,paga
WWEYnPgE87VK/aHr9Pn7cw==,paga
KP8p4WDSkL2ipRInSupbbw==,paga
EGGokkZaPl0K0Dtm+WFV4g==,paga
mcUeadPq9XuL5GEJrbrGkA==,paga
GPbnGtkohUIl4UugRrUhdw==,paga
koQbsRw+dpYQCjp3cOGhsA==,paga
HEkUN/FcaDIhbgDF6FyTmg==,paga
0uwJLXaxRcvGrGe+WST5ig==,paga
HeGt2fJFbtUFNQMDbFuuRw==,paga
9UNcHI0H2WLKAdWSBngDjw==,paga
zCZNtxlKMpVsROHGnpmzlg==,paga
vx7+pkhOdYHfFGv68auVOw==,paga
M6hLa12/VOM+PC9e0v9XEA==,paga
IDVMOn+ac9Uv6r3e5UT3Ww==,paga
4OBMmpZWmUNSyou2Bt9RDw==,paga
VeyvKhsQHH8nh6b6EsLjKA==,paga
DIB68cBK0oKObh/kNzoLPA==,paga
oA8lTrTAM2QyeUgOKtdOvg==,paga
J0fRcb3eaWGUy9Y8pKdrbg==,paga
UJE0d995mm2qBBjAEuVk3Q==,paga
cXeLyVsl+KmFzxOSeCCgWg==,paga
687j+Ijl9bE+UwFEkkTOqA==,paga
UcKznzSgN4h2Zqz7GCs9Jw==,paga
/I8kmwigXLh5UmDXxOKbug==,paga
gRj/2sYoZtz0sBiDTT4ezQ==,paga
IES8uGCK6NDQhtDdvOWe3A==,paga
NPWrEkBzfzHFmuZNXQElpQ==,paga
W428Yt6PWg1g7YBRyj1cKw==,paga
+msaUrTTwHxVM8qoIDQPPw==,paga
cKcV+3tLSx8JcluQp1LAZg==,paga
rNoYYSTevNlkj6ISmEdbsA==,paga
ua6Vk6H3ojzQvEcT7RCOZg==,paga
Fzi8PA2eo6g9q3HW4rrgXw==,paga
JSZPjnJeZsMSl82HdOJBpQ==,paga
+GU1WUDo3bN73w48WbovjQ==,paga
sizO4UnkTdP6V31/E7YOaA==,paga
af/TSe4hRw55Nm4qIOHgoA==,paga
QMyH2SCytafc6PepDYil+g==,paga
+9Rs4hZmOaMcbJAjK8qyFg==,paga
wOMNc7u7aVAr4DgVVFYl4A==,paga
l4jjj9ypzTTqELCsPxdAlw==,paga
V7uZGg/4HiqAhMHYDU5CVA==,paga
4KaHVhBtgbFQKQaqIA4Gcw==,paga
ARyl2gSfeWZQ4qLM0oV+MA==,paga
XroRwz/bubMjzNXIGK4REQ==,paga
wRkcIp2kBs46QohqNpwX3g==,paga
f+5rYM/4z2G57C9hNkA54g==,paga
PRjoeY0LpgNuVIAHcLvCtA==,paga
Tec6F9dRzttvT9vRqdD/BQ==,paga
vXDYX1RaCaXUISEVugoaBA==,paga
Vjrw5ceRtKSGHrHz5DH7fw==,paga
W0XyUomUYX+rQM1OAv2n3A==,paga
HWVXMjmfqM7sT/o+gIQWgw==,paga
7GNkE0qlsfU4VCceSqdsPA==,paga
Nf8WGVcOhfV1xE+F28bj+w==,paga
h7Et09k4vlrKsodoNyrgNA==,paga
J0yirbagNut/7Jl1cMO2kA==,paga
zUSLWbs9fsY8Gy8eYZzCUQ==,paga
UIZNKmOmNKYDN5lORoxz6A==,paga
XNA2xQD4tMSgBRl+gYcLjw==,paga
QKGB7FPQBMgwGU5Kouk+vA==,paga
6OihCQXoAAJANOMRavyHJg==,paga
AMq6rc/ycq1VYfnjpI7HuA==,paga
vPKPLDPCjVCXwRBAQm+crQ==,paga
Ix7HxzXmhb2rp5wPFcSg9w==,paga
ok5Acs29zvLhFjyc1eV73g==,paga
JKAWjS6Ckj84IB+g5qQntw==,paga
8jqybi+5MYcRjc6BYlRNFQ==,paga
twUK+ax2ve/VHUm1y1c0Uw==,paga
gyuV5DgZPe2ZU1P35W8WfQ==,paga
xqHbTuo8xFM7BbkzsLnW4w==,paga
DLkEHYFRG2XX4JU72kwwJw==,paga
HGGtBvA/S9kt9XBWJnOh9Q==,paga
olW21st5GDBGTHwZ2Mg60w==,paga
2VSFXmQ70DtmtwD7YBdaWQ==,paga
q5V+dtXtxk6LVa2Rn11plQ==,paga
gow0HTZ/w7ak5ogd7EyytQ==,paga
oUAVql/og7hiNsCMkT7b5w==,paga
n9ei4kYcdEPAEJDxnYerUA==,paga
MVYaX9ECg+z5wAsrA8k1EA==,paga
RB9A8cbnOG3MeFFe6u5/Kg==,paga
bdKElbYMVdiIV4P6EE606w==,paga
1pLltajc/QGz6JgvqDvh2Q==,paga
z96bLLU4ccrimAMeru/sLQ==,paga
Ye5F8PWvzmxJkWTxNTO85g==,paga
vyM4BdmCIgymuwxpwyu4qQ==,paga
maG5dfd9QCO+uLB5zbey1Q==,paga
Gjoxg4L6LPN39tQPiYJy7Q==,paga
GPIozSbEbXkju7gSsHhBag==,paga
FnIWZxFyRTU2oF8dMsR7fQ==,paga
+t0kaVUvTkO9s0vNShCubA==,paga
rjwvxxM6LlNXreNbyeSEOw==,paga
0fKMbrE/m5dchI/7Gso5qA==,paga
e2crUAxbipLQ3+IHvTGMow==,paga
P7qbLZ0eRIHGYML9iX7zmg==,paga
FgzfUxD9V9/HwAI+cyo6Tw==,paga
7YLhag2pHYBmXuvKXo0EVA==,paga
DiFRCxBB9BCowdHcLr+R/Q==,paga
vbPJJj+GV6KZxMTcEzaGKQ==,paga
n1xn5RpAddARrmtPao1jKg==,paga
sQ2GnYZOLer7e2hXEVleSA==,paga
uhj66tD+D3H7mIqbf79xaQ==,paga
VUqZg/q6GJczC9ProhlURA==,paga
MCcBQl7sBEiLIonj+i67xQ==,paga
3eTpOPDarYTlbk3/RTmFwg==,paga
aLN8kKYD/s6BSNAOTKQoEg==,paga
p2kreDsbzluHxalykqWFWA==,paga
kexAdZ+he3jNJCD5UkD58w==,paga
pW3OeprEflbVJzb2CYILmQ==,paga
+fsZTfMxUwwKtIVg+tv4mQ==,paga
tAd+pKQHjkfCLRL10eT7xw==,paga
gWeP+U0NtYbs/3zjNUq79A==,paga
oFV019SBDGJwzAHZpB9Gyg==,paga
vLEMj9Iv/HQbR/qmY8iqvg==,paga
59sFQzddair79oUEmEBv2w==,paga
1GUdSZWw8CpfYsiNKbSNKw==,paga
gjnfFwxQktUzv9GCxDr/RA==,paga
TTUq/NG8nSDQ1W17lhh+dA==,paga
e3bPVVi9i/7ZD6l6gHcL8g==,paga
IYlS6WsO0dM3veHIFcQQQw==,paga
3Gk3GJpOST17gV3lBfT7hg==,paga
1coqbHl2hmRFFYYQlkkJpA==,paga
fZTPdsg+k5YPeHfrLFm5hw==,paga
mKhheQVlXdJ2nxhp8jboyA==,paga
83YBBfBQoPS8qgoV16MRrw==,paga
V1ynQ0e4A1ZqIpWGv1mpYw==,paga
IflTT/zgBdMYt6ou5+q9CQ==,paga
jiThEM+73orFgkNk8GXDeA==,paga
Ab2JmqveVZjx/XIxweOTIA==,paga
zn4jbI+jka/pNb5wwR1mLQ==,paga
5lwzwl9T0N+wMjWUbX81zg==,paga
BQ0yhrFaHGiRc1Q2d8plLg==,paga
ti574QiU34aRut+IKfe2Tg==,paga
l1IwLX3BLnBUDcHIQ3Ev5w==,paga
n7GSgeithPQmLI12FqXOuA==,paga
vk0RKkaMWGUQV+5DxchWFA==,paga
x0H1GN680rbgw5dQ06Dr0g==,paga
86200OJFMn+03jTsrO7Egw==,paga
Iqpa0Fb/5BnoRzrZA/FUTA==,paga
H4JbGYyqBAdlMiYTAsEV/A==,paga
FOH/+ia797RCX3przPzyHw==,paga
GYj8E4TQHaqVy8MYCv5VCA==,paga
H1S5mN0GdzLINDi2buyREw==,paga
n7sqb7wHtn3r+Rf7WjhNdw==,paga
gAR8mWlCSH6uDvq1j5cXWw==,paga
93VxOjs6eWL3P/y+iMwsZw==,paga
DPuEMhMs9q3I6lhrydEyxw==,paga
FwsnoMB1j9SeQbiaKnSHjA==,paga
S1kk930nWkHC1gOyWoRSKw==,paga
i6I80m/ICmvlpNEef/4mNg==,paga
4rOaFKyqiQQttk/1jMtZYQ==,paga
7+2Qsgw5EhqoPYxGjEdcIQ==,paga
gJDgAhpkL6uqQfVCjdbHYA==,paga
E1BJo2zn8OBCfRe/3bUvUg==,paga
nJcwgfmqe+wTzgNVON3elg==,paga
bAMgy02rE9Lw8sE3Qlphqg==,paga
VexbKOqp7pf02fSNhZptNQ==,paga
bi6N3ATFX5q+SXD6GQO71w==,paga
GhBSbT07H2HizxsST/AvyQ==,paga
zmOfNo648EYx35II+h1bAw==,paga
LrIyJXxSlRkGK5s2USzftQ==,paga
KBx4BkkRmEpAbIKiIOYTtg==,paga
+FKdj9XPmY8LVI8ssWAl8Q==,paga
e7CfhQWuq1n0OCqKv0Z1Qw==,paga
8F5TQHqBKqfqLOfcm37Oeg==,paga
F3OrcvoJIgYIzUKeM+l3BA==,paga
b2s9mk9S3Yxh0Mh/ZsZLDA==,paga
SznEztPKKMbuEHT/aQ1Bkg==,paga
GRZ3BHy8gTiE/7e/qJq4kA==,paga
5qbrEavmBLQwq1LOBNX4Bw==,paga
2nTd73GksKx2eQTee6aJOg==,paga
AcaSW41nE6/xwY9ELGP56g==,paga
1lXq1mNGN3xc+3QODtYtCw==,paga
BVONtvC2X9Bco/11oFw9NQ==,paga
ZGDyVEXTV5/dB6zky3zFWw==,paga
V/35v2THUhgKqc3ft6rQpw==,paga
EBZ++dASfSJZCcTs4s38KA==,paga
Ui8ySomOElmx0+byKrWlyw==,paga
MvG5DH+CNQDeCF90Xnwh9Q==,paga
t+6ewyRXv7xXRHJAJfLbqQ==,paga
ryo+jqlan2UsMKtIIJdkIQ==,paga
9PuLW9HlRqUAmEf6UwoUdw==,paga
W425ld0WwvCU2o9g+lJ17A==,paga
zu0/mqBzKRCBxjZ5saIOOA==,paga
Les17xvO2QspsDVI+53seg==,paga
W76YVFz3jRQ888fvmt9GdQ==,paga
JEi/4WU3IG/fyT38RhkbjA==,paga
V753LLvYsv8kozwhN5RvtQ==,paga
99mL0zMeEq3oVoSxPPfhQQ==,paga
QACH4tAdL1p3bCZxjaZ5hw==,paga
sA0U8Yw2RIi+oUHh65HVYA==,paga
k82HHT21rYidyO09GSW4iQ==,paga
Y7Ny1UicU04SZJL8tuDoZw==,paga
ZzgynLiAonQ1a5jm5VlQPQ==,paga
REPR0udhpygsbAW66HjU+Q==,paga
sYk23uzNNgyNqIZtVsUlzQ==,paga
sBVSbytEkE8sapuUThpwLA==,paga
Whiy5G8MDl9RbwUiXdjV4g==,paga
bqKMnoaV46C/0yh07BVOug==,paga
+m26ly5TnRG6lnPQVyclHQ==,paga
K+yOJ4D+uLUNO7lfAZ1xCw==,paga
48oG3uIaLWZAYXuUjSsi2A==,paga
amgLXUKoJjS6FoFkci9oUQ==,paga
Vw7mpr2X4owXqCgGdG0efg==,paga
tyUKn20DU0H7w4/O89yASg==,paga
BzCrTanDO77Ek4ITvpSmsA==,paga
jYKUM80vCIPleqX9T9jFbw==,paga
sdL9cwpaQvtHJzLHOEboGg==,paga
gIATcHU/BYFBMWlorbgIFw==,paga
wdA8Gzn+AplIq8tEPld+6g==,paga
BaBPR/1+wiNSOGileXvpSA==,paga
pQ1B4uMzhWK7adGkYZQOSg==,paga
qNMEi7KVIkhOz14ZU0/atQ==,paga
JMFJoac6wxs9p1DHgTVgpA==,paga
JiK+2ula9fjrJjbxZBJEDA==,paga
nP+6cWLjdEX0EnUZqbX05w==,paga
qSMP+fXqKzWBEiS0q2bEIA==,paga
Vm3wfWfDwTiV4BGmPF/Z2w==,paga
5X3X+ol6Oq7WGFtyI28p6w==,paga
0wVNCdKBz9YlNo0eiefQWA==,paga
BvosK6DXiK9kB9BPX6Peww==,paga
SJ1W1O8yHGVd4WOrmKtSrw==,paga
mD7EulIS0S1HHN7ZVsYrBw==,paga
PJ6VT2yjnuPhCMSuqkB/fA==,paga
vjITtr2AhJ7mr34SHIiylA==,paga
Z8MkrNIXuvZTUIYRXyTrpg==,paga
3FC8nc/BpZ/OQ3grOemH4Q==,paga
jAmpbc7mudD6iLLVSBXOhw==,paga
c+AN0saT4yfEityLO8QAOA==,paga
4w/z7nnHcXuKOzk4IlIyQg==,paga
N/WEtNjinJEX5G4RXj+0uw==,paga
5x1/mA6cjSsU9GMq6/3z+A==,paga
E2GAcRDKrFsJyTieuUhXwg==,paga
yoKlGOXnqIZ4kqvEiJsu8g==,paga
16I7KtyLsAp8i+RQ5Dt5NA==,paga
5YYywmvZfSeu53iMrvekvA==,paga
4cqAfoFhYFVxw/DrfAD50g==,paga
4l8T/7R5ej+odU5JmbRLoQ==,paga
JHCaXVy6Vk/fDSYb/5UM9A==,paga
wpjAOG7QOdsqMg1njvNiPQ==,paga
6ptrEFWcNbrOimtzIewyPw==,paga
iDc/eiyXuOehgLW/nslPFg==,paga
9iXwOUeaprjGh4bVKuiQeA==,paga
XE6nKdC6VnfnpGkkeHM2Mw==,paga
KpJFzeDe5xCCFLY+Q3Mjxw==,paga
I+0TIduZahRecIJs0V6NJQ==,paga
R4fBzeIrtL2CWne+Nz8dHw==,paga
dJ7vUUvAt7SrFup58dTHzg==,paga
pB8EWJruro8GSFOEygqxbQ==,paga
2Dzx6iL6fXBuR1+MbNCCdA==,paga
iSe1hKUFAkv8W6y62HBIHw==,paga
OanSDvLIw2xrLysz82bORw==,paga
LC6e/JEHIvJGUCtJqo0Dlw==,paga
1j9pHR0/xbJ67lIsqUp0aw==,paga
toUJNq41yDtj1w9t3ma68g==,paga
CISzXGekoPTG66hNXFmP2w==,paga
++U2RvW5FydC2E6Xh9mXUQ==,paga
PGYLX3p9LFrJm4RwwNum7Q==,paga
ckgiQl3ikovI/84vS7lFYA==,paga
oiW8YqSHP9vYbLfrAASS/g==,paga
xbt0ZLqZ3uYwANlBN/9NXw==,paga
lzdJWY2yjr4jXE5rUuS2SA==,paga
Vly1X4JCIXILUBGe6S9U8Q==,paga
Bek94uCr327qhyWkdiLUZg==,paga
4u5nt/qXelUrzLMXQAujNg==,paga
MbmF2UUb7g3yHjHSQeR1wA==,paga
JR/9JiNfOYjhCskPV0ZZjQ==,paga
oYMvqocLmUweeWmCy2/cAQ==,paga
35bijUgiRbNPYoZBrddI7g==,paga
2n9exyr553R1IFqzPvNoiw==,paga
1zw5Y+cPbAT13SBDStlK0g==,paga
rUvsj7qHvSyOeM/C3SudLA==,paga
gHUQ3g2n6AfpyJbHSdM6wQ==,paga
FOi1V5TlvlwHijuE9pwmXQ==,paga
tAapPDkVjvTmHHKNN+Jifg==,paga
ruBJtOKaOgv8aDZPWWpKxw==,paga
LlVs3wl36dobfcIbf+My7Q==,paga
EcBcvTD6mnt1J7lsP08Nug==,paga
/PEG5XSfRTVXr7mJBMflYg==,paga
57edxia/AbTctiqL28bxKA==,paga
+MafujByNxZY02gb5gVidw==,paga
eIXV8fuBtiAnhhEAZEA0ug==,paga
LXc6AvwLHbfPLHaRkUdjfw==,paga
+NV5GTdOL14yuQqAka8cXQ==,paga
/wK9Dt3j/ukHD0iecHem5w==,paga
dWPaatyWtthhXfDgPG/oew==,paga
kCHYgJ+sSHy519Fm2jU0qA==,paga
RWkPjm1FcI2zte7J1y056A==,paga
FdBtSPziaRypcnoCDeITvw==,paga
y2PFdVFE7rymVZ/Sezux+A==,paga
9ITnqwD1TpC8/yBItXj3IQ==,paga
yH4Yef1PJWiH67NXZyMThw==,paga
mWzzBX+zVtg3VLp3/YgcHw==,paga
qhpDQs1mELAAssaI+RwrgQ==,paga
P0zl617AlxIMBti5j+fqhA==,paga
6jLyptEBnT3t62rXQZkeiw==,paga
Pu+iQIx45pBd4YYYgxxPyg==,paga
3/yaQBvBtqlZqkcq5lsBIw==,paga
NkGZxFloJC10OQSYiezEuA==,paga
ZaV6KEBMQNOiqkd49dxjkg==,paga
aVwUtJjqzJvPX3Uo4EAd5A==,paga
KThQRHwYnI1CVfpMCIxaBQ==,paga
dxcD5fko44np0DRNy/n/Ug==,paga
c9Xk3xZ9Jd/TtTcs4o2HfQ==,paga
R/tKRF3MbhS+ZxHIzXmvrw==,paga
e7AVLANw21UwnrzmsVBCDQ==,paga
90PrgD41Fq2jp7r8EtZzOw==,paga
VclIYbbk4SFzVyPHlpktVA==,paga
NR5PwoKPA4QjDHPRsRwZwg==,paga
E8XzLqVuhOJ08rwenIBGRg==,paga
BBG5eZv20O5QGfMxwPrS+A==,paga
Si8CimRmKr37nd9SzwxHJQ==,paga
OFpRxE8xUknQEZeXFajsKw==,paga
D/EzhiZpPzG5HNiDREkw/w==,paga
e5SBdq4lD5Jc9huiE8/p0Q==,paga
X9mw0QLAYVNUC4Chg7I66A==,paga
BLa+c6gNYf2Rxfkg8Sns3Q==,paga
fsNX29JdIS3gITZdtgVT/A==,paga
Mzzpvzky5gjSqPVtNymeKA==,paga
dKrnAsPeJA02mumqNe94HA==,paga
YfrZVLmU9iTTStlkPidhwg==,paga
46bLiARJUUsd56v2Iz+eLQ==,paga
HrnY5uWWEhBQ09lwlyrUUw==,paga
jkKeZk5hC2RVBRIyGLqk5w==,paga
qnCre/MPVdqiGK4O9dI17A==,paga
VekjiqZnR5iSv6/DAUvCZQ==,paga
uQAkMprMc3HFSmzRP74gvQ==,paga
Sv2dky4nopUOlkgbdFVyxQ==,paga
32y/tgqxg/kOOpT7uWmKog==,paga
lqvXLdUAliPqIn6B1LYpaQ==,paga
KbQi864u7f92f7sGjLtB9A==,paga
R2DKqN8/VdVrqHYFo10FyQ==,paga
mlrwx1kSYcjtOb8tUWI1Wg==,paga
132qPzMs6BvX//WQt/ZXmQ==,paga
VM+/M5Y6eYDvgOVkJI+Y2A==,paga
t9I8zatyMeMXVR9Ub8fB6g==,paga
6UwomysQ4lFB2RLIHWxj6w==,paga
BSgmmBG4csBvEEStBGUdXw==,paga
HYzG2VXE05DQCDDsJ7uUIw==,paga
h8u4wwjO6yS052DXGSexTw==,paga
InNkOMt/La+tYlB5lF+ukw==,paga
OBjh8qbkdJVURIkGTZg7Xw==,paga
8gVbr/WFwh1nQ4bbGc8GJA==,paga
+RaaB9UrSxIHpoREXq6cMg==,paga
3J/39mG0/0vOlD/pFeWd9g==,paga
MFBV1vZ8B/91woJNCHQxRg==,paga
pkB90j0YN0khgdEqSlrOug==,paga
FdK35AFx+QoBeVSvh7QGWw==,paga
nSI903WufyCXuEhUtv7gXg==,paga
+L7pVYlgpMkX/Y6Vybd33g==,paga
SH5sRU0B4RzhqEwFreKhTw==,paga
+aGQbAAkOzNozFCmXocq4w==,paga
+uAaEY994LeXJ19T+wjoMg==,paga
UnHl73LrypPdNgNAlXu+2A==,paga
sDVhkI00lY+ZJ/3NO62ooQ==,paga
LRouGma1TXCMszOc8aL8RA==,paga
h3mX6rKapv09bnx2/xEVvA==,paga
r7WZswMIwgH4AxhQ6bX8rw==,paga
7BclptUn6jSxR9VK2jruLg==,paga
dP+z/NKBMOAZpmpelj9Klw==,paga
GPDaoHb9HVfDX0FuY+rVxw==,paga
ML/0WV4FwqNhcz8zjpHr5w==,paga
UYoS2z5iSOqAYQTqj5EtJw==,paga
fCOaI2XtglCk8w3Atysy8Q==,paga
w6vZwxtxlwrpc3SFlfCS8A==,paga
0kfsfsgZtBwbQfCV4aiFkA==,paga
ueM5jXp0lOr/ySmAL7ZnHg==,paga
qQVGw2gZd4bRWiwqlM7yMQ==,paga
wVCw8vLgXAg8IFn2U2Os2w==,paga
rjxx/jaklPFTbEDNhtnhHw==,paga
P5RCC1hZtESvDPwvHHosng==,paga
tLi242iOwKZwby3qFQqNaw==,paga
aCEl0A7UqNM1DNzVgja9WQ==,paga
BGztspRc8k06N3ZFNW44dg==,paga
vIvi0z2ZG417cRyHzDSwig==,paga
Mis8DV8Jju6CQenWNCqKhQ==,paga
K3+c14TG8ivckFZO8G29QQ==,paga
zjijHKbB98wJIhKwa4VmEw==,paga
9e2aBPgTmMtxz/iCt9ZRCw==,paga
mtsFWfpmQkC24z/PXqmDBQ==,paga
nDKmlnlqb5NWCitrX6OExg==,paga
zbO19gs80NJzQoHtTUeVnA==,paga
Ye1VnLCE4IzwOK/yHjejkw==,paga
NN3UtmGAisOSCNV18ckY9g==,paga
B8HJCt9/mfGqtEbDtSf7dQ==,paga
OFghCRP6UetnUXAAabciEw==,paga
mRCZoScYBcVJfeH2EeZMIA==,paga
Jjg8Nzmsq2zRjykboyWpiQ==,paga
hHtfTo/PFJFVuWbZlaao5A==,paga
NnNiyuukkQKOIVrUil9+CA==,paga
apSp5O7Y8apeHq9cFOQhyg==,paga
O6fpjjiDeihdJ7aIC8DghQ==,paga
VLaxXmMbbU+BpZKCXfVdSg==,paga
6iSUJNfcJLfmvPy8axd3Cg==,paga
h+2N45gG34EjW+NHLrp0vA==,paga
Dj2n3237G5f/UDta+zk0uw==,paga
1uEDbzDjhK7ASdH9RBh91Q==,paga
gAfZbEwi/pll9m+v3Fxg6g==,paga
V8Iqs7rkH27lVsIeXLbuzQ==,paga
KzBVxeygGhwpsPIEyOqOYg==,paga
Owmfy36ZHupvc1Mq5H2+8g==,paga
DcCRgj/oMjnFvu+yYStOHA==,paga
kG9DmMKrxEp+pkfqAiVnEg==,paga
ck5iRfwizWl94Q02d/DHhQ==,paga
CP4fMFh4k3XtUu9gt2RP0g==,paga
xvdTybu8wGFAfH7O7Vf++Q==,paga
qhoCoZUYjJUhMSPCdJmr1w==,paga
TnOLJgV4pdzJ3R/3aEn7Sg==,paga
Ies5j3jKiCZBKLDggv6w0w==,paga
d11Oj20m/mcqsQoCu70saQ==,paga
M0tLGFq5MO5cBbHSPEHgDg==,paga
Fk3e5cSRmBauv77exxr1Zw==,paga
DGwcUgOkGS2I6RpGz7Df7g==,paga
q4Mqnk8Num1taDMqYKCgnQ==,paga
q10WIQXnktSBIdj1qmX0pQ==,paga
EfBt58j6hOSAMesq4RneJg==,paga
bcmWWpZNditKGHNPkYlrLw==,paga
3lkdlN7SzgZ0x6wRh5gHqA==,paga
bLL/KZ8XTWh3dwGHLyYBvA==,paga
65pX2YHuwV8t1tUaQRmyvw==,paga
sAJtgGuEGTw4ZsUq/uB+6Q==,paga
bQmD6GDhwgZxVXxEN9EeiA==,paga
Om018CYOBLL+BLjhkFGmjg==,paga
48qp+oyM0i/a7OZt8j5/eg==,paga
xUkuAPiwnHCbMXXD3y0IzQ==,paga
IkbC5M+c/QARXK9YKeMWIA==,paga
iOpTK0/doH4wEgQNMr/xXA==,paga
c66MYyhNt5k2OgfA7iV9dA==,paga
Kr9SYoZOyHa9UhUPdU49ew==,paga
znRUR+I9I8/AmghOlBkT4w==,paga
DslQj3g25FUFBpwJf2oSaw==,paga
OUL1Fpyfozr+wsSieaftuw==,paga
fh5XKqjOU4eM1FDwcomHGg==,paga
Uk+g+lIvmGe066UpY86kYw==,paga
l4nZ3pMwH32fvQ4Mb8uyDQ==,paga
JEst+O6rnnhkkChvBlTFsw==,paga
qzlNyPFN1b6Kh3MUktwDNw==,paga
BO7oPmE3uuy/uaavfO1eug==,paga
CTO4+PaNxx5xIOFXxOyDOg==,paga
nQ3uHDv+BaO88ohA411rRA==,paga
SFepWL/pwUBE2F/kFqJIxQ==,paga
tU4rWSrM2S9bGToWaqCLkQ==,paga
bO+4Vcq7NQtnaI4iHCGGlA==,paga
LTujTvpMm74I+1NRPV9iVA==,paga
WmaK6y4IrhdUpu+DjUeEwg==,paga
rF24r1yLmimF1TLMcAyQHQ==,paga
HY6cMHV2THTi8iyl9ImkQQ==,paga
kkN11XrVyJcXi+rjK8MchA==,paga
eQ/VawXyLOAfiaXnxjFvXg==,paga
Mglt2zlKme2BCNMB6aEjUA==,paga
3xBLoj+fjVZH26AlHFxgFQ==,paga
LW50t3QT41MwLUAAL5GP0A==,paga
GZm7BuvNgD+3/xZB579KNQ==,paga
+1twHXa+DOQ8avD2tvNs8Q==,paga
RCgdzfVhUspA9f8KLhsIkA==,paga
rG6W92cO1fLj/Ep2qLHSOQ==,paga
SpwyVKDRvzGCajfJtVOjKA==,paga
T0njnRMnUdETD5P12a9G/A==,paga
3UwEPFX9vovwBQ5zLPAbPA==,paga
H06r31YcjHaaaWtmWD/G8Q==,paga
PsMQFn3T9DPkfU8lZINw3A==,paga
ej7z79s3c73kXN4JOrcQhA==,paga
XqMmS7+ZrKq4cYU4Gbj+4Q==,paga
qRMg2O6SFGgaidgfeGLGYA==,paga
/eHtjnyGTnVEvrUAJGYs6w==,paga
FQj+wX5yJkcdC4dWclbAXg==,paga
ISZkzP7DqVKMgxbQ+YlN+Q==,paga
MgqZLu0Gze3UzbCzNlrpug==,paga
gPQrvSSydMxn7f2xmRnDSg==,paga
X7fzKoiQHQ8oyqZ+jNKjVg==,paga
aAXnsUqsgSEUvP8ZIIee3A==,paga
KoOcXD9ue96rrD3xmDzY4Q==,paga
3YSq306wYtAd7UCq+nofiw==,paga
p4ZnbA+HI0KqV5jGHX/ptw==,paga
/S5q5INBIdu8Co9smxxg1A==,paga
IIKAyfkTIwS5BK8jLyOBbw==,paga
jTTznFteH6UkKGGdXGc1aQ==,paga
GUNKhOryYABhyaFY+kA/aw==,paga
8NGt7Kmn7f7SCKmlVToggw==,paga
fpDyhikXZXsul/Eg8ywHaA==,paga
FCxi7VyKmwWmA6TQc6N3JA==,paga
UeKKnjxpD4kRhR/59FOMMQ==,paga
gWh8Z67yQ5g6j7aQQUrPmQ==,paga
u6tD72KDTTo+bhODFmA7lA==,paga
aVY1h+MAY/tjCYU0ok6CUQ==,paga
cxZbO9ZU5v9cpbCmH9O3sQ==,paga
1sVkCFZq2r7FTHPX7d1vIQ==,paga
YL+QiehgYXk7VEsWuHP7Rg==,paga
iJWX6q1yeNQl3TRqZxenXA==,paga
QUIy55f3wqYaAmRSv6HHVQ==,paga
W2owcweScz4ZiWSzRTyUQg==,paga
vwiP4fzoKAu8Alyhjh8WMA==,paga
W5WrfNIfWCqAS/K3GkzmHQ==,paga
IL/ageH+NLTBWwIQGgj7Ug==,paga
/OQV5mjJyhB6ZmsZ4u6Y0A==,paga
j8GB6Uzxv+Zdjm2221xybQ==,paga
/PlZoE7sr/9AGPZ4G2ylIA==,paga
iGnzyY+T8zvOC/F8RkeXBA==,paga
d7Cqfvm36SBdp6QoIVMS5g==,paga
JdGjYDUJNYqvuU58lfTwFg==,paga
Ux7IZAZh7cFkHN8GWISPmQ==,paga
syET9unR+3XuwI6ah/BAKg==,paga
sIf3NErSSmyM6aC6QHdBrg==,paga
mEC4agPTU92uVS93t+YD/g==,paga
AomZsqwME46OzxPP/JqR4w==,paga
w32h4Ea1bktaf24Xa3a7VQ==,paga
ziNOHNZ/Kcd26EqXcS8JWQ==,paga
Ef0YJQsjNUvwx2WvWCnXUA==,paga
puKWj75zLfZA2NTmdOxgjA==,paga
zb6HG+ZuLPzBNeukGpqr2A==,paga
10VjIXhPxvJtl9kdgYdT9Q==,paga
+HpkG8ez6F5nIrT9BIfaWg==,paga
KfLfro0M0+oLpxO/bEnX+w==,paga
aKye98ieLneLfNmDXPhOYQ==,paga
HOWIACcn21f30wehIRFGqg==,paga
S5+dz9SPfpO+LBXWG9mMbw==,paga
nbF9g4jBNdsgDBPjSaIbOw==,paga
WQfMi7coWtCu0A102l4sPg==,paga
chSmIDC+/gJ4S1UibHwHbw==,paga
qO7tjZnEt0gGE7LfWSIlzg==,paga
7rkz1phUHs7YjlXuW4uSPw==,paga
jjZxbGE2030Wf/1ZfCRkgg==,paga
w2d1h+9hlCNkr485oB8nvw==,paga
jkSSTxbj6W4MHmksrkbx9w==,paga
XdSvq3xWKwPiF56q3XXk3A==,paga
+Nwhtj545PGOAUPdgax0Tg==,paga
LBpGF8d2+c64qM+Fl/6AUQ==,paga
IguRXDea+5xqQvn0Lr+hHQ==,paga
IQlmxDPLXxi9ahlp9USG9g==,paga
3GBx+CZa6Fh01cCCMgXiig==,paga
a4aSG1jDYY3zW7jjErUHLg==,paga
He3ca+RLclGmtaDcEECKgQ==,paga
7va3pVgBhmSBLk9atAbR4g==,paga
mC5Vwsn33XfP3zgaI7x+cg==,paga
NMU3fNlEuz2/RWieRtI6+w==,paga
Q3GmQh+71bFaTxg9ObCSSg==,paga
ABC9uZCfvGBuKIjyBTDP4g==,paga
/EX62FmeVKWMKLz6S42e/g==,paga
YoIJ0+N36wXUg4zZ3LEqMQ==,paga
Yqa6SO2cMrObv8BtU0/KsA==,paga
j8ckae4dXiDpkmjI+Ndamg==,paga
chR77GpZo5+O52M6mjJx6w==,paga
XF8u4XOI0wGKUxDguMXllg==,paga
F0R8JHj04S2PE7gl2+oM3A==,paga
WROV2YOP3c5HH2siMZjJHg==,paga
Ui5MNpv/TA7ZO9JNh8vQvA==,paga
zLyu1qVeDG+uWtzcjA/7JA==,paga
AKaqbmdA+rlC4ZljPq1ojw==,paga
Qb7qY90EfzRzPEkKMQkceA==,paga
yuckZ/5wxWRVgCUWkV/Y4g==,paga
qy3GsFXZY/3ETqjYR4GqRw==,paga
xrCEU7k/vWqKC1C3LdoUFQ==,paga
xpr4aKdOdlbSErbai1g2oA==,paga
diSHNdJHedf5DLhEHb92PQ==,paga
r5j2yhimv7vP0fuRb4LUJQ==,paga
DP3Y4iO2oF+w9teZzKmRSA==,paga
JOs0tn4QIXYKFBaBxalOTA==,paga
VnW0BZk8wfDOiLn+pdExMg==,paga
AkadFLjd3opQczFZ//Ym6Q==,paga
HYDWlJoX2V2K4bJHo+BD6Q==,paga
0l9X6OBPxPnynufPJ2/Zmw==,paga
y4dWpEEiXHa2JK/OvLINcA==,paga
6aK9djf7KYkmTN6cIbEwXg==,paga
5lyoxMwY0+u/hbiw2W2p7w==,paga
5SqTzf6qFknttcYQYfnjTQ==,paga
ZBarPKxrZ9Uum+Ip7pfhhg==,paga
C4Gdt+k7y08fkEjmU5PTRQ==,paga
2NQNeqzfoLeJ5ZB6BSAzNA==,paga
wITmZggi+aHu2w9ubCVfPw==,paga
Q20uqL3bWI+f09Yc8kbTtw==,paga
XkizTuhqo+k7qDjaAyfgoQ==,paga
KHEkTt4xNjs3PBeUifejxA==,paga
ppW19z8ElHgAoM4DTSA1ow==,paga
bfFV7vcnYZPN5MEg7gNvgw==,paga
2uAysb9SbuPUpJCSR8yL3A==,paga
96PCtj5Ur2nOXAwx1xOcBQ==,paga
PAEasis0ATm92NBvLzVBjw==,paga
T9SVhxnDnEXskBgo/kA35Q==,paga
0FPSY0rDP5lkNOEYVroebw==,paga
pzm/csokjmnmQgJQHqHceg==,paga
oe0vdRffUVM2fSxzUDdLuQ==,paga
nm7lkqq6Bl2Jk11L6rH1LA==,paga
e5dirmfv+d5GAAExOdaaBA==,paga
45op2m8Fm3bWPTOB/wUIvw==,paga
zZZYHCzLyd5oxxQJAQYHPA==,paga
vT72pw8keQ333lkgB/oh7Q==,paga
FkXs8myICzOUj3UuuVgQUA==,paga
MKUX+Z/fdN84ea5rUzhXHQ==,paga
SHRigzx3Kly0vWF+mo06sQ==,paga
CnpJdyCdhkXxlnlT9PCwpA==,paga
FuYDfzmEoblrKnJrKmRqiA==,paga
nbVWKMxMOTWBwjzhc9tsQg==,paga
GK59WepxoWYY3ZltMrVhBw==,paga
11hU/AU9uNRJuYD3dLh+Rg==,paga
v+Lr7glvhZRkJe90DhSqPg==,paga
MtfnN4JeWi2elAULzWcpmA==,paga
FVfwKVAJM+058oI/FfQL3g==,paga
BQ38bSvGeYUkDSFwWRKITg==,paga
wAnJWgq+ZUbSsY2z7ZTBxA==,paga
8Ew8f3lUAfPYv7uOaHOq5Q==,paga
0gGsbgHaSJrV5/qx5U9d+Q==,paga
Ocr10VMhzzGF/iJ9nxTwUA==,paga
aaCFh28wh9GP15Hgg674bg==,paga
0KGxjqO0EhpbTlvyDd/AKQ==,paga
bJLPeP+x1Gvb4hOMp1D30Q==,paga
dYY7UTqY3mqqEyp2rz0TBQ==,paga
XY8XL1JjONzRUyPHtHhyVw==,paga
p1MdMMhnbL9Dj7CDjpTnDw==,paga
tM1Hz5FGczY2AsrVYTMjMQ==,paga
Pi+VHOq0KMIWd3X2Nq/7kg==,paga
GQFAv0EAd6r+mPCjos9QPw==,paga
k+3yqWjKRRJ0r45BctoSxg==,paga
ElEWbvSjGgcxyYfdR3jebg==,paga
9DLoHimAYnz8jDsqkX3NJw==,paga
unMu4JSKSqnXTamMn5b5mw==,paga
Ndt7CVfB/GeoRfAeUVpVjw==,paga
Y72Xe2tYARixAimX9agjkw==,paga
FToxvfjj7xuYkvPrcAu2uw==,paga
i0P25QbrJAI5NQaJFZb30Q==,paga
Y0pb1/YdfwHFInY8ZF7jLQ==,paga
A2MoALJTP1w1Yd+/lztcJw==,paga
bbTqWFR6wfZ2yF9c7OWyOQ==,paga
3+7klGEafbiBWpdmRnCRfg==,paga
zZa4pHW0w8nZoG1c4M4jnA==,paga
Yt5JD8DIC2z2m+WnTLmkoA==,paga
7mtInTJdb22vg9Kn9V6iFQ==,paga
T0+c2PzZ2A8qNash0KQ0Vw==,paga
JQizkujzAbdqvvLO6/wq5Q==,paga
FV8yxjv3izpZeCGpM8+jPQ==,paga
GWxT/CunYfDxZbQjtbCHFQ==,paga
MzF4MiAuzTPFjpYQRXtFOQ==,paga
eCO28AZ/BXiZ2D4N+UrUeA==,paga
00WZcLCyl7qbapATXNmJbg==,paga
2tC4PjicH4AoiQOSMwTYTg==,paga
rdd0FYTRZMwTGy7ljDUOkg==,paga
a+YzuGzuVDGIC8AxXLDqlg==,paga
TBHQsjqoMkkozuP/jKgwmw==,paga
O8aa1f8SHUEq6huJQ2vXxw==,paga
C0COEMBvEBSQakEvvjDsaA==,paga
U7vZbcCuuh9LwVd2tB6p8Q==,paga
pBg3CiHnmGRu4gNFwzNtIA==,paga
kauQWfUHJAtDBP++BMDOrw==,paga
GqcXZbzxW1p8/XssDhJISA==,paga
oQfq8bYHLnCvELUxAPccLA==,paga
/gHGiuVmZkmZCLX5bejqwg==,paga
zdgfc3TJn68kvHke85OLKQ==,paga
kfiTjScZZxgq/8reyZyYpg==,paga
j38BpHkZX8CnRG70fBAO0Q==,paga
VGys70SV1rNr33ZnGs9CUA==,paga
TIEECM/SwEa7KtAGMSraZQ==,paga
k3O/UC2ERFqyQ9TaAbFcZA==,paga
gwFMir4zHlCNegLhYcWAHg==,paga
25qHpEJqdpmRqfsMEoSqqg==,paga
5UC6iFPi/xXRvh7LLcKfIw==,paga
Z1bBNE/dyReGiwfPops+Vw==,paga
nUdRHCnLRbwLTj/evJF6hg==,paga
yfiBgAVrX2HHgymD0fzH9Q==,paga
BNKYjSTBcC86ANfUp1xNfA==,paga
Lmi3VcVzh3wwNmuRaaehGQ==,paga
uA/dKxQURNJMamx/8sthOQ==,paga
tt43fHkAcabC4XxTMdyf8Q==,paga
ZMqOeOQYDmO4OhrJR8Usmw==,paga
1sZV2rnhCdud28h1ItAcjw==,paga
71Pq/CMfiHC+HUTaOKkRig==,paga
P0NXl1DdVy8esEvaIpdZyQ==,paga
wQPApfIKF9KUEvk4tKVl6A==,paga
B3mKb78ifuhC2jU3mRxAWA==,paga
NmMV8ht0+wgdGSJfAlfjPQ==,paga
Vv0p/RAi05mH/C4sYNNZwQ==,paga
vFUFO6oufql8w4voQ61AIQ==,paga
t0ZCq9TP5Tpm+b0zYDzc9A==,paga
voDX1jFoLq2sKJ4v5LTYQQ==,paga
fZOcT9OPAGHigNulXvg4qw==,paga
e1PET9lIkCr84z3+UlpG8g==,paga
XRCDO3xUhyNpLRu2RVkgaQ==,paga
OHpae0PcCr8TC4gCkIhbnA==,paga
WQT1YQfkES9pTIybhWPUHA==,paga
2lLdHYBNyNv+j3RTwLPblQ==,paga
j6Vft3cYJ7ADCaR7GTa2Tw==,paga
mRD8duNxJtMft15bbboW9A==,paga
eiJ+22SGqgxJh3DbCUS55A==,paga
z/rax2tN1vUIG+rgedwEZQ==,paga
l/5KnWi8BED5FdYAsBVkvg==,paga
hbJuKqO34PHfvq0LTBnRTg==,paga
QbHLiE0MOLJTw92Iqr2dYg==,paga
uj06KyWRNmv8CgF0Lnb/nA==,paga
pEDcjEo3sfeVjQQnERAwJA==,paga
q3xuZZpBpVrktW/IBNlQSA==,paga
6VxiK/PKO1zzmVl4p349iw==,paga
yJfI6tBLY7PhtYaIYlpe2g==,paga
BHypIrmv7hovHvTdIgnjbg==,paga
DN+rrBTA1cIdG15PaVe3dQ==,paga
9YTVzunYbOcJuY0zRBAm/A==,paga
MpTBDoQrX9H5w5D4P8p5sQ==,paga
FQ1Vhq3Vb86akRPosLkWgA==,paga
d+n54HzI3QRj54Me0PNA4w==,paga
m99mXu7y0J7byi01/54gFw==,paga
HG65CB6gvULcYYxPQ1xAcg==,paga
t7O+ATD+k8h+RkfR+Ky8LQ==,paga
OXWxjtli/1XNH0U3KY22QA==,paga
Adfz88ddVDM8owZ1MyPX7A==,paga
nTQmOLPocNN6hYKO2wZP+A==,paga
qZQFAp/A+mw3aXm0fTa3aw==,paga
RzX3AlCbv2ctjV6s7r7UzA==,paga
VHwywGDYgwqbhL3Hoq2QtQ==,paga
ZQFIlJdsxwD7kGJzXo9fXg==,paga
ya2KVJv2hB4jKdNgft0rdQ==,paga
uwCfTWdRKaUHdFnIBpjbRA==,paga
EZpB2FBpFPdvQ4KH2aYCkw==,paga
DyDkXmGtkKwUUfmLPKLFyA==,paga
0WnYO788lmbNxR843SsiyA==,paga
PgU6lqECKas5I28eFsR3CQ==,paga
olxDfC1kw6qDJ8mJ2AuPUg==,paga
+c+3EP5TXmSwL9Dx8Vmx6A==,paga
2VeiiW9Dx84ArIsP3r4wAA==,paga
ld5DEK8dqIdJaf484N4tBg==,paga
M2wWBqMurM5CNOY/o4YN1g==,paga
dDtQxKnZ72DEi7OBZuLw+Q==,paga
j1N0JBdxOVwRTRUSPmSbPQ==,paga
Tc0jcQDG3f5D1ilnhwfw7g==,paga
TgOpDMm/YrrZEumj6CZ8nA==,paga
dQr6neMPoU4qwtDwJ2iXLg==,paga
HbAfNkY9gu/9dMzOaC7IOA==,paga
3n34ZRH4ZRLQsEhgPuuffA==,paga
GM4KjV/BxM4MW42DN5gKJA==,paga
+jk9/rjAc3kZs6iJVi0+XQ==,paga
XQjQO7GXSvV6bJUZfBtEQQ==,paga
Xh3Co8dR757U2ojDLddBJQ==,paga
uH9jDyRbpag7GUO6HNUYUA==,paga
xoqyTZXfoCUstICUmTZ48A==,paga
ENF1bJJUIB7KYiO23uG4cQ==,paga
U4bVCrT0IJ1klDlDbmrLwg==,paga
E90zaEW261GAZMMNi7nCxQ==,paga
RDzX+GutuANhMLQCQu4LNA==,paga
OxIuNnApy5Pig6BDl1QaoQ==,paga
U1KY1A7ygJjW2XMizMQGpg==,paga
YLiwis0bZQ/PvO4IMWatuQ==,paga
ld1JdcAa/ihshBOhDU3/Aw==,paga
h0mzVkAKH5DQmVH8mLF6cQ==,paga
6jtazaRQqUWTxjp7Kt46Tg==,paga
elZkdofhEl8FHL9wrL2bLA==,paga
mAhOD+mOOvJcrEh/oILzcg==,paga
T+cXYgixe6TLJpbOjtNZWQ==,paga
3vQnER03boWBed8jen1y3A==,paga
+WssDCoagC/tlFs4XMcTHA==,paga
3/rYZ4EM0FmKicqtYLceLA==,paga
686Ti9IGOX+/onYAbE//uQ==,paga
J2t7ACjZRtRiLyL7/RS/6A==,paga
Q9vqga1XPoh631gLTQBreg==,paga
pm/dOix7+8lNB49oCVbAZQ==,paga
JIGhpT77jdVMg18sDAeICg==,paga
Pi0r2n5aETcTFs2a+cYsVg==,paga
rJVF2C9sdjH9Jn/9K2CTpQ==,paga
df/+2vwUQm640M6jiS2aVQ==,paga
IThS0br3HdnWqMJbexULfA==,paga
KUBqZwHmVFLJu6w8WgzwDg==,paga
FF14R9HUkqIYpJXYymMx6A==,paga
hKkkLX5jiET9Hyl3ley/OQ==,paga
E4OG6apzGknclnGVWaLg7A==,paga
f3V3PedWxYtGZk2Dk9F8RQ==,paga
jtY+UJFCTAigGWoI1JQc6w==,paga
C36/OJvuOYzcW1XFrNozyg==,paga
Pgm10GGvlDpjvCIgTzVwJg==,paga
/BZXDWS7fuZ+SBqjkWxOWw==,paga
hmvhRWKaJGxJX+ZwLdXS6Q==,paga
oFfCz/pnO7Evj4pcU8ApNQ==,paga
YanlmO+2RmgAS/1Lw8DECg==,paga
jTevCXZH817a6PygNbjz7g==,paga
c9+rwSwR2YhzpiY+b87tAA==,paga
lEPXvaEXYlTXoyj6r/gf7A==,paga
h9/aP3MZ96iryxVEm1gpTg==,paga
aY3f8sVShDFYkcwQVCGDZQ==,paga
Dc/DETV4hQmGgHKedDp0YA==,paga
ivZW01oYRPU2+k5NuFeEPQ==,paga
dF5EL5G8GOf9A5AZJqZXtA==,paga
LTrAt9AMIfUrtPyhALbhgA==,paga
VVgjzDvcX8M74OCyvQxAVA==,paga
V9cSL0YRhSkRrXR3nfE8HQ==,paga
2pD55WbupdZvaiTm+Cq+Zw==,paga
2E3JQmllVKIQkhWC5EIF4A==,paga
0hwscK4IfgsinwLHvMHXVw==,paga
IdGy0RDaVfbHNPz27oHjfQ==,paga
3JmhAB/TF46x+1mT/0s0pQ==,paga
RRKlogOuNkBgddEeGZeqXg==,paga
vEy74gHTIql7F9zj85p1wA==,paga
Ka5uJH5dfi4apMMyW0Ji6A==,paga
evcQbb6vaGyP44tJZiKNNQ==,paga
nDcD4ccEONETrbFDdRqBdA==,paga
44BEYkjZNmnu411Fcm7LDg==,paga
aYu16TAeFdMrzL75ByLvGw==,paga
myOgI1tHspboNC2/LAORgA==,paga
ug3BBH2exarF57O6r7hUcg==,paga
5MEt2pgPKk7MhA8ZtzYfOA==,paga
kL7guqMAyJNIP6/iDRqMjg==,paga
FzkDRE3mt8dtomTwt/omwQ==,paga
tX4vEFraM5wFw8B499Ryxg==,paga
YgURNGTrR6/AKDWdkr4Fzw==,paga
AobB1hcukExug7kn1YXRTA==,paga
BlHSF/AFJ5fEbKZzz3HmRw==,paga
PSxFWsPaRESJkaz6NC6tHQ==,paga
xqoLT+kewWmj0xzSkoDEaQ==,paga
OJ2tczj4DG5JVu8QQSQCAg==,paga
1gMiEBBhX/X8cMhwK2mMng==,paga
k/Gj/2RjrIVn3sDiDPnB2Q==,paga
YOKr85yVPoiWYOuliYOSCw==,paga
6Qi7kzcYQcVWkANEO8XzVw==,paga
1hXjMpb6JnZ0KhK1GBTqPg==,paga
okAIQhJtk7vXz4v1npFmTg==,paga
ax1o/o3CSDrD2G/aG12C4Q==,paga
4flRE4WvBczyDYie38psMw==,paga
/1KFFKyp4vxixVS32PBlTg==,paga
T2XxhX2Osv6SuSGZ2BPkBg==,paga
yZF0Ue5QlJ9L3rTY5eIyUQ==,paga
7R6DmEdRU5oneSUcH8ypDw==,paga
5FcX7wCz3Tj2zIEZnLAqOA==,paga
/eETgrvo0f1i9ftTH9jnEg==,paga
dvz2lHbuLk2nC3VKAQRiQg==,paga
SoQzKd2REvgjmUWvQbLmLw==,paga
1va/d/v+bYObZl8W0iD1nA==,paga
QjL52uwDhFTfQqJwU9E2Ng==,paga
s9vgdPLBNncYs7iAcTqyEw==,paga
JJX6zTkAOB04L2i8PqRvyg==,paga
9BW795fCsPbsk45qUwjsvA==,paga
BsgEM1bqLT2q6YmgFJS9uQ==,paga
2Rn6keV76JOZ1bPQPnIhrg==,paga
Ij8YAe5xqNyHkxP8tVa4Fw==,paga
7GRpos8cX+E97mPIpE857g==,paga
MPv9wVW9E0D3GMVaWEUsZw==,paga
NIxjYtHQMMCqDfr8kNIvTQ==,paga
+P2hH6uD7swX98dpV6h/Rg==,paga
4g3PAVGCCEsX7dn7QRcNgQ==,paga
4oPiXmwp8CZ62A9KNDdG4Q==,paga
BVoTVYvsGepOnkbU1Wb74w==,paga
IryDI6LW4Gbbur9uhKfbyA==,paga
cd/vlc7NKO+da//Svufj7g==,paga
uvOsz4U7GJB2E3JuPE80cg==,paga
RbMrxjucDE27+FU8Dz2iyw==,paga
GJUMv+t7bBgEbmmQCEhZ3A==,paga
W0GG7qZA2R7tWwb6wACuug==,paga
rv9wjD56pOKmNz1NjkhllQ==,paga
x/L8BLXTSALduArx8KlgPw==,paga
0v7w+t1NkUXu/oKsNb25TQ==,paga
ekha6XTsDa9+sb9WNJjDfw==,paga
KhYmJfRuEHq5mo5efRC/PA==,paga
ahvmThtNRRLZu/9v7XuaJg==,paga
T7WYWhAxFr0W42vXuSClHg==,paga
viP3bb2dLRHkOxKVVILlBQ==,paga
qEaFi0kXdx4Nd/TCcyIuPg==,paga
p6SpGUSzsZI4HYJehavWbg==,paga
iPI+9b8dzYUOUYZuK/aImQ==,paga
I6eX78Lwv4j+7d6R8eIMJQ==,paga
0lmyq0yEVmd4PJsDgXeB9A==,paga
3ywnls0H18p5lk94G5qYGQ==,paga
ZVjohBIhKR/uVskURFeB1Q==,paga
tN8zgE0RAi5Y4ijNZOJVEA==,paga
EkdsrCKPxclnNquFkBuMeA==,paga
LDCh5IcApWVPSpEzo0nMbw==,paga
ZtSzWpstrQdr7gmNgaH0qw==,paga
jENIamq2pWUjvoV2o0rmSg==,paga
CAUc6OJXkFZ/X18kX9IEzA==,paga
Tb4O3BD1VOP5T1wc408ftg==,paga
MNnOcvPbnnYRbpmNkAV3UA==,paga
COrbyN+niIkGKHyL+5c6oA==,paga
X3XLdiYL0scxff+HRC+xdQ==,paga
uLG1McsmNyYYxGv04iPdmg==,paga
MrU8ur0Adfm/86eU4c61Hw==,paga
24C6cik4U74uw4AR9xWiGg==,paga
bIYObiY3FAK7br7vt6Nwww==,paga
zVEbaw2JRM+4e/TRTlJ22Q==,paga
Rf/ShWpsHlocqsqVBhNhzA==,paga
0+4PTS38U4epeCeCeqE9Mw==,paga
tcMbC6oyOxn7xppe0R3q5g==,paga
OUVaF6iMZ3hL00VmabjS2Q==,paga
fj963Q6/S/hkNDBLj9m28Q==,paga
t+a9YJ5qydLkAgYZMTWCrg==,paga
8p90qv7eHkXvyW7OS9HJoA==,paga
lWsJi591agjUbepI3wDamA==,paga
UpGGa9XcK/l7G2ZLPqVYrg==,paga
9O7CSIFWBfJgCGtM4oZw8g==,paga
Yjrm6N6Kb9JQ1q24Sccfyg==,paga
vFKJIGsLknoDL6eHeDcpyw==,paga
DhtoV13q9bTjGF/q/eqwUQ==,paga
/+rYymBKMDLocrvchQ3wkQ==,paga
blEk71wKft/k6Wkj1aI4AA==,paga
LTKaYAHjEAsFfP268A4oWg==,paga
fmnzW/DfnpeP9q1b/Gkf/w==,paga
7cLwLqf8hhFJUrv1+FdmAQ==,paga
ieZbleXjBduCDxJM7fWn/Q==,paga
28FyWG7xOPnOsU3qN8gVvA==,paga
kb6Siqy1OI8orGq9nP4wMg==,paga
yD1hXCBSWrIUuC8/2wMPQg==,paga
IY1IVMa6qf2g/DN+KCPR2Q==,paga
llyfnxshgWGrKdjFEHLK1A==,paga
ydF5OHVN8OiWRbGZYYoMEw==,paga
1r1+GUQ4EMDiKf/7hFhpDw==,paga
tprxwH+Km7z3mtzBWd6i+Q==,paga
ozgW++0ncPhjI6UZheXdog==,paga
Z+Bfo1M0DDX4rF/C52XAGA==,paga
dAXnkS9yzzoxnGnS5a3ZqQ==,paga
Rk2qvloxhitCa1mZQDWPzw==,paga
C03sZRubZCnlwUtFYLQ5mA==,paga
ar5kA9Vk+GrjN4M+1wKVNw==,paga
uYt/qVwnfBnrUeXej9DUcA==,paga
vjClpTlsRYIEKqhzkCToaw==,paga
unNby+AlX6dp6DZ34QZuDw==,paga
FoxbQqWv4or2VeWSMjGRPQ==,paga
N5wExIsfzCvd8wqJ/HL7pA==,paga
pgSAR1Vn2i7AyGVaS8vvKA==,paga
7UAiZwO3NS2ukgCiSMzwEA==,paga
Dba466Xtn0/18QpOupdzig==,paga
2Aglth4iPlZ9oMGx5QdYqg==,paga
daBBv6Da4OOWvNM3vxJwWw==,paga
EptTsuKz//KQW5JsLh5fcQ==,paga
G3ZS2HGfX4tga5OZO/Z5Tg==,paga
BW5BEAS4nFFaYBlw/VVKUg==,paga
CImDF09j1IdhIAAAuE2tmQ==,paga
WJJIrGJBT2Fv6UN7Ky3cuA==,paga
FaOihxYDDeNuOxL95JjU5w==,paga
ga/3UyEbQdmlOzLG7rfHdg==,paga
q7tlIkJyYkoWzq/agjqp2w==,paga
XDFIwbrvn7uRd7P5bYvgcg==,paga
0w9f0rZEXyKvKrhrDoIRRg==,paga
nnwZZnGXGj13xOyRN+Xykg==,paga
/tuN8ayTzdVVEDI06v/i6A==,paga
Icyp/p7m8UH3yXh7abhTvA==,paga
2spbgXfcBIPvA01VKx7DTQ==,paga
4Jl9YKNGxN6NVrKQmDNYNQ==,paga
jv5mm3dF/M6ZOR0UPBrrBQ==,paga
ER1Jl4AWgf2sP880czK0uA==,paga
403cI9dO8GEJ2D9iQ6ubAA==,paga
PF+Y3xxmmT5O5dEnPNOCdQ==,paga
/NKRWQQs2wMc64hZz9V99g==,paga
saWpr8v7Mdi1bpqjIDjmWw==,paga
OVaebLkHUidrfZfld5n5SA==,paga
DGlc4lYU8OyEOZcAbeNdvQ==,paga
c6+1PBBPE3pulQ7e1yg7Jw==,paga
AKl3bgs1DI7ORQzxiLY/Lw==,paga
PPlXckB1hScYFHqgOQmySg==,paga
jOikWcJFudNMjl7cIE7hxg==,paga
1LX54b2DBED2x655XPWENw==,paga
JkpYOJQgIoC83I7+LrrnNg==,paga
Zu9wFVkyOXEh4IvlD3LcgA==,paga
qfmHi7lmrWm6jvh5YoArjg==,paga
tOacN1cbyvTNwH4wlx0+OA==,paga
K7aUCKML6Ckac5Co9Meg7w==,paga
+JecO329iZ3sPZy9zo/z3w==,paga
d51UtdwovMDNCsxlpG4N5A==,paga
tc1MkfJFWQLoMrlHk5Dx7A==,paga
Om/voXEzaEChd54W6PfqJw==,paga
1Jr8xv5OXUYVhDWhsMZb+Q==,paga
6cdszG7qkVCZooCCZi9BRw==,paga
WXT9zD+Pj4MqFX9zK83UtA==,paga
OgHdi4PGkZchNwcyzkKHzA==,paga
ND8cKX3ybpP1FD5o8nUQxg==,paga
+dxYxsFQaWNsMXZI1+I5jg==,paga
8AoMJpSHus0ivQHd7dC6tA==,paga
deUOS6KnbIfHca1QreLBwQ==,paga
4s7OTik0CQz7ULkz5WSDdw==,paga
nb6PZjDLKSYlKSkwlSQf/A==,paga
S2Mj5o07ofAfX84kBbWSFA==,paga
wiPepl0dDJD3iShX3UUpQQ==,paga
hr2Bwb+h6nyarjyicpNn0g==,paga
5mcXiCptxJkbixcVwTQqYQ==,paga
E9qZ+Cc94vJgWj5nM5gDew==,paga
Yv6f5RtPaOr75IiS0hjzDA==,paga
cES/aR01G23dziSzFvlUUg==,paga
RqAeh8yLPfVmCaT9AaEqFw==,paga
ycalQxSOjB/r1D7IOFtN9g==,paga
SovzVr+KaYU85sSK8P5Rzw==,paga
R+juNfI+o5fMNw9Z3Jht5A==,paga
k0JWuK8fYrZg+bfnWS72Pw==,paga
GYMFSwYh/r0UKmXKNwhyeg==,paga
oNgdWCJeA94E/Y56cBbpQg==,paga
tU5Sn6Hb13Xzkx/2RBWMng==,paga
GbcI6rqmF5AnUKUSX9t2rQ==,paga
ba7yBPWLNxvsip95VO/zGg==,paga
l11UCO0hUwnUc/3wXO5CQw==,paga
dzXFi8VM5uTxRbUzHFs23w==,paga
VxDQYQ4GZO91eruAlBfiIQ==,paga
/dCExDJiH2gmg9DXUWsuEw==,paga
Rw8q6C5W+4X3KAcVNBEUkg==,paga
HWYENOBKDH74nvoSKq01Xw==,paga
DHXsyp28Yt4cgKRorNJ7oQ==,paga
/TYzUuUaz+UONHcHoHi53w==,paga
wNeBwrtxn6LIAAMkojTAEw==,paga
iwXQTXMQNZYWX+i2uMOI/g==,paga
0Sv8pYH8uvctCXcsvmTgkQ==,paga
D4RYMMNKAxD2fn2+j4XRSg==,paga
lDwvs6/vyawGpTt5Tsm/+Q==,paga
cuZQvuRwzO1IkHnw+am3tQ==,paga
+zVMtBxZuunfc1MR7CqFRA==,paga
TIPbHsSNIjRuym03ZBDuNw==,paga
8Nm9LQ+zYd1RTUVFbYf/PA==,paga
2OgATrLieN5AnHF9/SbubA==,paga
gd3P3YAV6jwrOmPrezj6yg==,paga
sifkjsGIK+pQAEjmPKE6dg==,paga
qBBp9Kqq4RaGol3g/FL8Mw==,paga
jJp4fVdVormh3rkoQZ20Og==,paga
q54e6Lsq7RzPQ6CCClqJ+A==,paga
juNTPgJgQvqYoStaEU0SwA==,paga
QvF8vNFV56lotgvQlXUGeQ==,paga
HPcPVgVqxw9ZTqGyMLBqtg==,paga
v6fyj7Kfu8AEEakf2AUD5A==,paga
EX+a8R4NvJItEDi8EwuJ3w==,paga
GyDHSxh8D109PPL/wJO3tQ==,paga
fKEttdaWTp9473Cfht0mQQ==,paga
ZD/pYPVaGvIwMAS88phxZw==,paga
RoPuo4b259OwKheIai3xnQ==,paga
NDOCvk8y8VKT16JZpogcNQ==,paga
TwfX4xF8R4CKxmid4ji42Q==,paga
/Nihx6Y/JIdU2RcIFFnZTg==,paga
fLfSsy6zr45sVfuMB8YWvA==,paga
YRQ/XlyMPIYWudiA83+aGg==,paga
8GuekZ3sNnINNMUA6DlDZA==,paga
S8FZPAaCEqN4N4sB64QqPg==,paga
P9RG1hZ5YSwa/qEWA0bXJg==,paga
FYkEGicvKpPHguGmQA5PAg==,paga
FklEDgwB7BL3fKY6npSZAg==,paga
knA6z0PZEUQtpTeqt8xBgg==,paga
0yHfQQ6E19gPxke+Vf0EbQ==,paga
7VNqDXoLSNTY7yH/aSQRMw==,paga
8Fvt1giJIUGzMpNLx0kIXg==,paga
zvl8aml7XiHnnnFoB9Krew==,paga
bYEy6Pj6NFS0pIVYbCRmvA==,paga
MihV6TIMiDO3zZ3GgwdK9Q==,paga
qtjwGbC4SKkzjqPlAy7QdQ==,paga
p96cTO3PXjEbDCXw3HKGyw==,paga
evoN6JI2e3SkagE7QaLDiA==,paga
yDxKtZEyfKwjvLofBE2f5g==,paga
HUyyHplhTzIeRFeYg/b7Gg==,paga
GXaHgZL+9x/kVePgud+X+w==,paga
0M2UvbbpY/0Jub9pMg18iw==,paga
oBqAv/6+uyhs2avLRuHmjw==,paga
lh6GheYrFTmZYXgPK3LymQ==,paga
D6qxq5Y2jMYqd4ODbyATxA==,paga
giy2kp94T4sTk69CkOw7ww==,paga
P74nImLGa9FzN36CUgCy7Q==,paga
y2f/K0yxYjLXEp60dJjkiw==,paga
N0t8yoxMnwNZjNDJqoNhyA==,paga
RZQIegLVGPDuFKeTns7dVA==,paga
KcmELoxM0gi/Xjy3oAQTTQ==,paga
aPSkilfurUsVSvdz17eNTg==,paga
eqp2KViIqZBDbTLjDuQrMA==,paga
bJrdDBmjL/Yz0tIqUvQmeA==,paga
TG0s5QT+91nXGBZw2BclvQ==,paga
NK8lUbOZHNehZDXxtlNVcg==,paga
BD8ua8i2AxI1nKkKqKAdYg==,paga
/4eckWCseNIy7o9UN6RTMg==,paga
slzmY9UVHcu4Q39hdtJZ+g==,paga
mi8FdTihAfbwRRmrG5xGgg==,paga
m6Q7ae3f0c1ChoiKtLbRcw==,paga
Z1sqAyQHzGv/qZWd0Xo0TA==,paga
Qju5Fh8uB+jyO0cJKFB7Wg==,paga
D8ES/y2wLMdSMdJvN+W5YA==,paga
62C7BOyu6mcpuvfRJoNLJw==,paga
8hulmiAryQ83FjR/jH1t0A==,paga
+Hp/bz+QeBO+W/aX2rjpCQ==,paga
g+E6TsWsSGIoV+XSzCWy4A==,paga
rCPR1wLhCQCslRy0/GetyA==,paga
eWtw2BLWBuJ4JWeVBtBqDQ==,paga
+GXHD2L4bYU/GhuPpQvQlQ==,paga
6WXj8phNw57bv4WtXtiyrQ==,paga
s+LYGqy/RYtu6qHU1rizcA==,paga
poRU+sfbqKVSck2xmsVgpQ==,paga
lFqLPXbKS473eMGyJVhH9A==,paga
d5xoXItCETj2RqHIl41rvQ==,paga
1LhEH5nZRkuaGIkXSvmyeA==,paga
BsNm8qRuEqE/Z3AlJ5jqOQ==,paga
O2iz6yxQxfF61hfxAiULUg==,paga
iYVKFAJQ0Qta0Uh7in+Tlw==,paga
Jmth3PdmJXShmGGJkzaC0A==,paga
HFrjteyLzqCbJYz37r/+vg==,paga
qvWRmX2qZZLxaDsUC05bBQ==,paga
Odxi+wdjddBGGxVgHsEE2w==,paga
GGjrhiqhp+w+qtoo6d+2Rg==,paga
CQfaODQNNusQBVnf4bDcHQ==,paga
fuvO8KlFC3MjGzIxRcKEFQ==,paga
a6YyqfxHfamqLQ6Sli7d4w==,paga
4Km0QVd669JTMzJ6tPZ42w==,paga
WHdzfTihyWouWrn7rHd6qg==,paga
XXA9NYW4lqmPfX3HvHukVQ==,paga
g6DtE7JB5O68Mst6LkvzdQ==,paga
CpJV9MGmvO6fJWwI3z+2FQ==,paga
KkUpThXDo6g+FiwwZE3O4Q==,paga
7rEmiIx/wklpnr5KfPG89w==,paga
kVVCvmXC5NCAz54rus4hXw==,paga
0EbWotAqA6HCVdfjZvfUZg==,paga
sFOt/XkSImTmwLshcNTnYw==,paga
0FIqvk3xAKexETqwBTkrtA==,paga
5Tk8fqy0UwL7DX527o2O4g==,paga
nvxvO27NdAJHN4ZrXyPXdA==,paga
vU9yfHmOozHvj7aGd/j5Uw==,paga
vkGO9GdnRJF55sP6xNmjhA==,paga
ufmiNhxJM1HFx36AVbG5Pg==,paga
YM6jdZWXGAfjxlPZgIEI0g==,paga
BJXoA89TN9fgab1UzVlgYg==,paga
IGCWpORpm7dhlYPmSWpkuQ==,paga
tIptW5SrWWHSwWlBxXM1xg==,paga
enRJ2/AShb3zeYA9q7xiXA==,paga
b5tI2zm868BOBvbaZQaxOw==,paga
t6+3s+VyJpNF1oFq8VyuqA==,paga
+pZFGveUWAvZd3So8wwfkQ==,paga
+CJT6kX49l671cAdhlo6Xw==,paga
1a8R/xAJdcnkgsQqiMTmtQ==,paga
y91gBbfK/f3b3gO8FESJPw==,paga
No9NP8LrnY1XSThKACLV/w==,paga
hic41cgqkVfQVtL6jcWOww==,paga
9Top1HqihD68GqcYgO1qhA==,paga
7ND0dSDkXQ1YfrsDaG2YJA==,paga
SHIakmody5UNeo6ajS4Gqg==,paga
TPoyrsDALQbZGDEXFN9u8Q==,paga
gGYO3cBV+46M+FF0/fTJ0g==,paga
ZF70I4p63mOosu/0zukXNw==,paga
mykuyhJJdcURxWDRVM/Gvw==,paga
r1JcGL+Cw5gvuPrEn6Cn/Q==,paga
w44OQY7K8wx4ftYTN79PoQ==,paga
0LgegFl9IljWn001K73TXA==,paga
eozwrjYwa3NYrkp9QxWs7Q==,paga
U76eGUXnhKH1N/JdaAzX7w==,paga
NFwa/4Oj49SuPSeztlV9Qw==,paga
cgpdEjhzsbmY24RLtd7CwA==,paga
+tEZKsG1Xo/y1FqUL8zLgA==,paga
IGpIes2G56Cd9UmqaELkgg==,paga
QAzRitd6x4IejJbwyKFggg==,paga
0ULTQrIXobrCTZTnDAmAxw==,paga
XSZOnUCYtAH7F79/XA6fgQ==,paga
jt8Gjs0BJdivdqSHP97ArA==,paga
bVnZ78zW4eehyN++lOjQag==,paga
1GiMYgcV9wIh4zvcF3R0jw==,paga
pmKY/8KI1VkqKoe27OXS6w==,paga
u5xGVzS7LBjpD4dS2ygYsw==,paga
T6Hg45ZXRFngzaRBBgyzjw==,paga
flSTYzlzxAJiDjGQatQyVg==,paga
w2Yi+ZV98IG03t0Jc7Txog==,paga
OwYzNZktkjp6Nr4rLhXYvA==,paga
r1/XwyvHtCs6OEeqze5z3A==,paga
oSFFEEbTTtfHXQ8WWjoCnw==,paga
ygGCLKNuhEIyWb7xrZ25wQ==,paga
lAsQP8y5HnwLUhWEWDA5Dw==,paga
nN476g5sRfmZR9itvCLCUA==,paga
mU2N5o569oCZZE8y8KGWKg==,paga
vzjuD5WCiW8yJpGknUCCzg==,paga
6gdyZTS02TwFNUkjWvQj5w==,paga
mkS+/26xkFfNdSgT4IZytA==,paga
DL+ibvZIBQBreyItX3zY5Q==,paga
W5/yvwAANSLQAasSbPPzUA==,paga
O2gmRoGOtKFwhDq5sMy33A==,paga
NNlNXYyifDkP16LPYunDog==,paga
niJN9WydMI3oolfJPEvsbg==,paga
OVMC/hNjyeMRJpFbTj2jhw==,paga
bBrnuz/DC+6ScHd7pv4YcQ==,paga
c2JvY7uj83IDkK/a98ps4w==,paga
9El6SItr4Be7u2ebNKJfsQ==,paga
3ZHHantcpSthZnIFTk/T+w==,paga
1z74MYztRYOHeSoukyFfdA==,paga
HaheUdTJ+bkiDvIvrz8rmQ==,paga
0fZafb2e33kPNoMgHCbjgw==,paga
f3fIhmH/zVMgU3ewJXxDXA==,paga
v+yh4PUJe34aWA9PUPRZ3Q==,paga
8xby47v9gBWNNUG28WLmKA==,paga
cGZa9bBebIv1belSjPQFQg==,paga
QHwWFfYnb/wL0wyKjhCMKw==,paga
podjUjyyw9GWgjTXo1TBBA==,paga
qulwOF/eTalESqEgHckd8w==,paga
XORKLlekVfNuk5TfALDulg==,paga
DskfXU/TAemx1LeXCWt8iQ==,paga
a3krGjhEBVMAxvPI1nT8zw==,paga
gM5BOV+XzOEZiNWGzEUXEw==,paga
BHmegc9WROpKqmBpn071WQ==,paga
WaZdml0/4FwDr9G1vI21zw==,paga
UR/5po1E7K3PrauYSoCcDg==,paga
JX8S3V86X95720pp67rjNg==,paga
UDxpcYMk5cUC68uLbkfEzQ==,paga
NOL592DzQFLQzpP9K9fmQA==,paga
6GrJOXvn2gBMH8rmn+1nDQ==,paga
P8SLwNxO4JFWfyUP1cwe9A==,paga
ZdrVt30/d6Z7O/d/w+CC3Q==,paga
ITgtG/lLrEPJuK22nMx3BQ==,paga
8t0BDiHBKgCxSBiI04HRCg==,paga
B81w06lQg41AEyPeoiJdtw==,paga
BtJzHevA1y7jWo39ih8yKQ==,paga
dy4BrTa7bl23K+YhIFC/Hw==,paga
2VT0CdxAq8eHP6xzSADk1w==,paga
K4PMLV1XyNsDbOu+B3xesA==,paga
ia5TRy+lr3m9I8wnBNLayg==,paga
pRIIScagOTGe3esO88BLSA==,paga
zWWCm+qnXROpvzeqmua8KA==,paga
sBK9l0Aa0KL+MYEii8dHgA==,paga
AYruEQz62+mAAyx5Ep2YUw==,paga
vSDCqVsh7tHwcQf0kLcwqQ==,paga
O/HMwPCoh3lDqhQ8sXaLIQ==,paga
dgdqy00thRNvw9Qz6jWwKg==,paga
4EX8l1Qyb8sjgrv+l2G7Pw==,paga
o3f49RYuyzRB6iSP0UywXA==,paga
BlYojsfndwiOT8M5l1w1hQ==,paga
Y0RmOl1nAWMLsgt2xxy8DA==,paga
pSZKIwxmO+jeI9X/0Tx33g==,paga
tHiYJYeB4wRq3PNFekKOtw==,paga
AYxAji/IAAZd2Qd5FlJHpw==,paga
8oy6h0/BNbv0vKICcxr13w==,paga
f6qCE0D/i8Ipta0HziJOsA==,paga
B3U6rK25ZNI4cxxM37dKbQ==,paga
OjbUvOl/D9d7lcR3BohLWQ==,paga
gRmiOeAN6wXgTTaGaiR1Ug==,paga
qquogX5/S+QDCy7amh3LKA==,paga
NOoYR37ApnzWvNEVfqp+IQ==,paga
vvc7Lrnchssx93GZzbttyw==,paga
LGdC3awCGj/7EWLD1UOspg==,paga
MXRKdUFXC4c5cHlJihDvbQ==,paga
XqrZvUHw31fUeoNaSrMJKQ==,paga
X8/t2vrf3inqPqY+WdXUjg==,paga
K5pUTcqXcGfX9KDDSQEyFw==,paga
AdFoLGkM2Jie7OA2MGLTBg==,paga
zPGT/BPFKzXr7W1MgtK2AQ==,paga
5plkm1/IPJVs7pvn0wAKrw==,paga
JxxDcSd48GuToKGphWLuoQ==,paga
BTFXl+bFnw2okAnVGxWqYg==,paga
f0p97xaiqrE2kMfTIdi/Ow==,paga
lKM3wHnrA7qV/xavMPV80A==,paga
K2X5Guvwr7TxPEJyLqXUcQ==,paga
zXVz6bcI4Pl/hC+SqWsuZQ==,paga
HmpFiioqrNEYPYdd+ZtbhA==,paga
MZ8GVJt1/jCSCHdHUTCvgA==,paga
EEWBh5C/co6w+WvppQqbDw==,paga
MFwI7IPD2p8T6jODkI/rcg==,paga
z/ukmmiv+pYCjUD/UZstQw==,paga
Q5sMOaUEOFIktwttOt1F/Q==,paga
9VHJW9ZbXAsMbfrUfUsNrg==,paga
dVgyoacsmMFhap9zYPxwOg==,paga
JNDQ1tNRmUJWr2jfv4ti3A==,paga
VJz981BUmFKSHRMDcdUiLw==,paga
8UmKLe/W7S/wYQSP/SfwFA==,paga
fSJOigiovTB7o2SzzhmLcw==,paga
IDIVZjbLvxROkA+VSsyTdA==,paga
qXrfjDG5J3AT3N7CJ9G2ag==,paga
+dxcDqHWv93nUhcOJ3VN+A==,paga
uTeuMkREn2vUEs/yE6q13w==,paga
HxwLUYy7fI8d8DBjCuAwFw==,paga
CLnXgHnsgdbrteU5l/ULYw==,paga
CaswzLAxfUIvjFq7dAQNKw==,paga
cwmhx0aTa/9DTMeU8aROUw==,paga
BS8cdhkwjDe2zhMl/mURBQ==,paga
JrxTboh9Wo/KihwwTGJyjg==,paga
pVyF8S0v+UP1L6BMIm29xg==,paga
yL6QR/lJOH76/WhzdckGIg==,paga
0lf//IiR456+C7pOyA5fLQ==,paga
rgBIZBeHn78/EFa6B4Knyg==,paga
vFBdyfzY1mPoET3zyFNzTw==,paga
tWAoL9LXJzgJAhyh0wgR9Q==,paga
Ok/TfgRDVFGqgvBevUqGHw==,paga
ed9o8JCa37wSm/LxEQ8+oQ==,paga
w5FYlEulsEQNTydbH+e2gg==,paga
6gNW3rltHb4oqCyGYfDUZw==,paga
2g7Qn1cN9tmKWnDdlw/AeA==,paga
UPK3r1sQipbjr9D5eoGmWw==,paga
yJ4RB809f/Z61f89Zz2Mow==,paga
0NdIWCFv09MEB1euMWyAhQ==,paga
7q9FInkvXiVUyxPDkvFHeQ==,paga
NCFY1ZDNADn1/3BN++mbCQ==,paga
3ftJG80/g59FmwzDoU3LPw==,paga
MWWfogIew3PGedbnnsqWtA==,paga
p/Qf4ZnFJ974uwbY1Wifdg==,paga
jOfQIckkX768RtvTqtVIwQ==,paga
SctrXbFsTcCkia9f32qksQ==,paga
FDbud7luHPVKKfQYqKhH/g==,paga
u16H2azHox7TqsTGLQyomQ==,paga
eP5tJDjux9KPhn3JR8k7XA==,paga
JkWXuXYzxyznQQ0TjV/erg==,paga
zqTuoNQcmG24B+0bewds/w==,paga
nnU9peu3JcC+5orcvcQaZQ==,paga
b9MgTvDRUZY81M/YLr2DiQ==,paga
fiTPFpDWQrW+6+7aAOOF+A==,paga
OPaAXWbMKmw1wBoqxIqx6w==,paga
Sm2V9ydeRBLTf2bMH/D+Kw==,paga
VTRHltSNl8vQ4vzQ20XSQg==,paga
hhdxqz9LhZnTdrO6fCTfsg==,paga
fgW81kArQMpafvaA1wlNxA==,paga
3VaWiuE4q5f2SNqO9+IS7Q==,paga
RdhsnXZgTCkuXfhfM8hiRw==,paga
cNg91ge3WCsIzQ0Sm7cPiQ==,paga
Nt1WI73zB+aLcI1Yk/VIiw==,paga
3lcikeEkjvHeZyKXpM/Zkg==,paga
U3XGr7o3ecy5HGN16Sd+1w==,paga
auJrDqqHfsBr5I5hQQXvLA==,paga
G7hWxTJBZs9UouaNpAU1Cw==,paga
4q1tkLKULgVgDp40iu5dQg==,paga
nTRpguSbNpl06VqiAlo2UA==,paga
ZYXhhIVmWyaX5IJ4CY281A==,paga
b7mYP0GUYFz/5eyIemCQAQ==,paga
t7SGrnAYXsptnR/2daEt/A==,paga
rcEbbA+78V669f1CdErSog==,paga
XwP0H9IKa0gFNnF2lDJbsQ==,paga
qAwUwyRwUkkF/w94XAcZ9g==,paga
JEYH9F8WwBHqKOUfG6sGLA==,paga
ogsKH0/VTwPy91sT6NxHnw==,paga
NVwUesTTp4/4G0BEv4CmBQ==,paga
QXITZnHmsZ9z3HJQF5sZzA==,paga
1NrCHErupx6LdVTlzoUrwQ==,paga
74xPy/M7VyrD6LG/xAJcvg==,paga
oTrrKkC435y4PVNrByqDHg==,paga
gtBmevDx7dMrMC6tkMuSjQ==,paga
is02UI7be8BR49l/22QL7g==,paga
Qp6otFDpEqbc2AmdJiyf1g==,paga
wEmesM/QpyAp5qYm/fTt9Q==,paga
fAI4t1oiKQaJB5W5HJrlrw==,paga
5WBsKqNieDJrbjdxEKEapg==,paga
XM/xqcHgiQpha6on6LjvFg==,paga
ecTwCs59KkTmFvr5jUkrSw==,paga
jgrrppOrnt/jsosTFgisyQ==,paga
ue09iONw7FbkTEYANF+SVg==,paga
3U6zLn5VahGYHQKxL9bi6Q==,paga
1o/RR/nZaZcCTvRECXS+BQ==,paga
uw1v1r6lA5rsCp4BFfs9cg==,paga
Uts1HKdLVbnrmGWUrOh6BQ==,paga
jm2Ux803AUpE8f1EFBU8Iw==,paga
J/eGLaXzuEtcti77qFXY9g==,paga
rihVxtQtJqCh8NkUK0dQ/Q==,paga
VCMZbOxq6ttjvmtkasU6Gg==,paga
FhxthQdNw5cMPA9aOM76lw==,paga
2Wi0LVHZlE4xVA3crsfqeQ==,paga
X+RtoKdmDgRy1IbCtYV14g==,paga
h47l1LICDwTEM/NzjSOEFQ==,paga
2fA59WN52i+VmMRGKLngxw==,paga
YBlTuFgUDVTVlyBci13r7A==,paga
H3fu2uYeOZTTkgbyvakQfA==,paga
E1fx0bfICCqORQDY5bBtXg==,paga
FzVT7azq6g1PFMjdinzZFQ==,paga
Vtnqwgh85t8PTZ5si4Xmhw==,paga
F66ClThbtJTgvpfWVCPjeA==,paga
5mMTcZCZ6HDptlaWUdh3kg==,paga
9BLiJw6doMCJaw/K3kN23g==,paga
k+FX4h0BSk7OARuvrrGg5g==,paga
ElG8NUAudaxjBdDpdv3H1Q==,paga
44TPvZQJFm1Hv714M2YPXQ==,paga
D+jqPr/sFish21DGBlhQUw==,paga
XG8VIp+ToGpwet37z6ppQw==,paga
HKvtVc9vaS5ZUGXTmCYhbA==,paga
hDKhUaXprqyDo5lc21kUJQ==,paga
S33Sg64jlXF/m0SUupzbeQ==,paga
tYePme0H0GTEmxQBx4iBfg==,paga
HiDYciEV9C7BlS0Fg1I2dw==,paga
UWVuHYKkx9E6DnSckDj1pw==,paga
kXp+ExmUIhRpKFgKbS6T3Q==,paga
iqW/yqsHCvJ/Uvt82J8T9Q==,paga
d92mRll70uZc2YnO1w2S8g==,paga
dnZOY4gS+MNgyctn21xMjw==,paga
5Ebo9k/SVOt36HoqHvzH+A==,paga
5Dx3wR44lP1kJCMsyZ0IEQ==,paga
YjDzerXSkQd8mN3agliH2A==,paga
SkBhSbg8KLlZ91BOZrKeSg==,paga
E2rxJwUSmZv5QWPqztWN1Q==,paga
AIfYAUUJOpQlL0KgI7s0mA==,paga
ZWer8kJBMvenalx7cv5MBg==,paga
ha3lbHetbIGx4/876gA/gw==,paga
Oj5OQBMxUUNtQ4xUD6gk9A==,paga
jUZBarqbq8gG3/FVh9IDPg==,paga
H0JeDGdRkDgvsYRvOCgtXA==,paga
l5avZAZwCfsonnnTdtPLcA==,paga
XsofnYNZUAASvNICy8Wqbg==,paga
unv2yNZdqsbhHSqBow1twA==,paga
hUoQ2NKMoaH2PEv/yqXRtQ==,paga
tfT3aqHLDAQrr/zk2ZsKAQ==,paga
j36dXZcew94X9gdj+ObroQ==,paga
fKAvmzpU/my8Qt1+nEhQNg==,paga
2DJZXTX/QE1OiRdLhR/x+A==,paga
PNiwk/b+EkYVvB+OtpIABA==,paga
et1yYcOKs8gXoDBLZrQNuA==,paga
nv0xAk+F0f3Yw+idBaydBQ==,paga
Mx9c6sziUFQTOU6+0UpQdg==,paga
aZtzA8YjVqRQ/TdQlqWzNg==,paga
1LUbggULP9rJ24xv1WSx5w==,paga
sEj9qsGLEhzEEyjgsPPZcA==,paga
WpwQuaY9G8eUGjaWj4M8BQ==,paga
5Haj5SU2HiKnnq6k2Pr2EA==,paga
mUtLBp6rQshzzZMoxIWiPQ==,paga
0xJQGjaTYZdJCo/8KzIGIQ==,paga
zq1u4EHZYkjC1tUBoyUq+w==,paga
ibKB85LqPohpDUBVdL9yow==,paga
2u9RQUXQxEDH5YJo1QPirA==,paga
LrlFUlc/lNYZl6dVTgM7cg==,paga
sItdaY9hjfgs5Qa09QN5qQ==,paga
RLM0dJolKHfXqqQ+Og7b+A==,paga
iqOhQHnKM1pP7I85KSMKsg==,paga
vB+hPeMbh2WLcszqVKczlA==,paga
EAjTFJxybE/SmPfNwLV8SA==,paga
8bDIUE397EDNNjrM8Swe9w==,paga
GFI+EHaDtyzAmrKCFa2l6w==,paga
JprmrSJ5jCxuSCXlJYcgUw==,paga
f2UYTUoyV4amiaOUxriCfA==,paga
GVvUlabrGyVFR+k6+etrOw==,paga
y/COHWD8lTWK11idjCjHCw==,paga
xJdngWXBQoMybkgYEP4ifg==,paga
1iRvHoCaK2QfNGKdEaavMg==,paga
y7o/znOOCHw7MB3DzgNgzw==,paga
aKWMisbsfj46NqTX0py+uQ==,paga
xPZMFAoewH8jxzKMp8drCQ==,paga
TjhpFTfu78tW91ilXylMug==,paga
2dbnXrugPNPrktbeHqYLaQ==,paga
tcI6BC3502cBgz7vMBRyMw==,paga
5FjeHhDJgserJUV6Rs4msA==,paga
XJKOcp1QzE/jwni/43nbWA==,paga
Y2WQRkWCA0cmzLeZJX4DeA==,paga
08vAP/rshkWD8TQMp4qSxg==,paga
SMaxw5mL1YabU7z5/QxH1Q==,paga
a4n9w5LBskSXQnISrk9wwQ==,paga
5N/zeWHWslQ5EXlGVEawlw==,paga
sHF3iTJYyOeH3yxzdFltFQ==,paga
DvuaSCeQBFBhEgZOZF4EJw==,paga
83dHQ9xjSuFu4f8to4U3mQ==,paga
VG4sk1HkMaoL0LPXwCC6zw==,paga
DEVX/ylRT9Qru0Qo+RLRTw==,paga
2R4ljGEganWnT8np9gkB9g==,paga
SPZFR0MqotCFU/20LqkjvA==,paga
C4l6GlN/Zh3N9AjeVr0v4w==,paga
GMoYsXuDLeKIMgwxjnxPBQ==,paga
J7Wm4IxD98q8R+qOR/IvyQ==,paga
ERQDUz1HVhl/Rga7iJktNg==,paga
Kx/d7OjrmH0UKVLGC9S2xg==,paga
LIJlJfmoL3hRw6xYY6Jhuw==,paga
8H43xFUPQP6+Gt5KEcRsCw==,paga
EDKc0FUgM+8Qorpmsva7fw==,paga
4YYgE/c4Jgc4fSzumyz27w==,paga
dx/9cRFKSNhwGTJoAI7S7w==,paga
wX6g+ILNBXjVTrcoqbZcXA==,paga
WCLmxCx3JgHELd8PjABHZA==,paga
1WJI/ZnddWkkdOYxFivQOw==,paga
xmt2WwZlgAiyQJ2j79OVJw==,paga
to/M1mQZefx7IU0pflHyiw==,paga
K1GbwvUps+wolYRq+3dMpQ==,paga
l2H4d1wn7uJZ3OHk0L6ieQ==,paga
1b3CNU7In+Pia78r7FMl6w==,paga
h/082RgtZ4CIUk8bsaCH0Q==,paga
a0kpxjiIE10/oKlPhONefw==,paga
AfsrlOLe82XMd0Pyt6Y2pQ==,paga
zp0jwhFXre0WSFve8sP7Bg==,paga
Eapoy2jeplEEKriJnLCIDw==,paga
vxkMTyrbxA9iVNbFzvG/rg==,paga
rMBj2nm6bvnP2AT15UbvWw==,paga
ArCA6Cf1XI+jgtQkzX4NDw==,paga
1FfxZj903QEXO2Gm7RxY9A==,paga
nScBAaiX4D2qLyvgDZ9G+w==,paga
SR+r6RtoSQ8Q04P8ivSjZA==,paga
afnkLzi2oqDEs5uF8puTIw==,paga
OVUMJ+NaOlEW7lzIkGqRjg==,paga
B7AzyuV2HohtN7L9uXkbJg==,paga
787i0XuxVYQkFEUdtq1dSw==,paga
tacHf6s7YK7SeEmKhmOZGg==,paga
gC7kKTukJ4rh+XG7B7J8BA==,paga
euC/RKT5RdXLr+TgVoiFwg==,paga
SG0iVDeYQ8NidleQxZ4MVQ==,paga
aHB3mnT+10htAr76FmiUBw==,paga
VFNgmqvYAUtbBK7/S4VTew==,paga
OAf5eaKziKV0IJEtcAbOVA==,paga
aH3Ib1fswCG0H7y2fT258Q==,paga
q9e5iUxWtqy3G9MF7Ne+6g==,paga
uZWJ3G/A2FX7Ds3uGpjLCA==,paga
LaZU//JHfgOb8Hk4gTRATQ==,paga
dNVS8VMUfz5iRcegytDFqw==,paga
AKvCUBasqMw7ViKAkNlv+A==,paga
1mFQrL9QRv8xBgG+6WJ7NA==,paga
JiDJbkuscoIAWhojfot3MA==,paga
c7KPpy1sMg6f7DdELKe0Mg==,paga
Lqt9tgUE4W21/91bCDbmLA==,paga
xgqqmGCXbwg20XPtf6O43w==,paga
Vz8TBPG1pydyt2FR7LNZHQ==,paga
gXigacJbt8b/0i5oZ6J8nw==,paga
1AgbAw3qOYktNd9vaMlrow==,paga
Nrd2duaJ9wIhLp/kDAbYjw==,paga
TMNd7ts/FB0GbqDo5KO+KQ==,paga
v42N5/e5w31Tzz69lmHLog==,paga
swbon4ff0VhMJFykVeLDJA==,paga
lF5pQJiM8PjQvsUq/F0caw==,paga
Q2l0AY0wwA+it2Wf+xLjaA==,paga
IyaxF44rFxXEokfIzNob0g==,paga
493hmN48EMNisCPkbUigiA==,paga
GoMAsNnmpJZkMcXIWBdSYQ==,paga
gYifpLbgYJZqEYJ1jwEZOg==,paga
7dYfMGF8f3QKS0fdFmC1PQ==,paga
QOjTIz0ufyaWzczlxwxgxQ==,paga
zRI/5Z5zCxCyAwJwJmd1yQ==,paga
/qTqJlj3qlQuMRLK8A4a5g==,paga
6YqBNEs9SwqZOlXOLs/i7g==,paga
uzFvKZsHllBdRGvgWMyp8A==,paga
wVeu7JuQNhPJ2ZkTAqgw6A==,paga
8CRMwv2xJ5Pcs+1jt9lvgg==,paga
6y1DzLVkTfqjFGVyRbiZMA==,paga
iq/hAWnJTLdIS3T9/SJX0A==,paga
rx0BZeztlL98v7Mk4uY40g==,paga
lVjYxvjk4euPDjtSSO1p9g==,paga
p1RKE5KlCzolAQyJgQtACA==,paga
7Z56lQRvhzWK9/SceglDHg==,paga
lnmXjFC3AvvP541q3H3I3g==,paga
HDoIXC21jhDh7+Cptj7Ncg==,paga
yICmGz7ROAgp5PPCvv2zYg==,paga
Kb5JboUH16e6vYp/bbfbsg==,paga
GLKcxGN0ngVcc69E8lTftA==,paga
c2+p1G1vHyWyMi8MhXKBoQ==,paga
sgijmztw8M2mcW0LdYnYjA==,paga
LVMhpQyNxAOjFz9xNeIkvg==,paga
vCfLTxBtOPB1SeDE2J/lJw==,paga
tVK3yq5cpmohAZyr6RPcoA==,paga
jau8XN/i1yU+WmRm4PZUWg==,paga
mT9I38wbFQ9p3mCZ1YKW8A==,paga
Tki4zV8B+zkng0DRoopjyw==,paga
TjA4KDpLl7/9TVr4rJxgoA==,paga
GvcSMXEcUQ80WcmI8kEHKQ==,paga
Cj2NQZDpiQ4oiXrxJgwy7g==,paga
Aotob5vfN86YyJSY8dEtiA==,paga
Wp6OAIjcIjDk6nbx/IyGkg==,paga
csNJTd92kKHrYtd7sLEuHw==,paga
7idb24nPvgRhwHOxmFwEUw==,paga
SXiTFsANEJfoKReAvfk3YA==,paga
Sz91fvHUdM2JGIQDdgGf2A==,paga
yne/cOxJYeTU/pXWX07VJg==,paga
wlTBSHrfeadbcEfcz9PXIw==,paga
c8epzH2oKAxj2TwcfXhzEg==,paga
ABYwVq2B2BxS3YS2CnEwNw==,paga
G69RV4oMgqnvswA7sCK8IQ==,paga
2MM6BrkoYwT8PE1M42c3cg==,paga
HHqO9iSfQoAyJNFU0eXzpA==,paga
FygrCGDwpbqz8s4MsuqdwQ==,paga
UBLOclFoP2SEuF6WH8y4PQ==,paga
7s1so/tRKo2Ehfd6Ix2+Lg==,paga
KFI0LhKvTzN3ZoBIRXSGBw==,paga
zE5+lO0sQVTuD3Dt2yotiQ==,paga
MqDjX886eYnn+wsDUajaFA==,paga
bwAQ8YX4g6091P09aSo/mg==,paga
t3bGCYirSVUXOOv7s0Yj7Q==,paga
IMO8EqBkjhIBDR/ACtXo7g==,paga
WAemMUBPrsEaf0h8+uMSxg==,paga
jWQgN1PwO4nlbvVAUKAxrg==,paga
/RG6y007SSNNbXYEtkY/iA==,paga
4NI6xhLFm3aOR5ExotU45A==,paga
lK5WF2hFZ8rh1nJN7wozcg==,paga
yJOh1zSidLNRYfHLiZVttg==,paga
bZDjOmPMbvonuHGsHkLM8w==,paga
uq9AXfP18TezZ094aLoF5g==,paga
C6UOIcblrndPWv39JSbFgQ==,paga
41mr2Di1/91OIYlpc3n63A==,paga
33C2rh3HDmTnAc+ADe8Enw==,paga
vmU1kMSw3sTWtW6zBf2/mw==,paga
5DAmEfWBMtRs2YxsdGm6Uw==,paga
JjaSiIjcY088eZ1g2RUsYA==,paga
I0EBYloECRMvWCI3QUwzzg==,paga
v7CT5WNvMKUwLFt3wJOwlA==,paga
eXhZ/mHVKvcGvtP2u1sOCw==,paga
hC8q0UNutJ/OYdaBcBa6mg==,paga
o3vXErq1fWF4g5zuCmeyag==,paga
Unl8GcsVNxA0U7JySr3Tcg==,paga
nIdXFXL0MOrTMt0XsaauuQ==,paga
MUzV3o2ECUYDizes83vs5w==,paga
b+y866hEJpAoEi0uox7buw==,paga
1c7ODvN7vIzsbY8x1PKpwQ==,paga
ppuvc3XKWEM3ZERmX7+1tw==,paga
8Ao0DN0AC0y2tyLQ0vAolw==,paga
tC6+xwifVonOlakg88Iyrg==,paga
uZqfU8YbvvbJYT0Lx1lXJA==,paga
t1EareeYbGoZuJDiF6JziQ==,paga
sohU2nS5u5U8h5yhRWbsyg==,paga
pQPMkQfn0kptxjAuDR38/g==,paga
heF36iQ6jrCJc4Iu6Iy4AA==,paga
mjSEd1pRjUdH8s1mhUhOLw==,paga
nhUgFd1hHcTiSR/ULrPj/Q==,paga
OumXOkKMkzkAaL/19e4zYg==,paga
RaqPfNFqx7i11o5n3oD9SQ==,paga
JHpalk6t2M3RQDlV3USvmw==,paga
QYfp7c0HXkm6JEcAaO83Og==,paga
s0YobZpA5iP1q6qjjkespg==,paga
SpBJdFRPbNTWSFUce+VkrQ==,paga
K+h931qe/cQY/qunPUKp5A==,paga
XTx2MpGIrcuP5Uqp+AHRrw==,paga
3RO2hKuz+1nMqhZEglZ38A==,paga
kz+n7PK2qyR0my6b9+6r5w==,paga
SRx1wyrFl35pCnO2Oqdlww==,paga
ukbmvzPFr+xeisBor+nBBg==,paga
5wpkxKxTKpvZvOxlPMeoag==,paga
chXQI0ZkgOgRzGKNk+NiHw==,paga
fCVuzCi14jbU1PMiGcdyAA==,paga
CoswM4+ny5TaIQaR90Tclw==,paga
pb9fHN67ATHkeXtUDxffWQ==,paga
mC1NUvpZLVsjYK/xCWoyMw==,paga
qZZouiimbVtzjwJayo/oAw==,paga
fi+9UcA/+v1sTHiXrYP3lg==,paga
GXxCLvHYDBhkFhmWpQJ9jg==,paga
myq+lRZc+dWQs2KArSRjYQ==,paga
H2redjO14zhnZ+8VhYkFGA==,paga
EFQ6ZfYwMWN8RKwmQujYbg==,paga
bZVdktSX1sntOMoeGIbVoA==,paga
nOnl9/j6m3gTumjSuOK2hg==,paga
uuoWgDFhfTK+1A0lUd1A6w==,paga
kZdmwIEiP02QktZrxi/+/Q==,paga
TF6WG3vSXIrcyW+HC32hvA==,paga
qRwhX5ZRH04Zg0bxdP8VUw==,paga
f5HrqQ1wClSu3J2yyamJiA==,paga
hfdSNa0690Nhc5VnU3Uq6A==,paga
Qm/eVe7KFpMlU999YRd9gg==,paga
Z7E3pxDlpdPE3vROw19sGg==,paga
YaRfEMzcBGVRcU3rVNuJ7g==,paga
xRyada4vj+shPiF6GqN2zg==,paga
H7+xEtWkJiKfSp6tgXkTxg==,paga
BBCsE6u5v+PnVZnXWGeNbw==,paga
k8TMGv01n3SZEcJOScrCIA==,paga
Ztujn9um0+Q6Ed/d2IPj6g==,paga
gmrA7/+FbQU9+IqPmlxMBA==,paga
GIPAxzZkPaVEG54K8nPcMQ==,paga
SM8ZyPnZCOH0/1q5UgnLrg==,paga
jQ6YOP+79k6fkFVB/nLsPA==,paga
tLFuWjYXTylikGjh5xS/ng==,paga
nOrHtH3cuAkLWd/yqvb5Jg==,paga
eVScm6BgQ5hWmdLukqbNNA==,paga
uLN5A5eTx3OyUdvoohaNDg==,paga
Ku/KhpDwk4iQjQOJLyRaqA==,paga
luD8zHCfblU/4YRm09EY4w==,paga
e6yPz/H+pB3ia8l8xIh9oQ==,paga
zq9NzGHOut9UjLTR0+Wgwg==,paga
htwjiQcwSYhwHYCFjXpKbQ==,paga
sbv0A5cylZQ1UttD3g9Zlg==,paga
CbsEJ6LbjVY19vHezV+Bdg==,paga
Xxqwwd9T9O+uHtQoIfCzYw==,paga
OkNaE67ldAqLYvRPjpclXg==,paga
tcXz+rzVW2mQpSAkqwwXug==,paga
7s1aHciYpr1zmk9z36nXvA==,paga
KUhcIORk6G6+vWhophY1vA==,paga
ZdRFfMWz6bgw7ONAcivZGA==,paga
97IC0wJFTTE60CioDs8FhQ==,paga
3+A95NtqJSWdCUsXXbPoTQ==,paga
mUHumzk2qRZVCSFx1ZmxJw==,paga
9sN/p2tGqc/VJcfUd0bNig==,paga
tsUYVjftbTXx8bT2SUxxXQ==,paga
7/bDKjmYBQZPJTeMKHRJcA==,paga
ym2iV/v6M4GzyIy0g7MZWw==,paga
hW7S52SjzSeahF7SIcbAGg==,paga
aJ43RuBBJ+HNcGLFyVlEJg==,paga
FhQqQ+7A8X+DgDB4/LI+bQ==,paga
pA7Ql/yR3lx+uEp+u2RWjw==,paga
EeK4D3n9J0bmGfMuSBeNcA==,paga
Ek9CaQDda4C34mIgqBbIrQ==,paga
U6nIk7H94bGD5I3sV1ooXA==,paga
yMeI/cSgQrxRTUXTyQ95cA==,paga
/a7l6t2ST7LqvDsK18cM/Q==,paga
RLpM3JmfMBLfetP26ZqEWg==,paga
D5sY1kAhfS4tOCCA4F2b5w==,paga
xQcEYGGDpwPviUPR+h2Diw==,paga
lwNsES6OJmb/9zaNC04Klg==,paga
tJoO8czBZUSKvOXaLI1gKg==,paga
lfyZVw+oU7GGr1pGpImkAA==,paga
OMH5hZqkuAAuD6J1Qr4HFQ==,paga
d40TmYFX1SuB+1nRshFYYA==,paga
EfSKDHlYBYGyR1VVau/c3A==,paga
khBZUmnPNQSnKvQ8JxSEnw==,paga
JYkic8YkLBMlN1v3u0aeRA==,paga
adts3X+VuG+rzS4yKvmKHw==,paga
+avuN3cs6cELIbVl9JfZSQ==,paga
rHnbKYzHhWIo/9N+6lcsdA==,paga
TLhVYtUS6OOwNwqnTqkfzA==,paga
rHvIklm2/FQXWi6TllC6xw==,paga
8BxVbakNRWQ3ru8qdUCG9Q==,paga
CTz8etEqZYvFd3wNnP89WA==,paga
xXvM9q8ols3cJ1Qu0ACmUA==,paga
g3DYO4QCtodGfr3Av3D1dA==,paga
sJ6spSKXqF9CWNbkejjp/g==,paga
fRPoVaRNTTAdMHys2778BQ==,paga
fM5y5Y2LpTDpTyVnevCZPw==,paga
h3rJbnXH5fUO0toecYun4w==,paga
b4dF2Atrt0LtFXVWVYoeRA==,paga
v0oZHwppC2ZE9Omok+Jf3Q==,paga
gynX/ZHpTNnoDBmeqCPz6w==,paga
1YSkdMfHYTTLN5TOzfU76g==,paga
EsvwEgQ7IusMzUaSaI4LZA==,paga
dPJFAjl6yNqJXVXv7+nduQ==,paga
WC7zR58Ks99jT+vn//A9KA==,paga
NjpjcyRKNT2VKoufIjT2kQ==,paga
TeksgppOOAMcSAFzp0ey+Q==,paga
6Jib8Iq5v+do0ODVQfWg6g==,paga
eshaVmd9/zhKPOL9j5dyqA==,paga
LWv9xWQ8EiqdSVOYev6B1g==,paga
VGbkBt5AJgZvCUldTFicSw==,paga
AN0RxX/X0LNn2HCNNfWGrw==,paga
7top51jDAkZgMBsKU+kN5Q==,paga
AQKPtZaTOH2ygzqY+Q3KkA==,paga
gBd14FaRIsNyDOn/gQpfpg==,paga
Z5xn5yGEtoBs5c1jB0w/+w==,paga
PlHb5EmEkHloU50hpm4nLA==,paga
/bGYJq+/oUAmwcP5a0Io+w==,paga
H7ffEqcVqBrFf2KmeuEc5Q==,paga
LVKPKeehEEzuxU9zUMr2ug==,paga
FeNngIFrIaYC/tUTVi0ytw==,paga
qr/443mcIwIlb9cFw4iI5g==,paga
wWtp3booso1Iw+dwfe6ibg==,paga
bRt/SQ9MUiH7hJX6l/WC2Q==,paga
KlXqZENrKJSU0kZIkcz//g==,paga
Sp5dxeEtJ0Sntd9AapwCmw==,paga
JGiZxKw7SBYtkc9eQCBQig==,paga
M6cmJNeeoC/el16ACo6XeA==,paga
A80se11su87UgoPRnTAVtA==,paga
AIw8vvCMxAUWm/nJ6tNY4Q==,paga
AiI7csoRwgqPyVqfuox9/w==,paga
NsEbDnxEVxsxWetY0zJMQQ==,paga
BgLdxovk5kMifgQLAcsJHg==,paga
45ehyi2fvUdRTXu2TN7eaQ==,paga
X7UvQ79uCqLtqLfjyqalZw==,paga
P5iVneIm3auISynVr4nN7w==,paga
Mm52Me8yK65hesg6sBTr7w==,paga
cZkBRFupB7v/w+kI5tOIww==,paga
U1eX45ntcdZcRLvWAEuLtg==,paga
QrNVGJXgwuWn7k7cCdhcwA==,paga
psiH+4/I7tFpHjaZ1UXqKQ==,paga
dnir2l++cMXTCv0Idukuvg==,paga
j/QzV6ALJfVSycQXxs9zXg==,paga
SepE2qSSK4IUbJAuf33OPg==,paga
m2gOQxTzmdqPWhAJ9JwfyQ==,paga
Odr8X+N6/7lKxSDlF8ZBIQ==,paga
J/MQBe+JsLPFKmyKvUPJ9A==,paga
B3Mfv8ZqWtKW6Bf7KTFvbg==,paga
aCN4l2PA26tExRjlFF5DLQ==,paga
CGGoZ5JETtvMma4QNbq8uA==,paga
y2OvRTJLBvcM0mIXmWF8uQ==,paga
mDgONauxLhzG3VaBMwHNyw==,paga
SGjN6HWBDYBcBwPlzaTS+Q==,paga
2xQbXBHHuF/UWpUS2M8Uag==,paga
+laFDaABywlA49Amge7ZKQ==,paga
G4zc0sUeNbM6Q54NZ6fbgA==,paga
jeOpIfrzTSI10Z0tJ846Hg==,paga
Sf3mYqECQaSLYKNeuMkBmw==,paga
8WoHshD/6vQhIm0PYM3/Iw==,paga
J8gWnPdiCKE+Urdo533Zyg==,paga
U5OnockX3tttV7EikNbzxA==,paga
Bk+8tND0spvF0va12kv69w==,paga
kBQR4pmX2m825KhapUtLXw==,paga
cHjwWutG7HTKqu7Kz+a5mg==,paga
bALYb8OUMI2UKJKYT1OadQ==,paga
gFAUUbgQbwsTOycMDH1pNw==,paga
Lv0oHWwX4AEkVTLGXfilxA==,paga
VAGYueeK9uhI4P9HwBOGKg==,paga
I9/+yYtRJ2UJ0ZM5pqeBZg==,paga
yPs/+AZ681m8XH0t1B9FIg==,paga
i4ls2TsgG+i3D3FpM2M5Sw==,paga
aV++/6PqTSxvPoLj+AfhmQ==,paga
yj4JMOxpOgv/c+ETLY/xMQ==,paga
2NeSRJPa6gNwr+PJPgEd1Q==,paga
XUx7iMtlr2SsLV26iX5Tlg==,paga
n7KCxq7YEZTmo4A2nCO0dQ==,paga
P3QACBme3vWHXYl+OsJurQ==,paga
cRGZnaYLClQy8/cEkvoYcA==,paga
HVwfiiC/+LzSLXvJKaxYYw==,paga
q1xkEI4oJSNw1u1v1mfInw==,paga
1x++Lffe/c37BFbqTAR8mg==,paga
0iuqrWg8SmM67jfOmh77Sw==,paga
wh4gMYU6TEev92/eaYsF/A==,paga
9CncFPSgNWNZ1ne7V+DPmA==,paga
/9Omrwb+8xcco5VY6XRHnQ==,paga
X6zizDLodHcHelpWRhzidA==,paga
HfU2LuUv2gH6kTWsV5U/EA==,paga
WLk6kVRJi9Bkqr0hKrEm+A==,paga
OsChAgXr/M1Mo/MLn1ViuA==,paga
tL4Zvzh+f5bgcEvzVXm4gA==,paga
gUNeKTcPfbVZWXQ79IMzwA==,paga
B5Uc3XHDDbkGxnDT+GpfJA==,paga
O18aaprDIiCYv24LQ99I3w==,paga
f4J4ezRbDqWQB8NjYgm0qA==,paga
XDCPjRKbepFD6jPaJqO33Q==,paga
LO2HLJcY829duovDN0WazQ==,paga
ihmVjoOrX+tO/+tc7Jv/5A==,paga
PQZEW1Ruiq8zu802E0+74g==,paga
0fCCFOj1ZgmA5pZQpUPyUQ==,paga
/FkSNKbT4JuYx71bkfUg1A==,paga
3pE0FFiNCGrdmh5e/sZlWg==,paga
yYwrVEbRTIPv4y0ts4bJbA==,paga
5yFCrGLNswu5ocoD/W5h8A==,paga
n1lYDzlOv148+5GHIR8uIg==,paga
ufEbdWxctn4C7kh7wZEaSg==,paga
jX+qbsVsN0/aX32OLHMCXg==,paga
rurPqz2p5eXzx0EJX1UK9w==,paga
DAmYc8rgPycEFI0CdJpBFA==,paga
rMk/n50Ys8j17T2Eho6C4Q==,paga
/snnMnouFEoNfrkIQdpJSQ==,paga
hMiqPqFEdn3SMOxHKlwaRA==,paga
VMQxIXuCuXyAZ8BXZxz+dA==,paga
NKQSxffOf84eT0kQ16zEKg==,paga
DvzUhLnx78SQ/7lMhYvhZg==,paga
5XBVGGXO2xaOYSPsF9Ud9w==,paga
T59A3YSrFP0xvk4QUq/u8Q==,paga
qdeJdhlz033mX1rhPSloqQ==,paga
ZPaVIap+G5PHuosDuQCxbQ==,paga
F5u8LYN0hfiWaEhqRsmcpQ==,paga
sMMFjBIfCbPZw84yeivwEg==,paga
hv5VA72Y/wtBkDI9+oXYbA==,paga
+wVX/GEz/xd7fCkUibyHog==,paga
SIjigaHfnLuB8cRlhOFCog==,paga
+6lohHQe/+uxcsAih+8j9Q==,paga
bk3lAy5tTrNPQm8WkYwEUQ==,paga
NR52xu6dVDhKPCOutZrLOw==,paga
4e8A32Zo7yErRp7alkNQwg==,paga
BSZseL5O6vAy0aYkMLVgww==,paga
y7xg/hPZUiwd4P+qScIkXw==,paga
14VJsOASdOENfFWYl5tBdw==,paga
w6j878O3kKkmb6JjLXyLjw==,paga
Iw5rWOrYhkuv9XubvtOfeQ==,paga
As5dXd3wPdJq8npU8Ztx6Q==,paga
F6pDx3OK56VPaRR8LY+UPg==,paga
jEZIVe17kFXvyfOmhO9dzw==,paga
ir3m4OL9xDjfkicr+OwGpg==,paga
fMIElgf2YZQirDJ6v6BpQg==,paga
YZC1bCRoCydpWJsTkTqj8g==,paga
on37p6rxTbOIiPoPwgo1NA==,paga
JP80tSTRoNAqExXmnIqgrg==,paga
yxeHAIsFzuHzam7d5qaE9A==,paga
seltpcPMUnd+bLySR4WYbA==,paga
uU+Z2ozZRITnI+T+SUVXdw==,paga
Ix+m1I+n+xb1OF82h/bp4g==,paga
XKUEr5RC7G8k4ViYcQNxMw==,paga
FDgJWeWshpm8uHOAg79B4g==,paga
JHk7d5VspCi5a9HgfhNCYQ==,paga
oCchLr+KPvujuZ+ZfnufRw==,paga
jWbR3DstdwodjaN78JO/ng==,paga
Zpzd0NRNBSHTllR6nwWL7w==,paga
CSRTJRs+DysDOYDe2jyTiQ==,paga
iFJo5Yn+AmSpSSE9jdlXjw==,paga
3K0I5JXY6JDLdW78PjdUpQ==,paga
9fCzvT7u4G/JW4qSxpwXoA==,paga
UjCe4yVT9kK3zBXGgm4Wyg==,paga
k9sk7dJXDvY8TZgpV6EOyg==,paga
EU1nI2lpFJbqGsZKMnmeyw==,paga
Q8s/3rk2vqY2Jc2h5uZpcg==,paga
KGQdjtk+KIBs1pJmrMp1hQ==,paga
aieElP2SRx7MnLxHGa1gfQ==,paga
2GqR78m0XCrdEiNS/tZc8g==,paga
FhBK+G0m7iDyplXRifOkMA==,paga
w/bi16Hrtis/6Ij11hvUEA==,paga
mVSzjFQ09IWMyr8FZ92PoQ==,paga
wixU/xMf/LGYGbyFfSXMpw==,paga
Pa6UW45MVWs2vJ1wYpvwoA==,paga
qhD/z9WK3pw/rl8UqpU5BQ==,paga
QmJ1uLzZA4WOBuO6BAkJnA==,paga
m1IhBfj8teT8F3HqUeBe5w==,paga
jHgMXCh3mARYnarW4GnWiw==,paga
7DPaiWaoe6kHPr2vxoLz+w==,paga
YNTASElt/eWZ6Ybw95etuA==,paga
cPrB8VUtTlA3uCY0OHcwPQ==,paga
LvLYT7M5AWsr0aMF8wz5Vw==,paga
KmYEvK1rq6/hYRG5rodq+Q==,paga
T6HUXsFkfzT4Fa788jF58A==,paga
PzT3mqcItnRUHI20ChNC4g==,paga
bYfpJhU2AGUVAgMisUAx6A==,paga
q7Jhy0YXf1RaQJJm2zA8xQ==,paga
mWJcMC4eeUgb2+QwGr9pdQ==,paga
5uosEQRXi4eZcRIStt7H6Q==,paga
vmKR770G3Y0G+Dvz4eq5Yg==,paga
pUeZgU3BVmmCVYHgNPRodw==,paga
0Z0i7W0bUhsXLndXO7sCJQ==,paga
veBYeBztkOkI4SYWWK30mA==,paga
hjLJwbZFwe4nlOB5g3MO+A==,paga
I8Z0x7MnC8qA/RV5X5dO3w==,paga
DZzWCa4qFp7dLMlMgbhVLQ==,paga
ipdc3pH7WXWNnkXLAGNFxA==,paga
pjKod/qXcITWWGauROfrQw==,paga
P3Y6UE/cOC14/geOP7HYTg==,paga
qhEGqjK8Ix/F5Khx8LMNYw==,paga
UzBDrHDdvrhIL+l1aWtfTA==,paga
UsaC5KzVwENPJte4D3lx/A==,paga
RawVJyMuHVEjM9UGEJkfCA==,paga
F7OiFnckQPWO1tkcBh5bjw==,paga
/jFsv9UJu5Ys9s5IAh1+ZQ==,paga
VqOLWjG8wCLyHl8oA9ZklA==,paga
VBuGbpFsGRD80rtxBuLt8g==,paga
tD5SAjJmnWAJmVTws386yQ==,paga
rWllZ7tRUwTkmXVvOr4zUw==,paga
cXtTSixos9rotL5YfO/55A==,paga
0X9IPA2Z49T3kUsAlxIRcQ==,paga
seBpMLFZbCJmtxPMCYiIaA==,paga
WqNcDBaKuUkA7oOEo37Yug==,paga
25ud7D1uX1XRyXvixvtJbQ==,paga
T6ALgiIzbkb9sv+/YZX/bA==,paga
bnv+jPRj2jz1tAbheXIELg==,paga
4J4eJ2ylzyzQchDNwqfWow==,paga
lxwEodpAJJW4Dt30rBLZNg==,paga
HACCdK1MbxUobZ9VfOM4Sw==,paga
nVK0ZSHUV2AVWqF5NtfAjg==,paga
3Qy1GpXigzuUZ+8XFvwtZg==,paga
nA/EjWL8ShXmLCxQI499Lw==,paga
SpgdtDmeaU2crbP+uldOGA==,paga
UStjQFqU5PvsfbHW15MSzg==,paga
G1GFzvkhcUDNEOteZHTS8A==,paga
sb25Iz4Qkiq7xETSiCQgaw==,paga
KUs9NrE9hlcZNxfZcToplw==,paga
VK9WRTeqHHuI/TB1J2SrTw==,paga
LBG5ILb0J0EJ/z9n/7UWfA==,paga
vZ6YSDISIsnrfU35MUiRog==,paga
qnR8+dWTXf0/5oYhY6fKVw==,paga
phynhsdd8fv1wGKjwaQfZg==,paga
MOuaxia6aeLJEFeHx/NNtw==,paga
MyzHQpXPMOioks6rymhG5Q==,paga
Mg1F7B/DU05sRKweU1xLbQ==,paga
qnqcKCy0mypINX6vU0kL/Q==,paga
JYz1xvGxVgQ+UubCSyr5Ng==,paga
8f88gom7xBwTQLygtm7MDg==,paga
XqrAA8rzC6vefQJdWx+P+g==,paga
hdYWo2UzhS5hUCYveF55xw==,paga
E+rnKEHKk3GUOjd3n1Vsaw==,paga
8rTOKLimD2xBM1cMVPV5nw==,paga
CkzpjJFdrEpYYmHTqJRsXg==,paga
LRL4TKa42+DuuBAN6NPANA==,paga
xDkom7ue8rXXzXT7DabSUw==,paga
UYBoEQLwNJ79QmdlRW/3Qg==,paga
UXlNJRAEnaNiXvq/ZWO9dw==,paga
Tvxx4AdG9pP27TWmBMutpA==,paga
qp1fmLkrLBhma5C+2NgH8A==,paga
QRsJhZFqL0vcB8nxbfKewQ==,paga
7qj7B2ouFEXO4NrQywilEQ==,paga
I4qpPqEUEH1R2E+PIkLNyw==,paga
XNi1pxZhWG2XO94IoKXjhQ==,paga
c6kpOR/SjbkVdTSseD6uLA==,paga
t4XWpBfH/CQNLMiFDm03yg==,paga
Ao4xcVxYt+yosrUniRaTRA==,paga
KUBPmaq77+vFYAV1/j5zoQ==,paga
oN1XLNhgT9bh1H4PVmcN0A==,paga
TmNVI1411QfzYRZnjBRM2Q==,paga
4hVsfaCQWQD0bwHPnGUgAA==,paga
DdeiYO5JQTcawV67kdNHPA==,paga
FHrDd8ZHjPgcaHZm4Mltdg==,paga
kExysRhjzuP/zdi3LZCrGA==,paga
auprpaws7k2V+HR6FFHf4g==,paga
GfbNxp2B1x+r/5HY9ktUzw==,paga
I64n7Ywv7Av/tVC1IVew0g==,paga
rSL57V5A3Q3Ufh6mgfGRCQ==,paga
Ia61iWXjnllMW1TQsLs8Rg==,paga
ChN5Bl+uyo7Gw7ny6TjncQ==,paga
ciBGQcmuV8fkGvS33hMLfQ==,paga
TwONeMoATu7nXpMLyx0lkQ==,paga
En0UaSj0oHtQAoa0qH5WdA==,paga
IZRCPiFQRCsSCMws/6zTIA==,paga
K5PVqoR2Yh2hrQ3clS5y4Q==,paga
MSY0cLzOofmfVmYBozS1UQ==,paga
UUhW9UJmrH5O3pySqbDEUA==,paga
4K0yXXu3KmaiJy9llFfL4A==,paga
0O+QQAtcPH1FEWaLt7thjQ==,paga
Z5kFL11byN7lKLxsTTaNhw==,paga
NU0nWwKWOaZPglC2NfbeiQ==,paga
u7tdGASYCv3qwu0/UGYhvA==,paga
to+gW+KQNRk+AvLg5m0qIA==,paga
xmg6TS0B3mbTnXciBgIfDA==,paga
51RG6KuKQpsJAkzqp8AxIQ==,paga
1x+RJ2Vg7ZpuGrtwy1SwzQ==,paga
tisqNL9vcsIDHmhyqCJ4bg==,paga
S3P2IJjVBsFJKLLcWlnTbA==,paga
0sZhZRG4B1xaSMCq9pEbPw==,paga
LsqzZK80BmvLpgwA6d0dew==,paga
bbH5b3/l5EBPnDNcwq7Tzg==,paga
0dDGOmQH8aD+wySgPHbOSw==,paga
ErQAiUg4alaNJTSfZYN10g==,paga
mKnqxGzb31rjji3lF0LSdQ==,paga
mrzL9aRbvW/ol+AsNoSALQ==,paga
S27MxE1STwEVJzPG+L4Eaw==,paga
nLkB6s10FsiHAHUr2qDd3A==,paga
E43lwaqV28dXgnsiOySbdg==,paga
hFeAmnVq6xRAK0jUoCOkiQ==,paga
CvCYQ3VPkSD0TlVv1+ISww==,paga
I7Iwnvitt+zNACly5RIgdw==,paga
On4cInsy7en+AnUM6xgC2A==,paga
3KnE/5bi8gATjcTGOiU5Qg==,paga
VXcPRMDrRSjaG9wXSDw+yg==,paga
mfeFSLqXWprWiEjtv7kw7A==,paga
rkIvy2pvTlK2Q1BsiIuC5A==,paga
quESq6mRb+WHoXyGHH5TXA==,paga
Vihv/iG271gNgdUftQF/8w==,paga
f9ePiKiPN/ZuN+619IlbyQ==,paga
gJl7PdsfPw3NHNojQvvgRQ==,paga
7PWRn0c4voigUkdjDVkmkA==,paga
q88g8D1o2uS3xBi/6SPfFw==,paga
PtgkPB0TMiPAbC4O4RvmIg==,paga
zQl9H/itTvg7+Vl0SRwrfg==,paga
unTZcvoJHgsaZBvr/Z9poA==,paga
tW+fWEs35gRCk43G1lE6pQ==,paga
4VbRQa3LbAFvunyO/OVyfg==,paga
VYYQNIb3pTdL4dG4LAgAEg==,paga
pqyO3m83zuruRAHlBiyh1w==,paga
dGlQEht4JSF2I73ZmRaRYw==,paga
Duaxg+nrpZmcqoHch6Dm0A==,paga
DnYCNrVS2SgrHBMtgzVczw==,paga
NdrpLoi7b9LmFeQ0Z/l86A==,paga
jLT9s9jpC725RAqp5kgvEA==,paga
sBuUnzBA9zmMeRsemdB0aw==,paga
jUtxZyxiMWxGLkfpO0UzNw==,paga
PLVI/vU8X4HHGeR7hVf+iQ==,paga
xZjawHPt1P3ii/j3NUtFOQ==,paga
/nkb9yxQ0fLnArDo4UDuzg==,paga
fLp1680l5YX9RGxpf5VVlg==,paga
vVkGMu6Ciu4PwdfemmB8Ew==,paga
1Mlx0wYtwEI1p31B3w3fZw==,paga
tQli4efchJHjTX+T4bmwwg==,paga
w6zCdLdgoxBODbSALyGgEg==,paga
pTtBGrYZPwoEnWtmjZ6/sw==,paga
+Qco4lmDFcVw1xWmOc8PVA==,paga
72tuCONMyqS2mjNOGehHpQ==,paga
NvaNlhT89n/aMGZNe3n83A==,paga
QcPK9TbAMMFkoprE8xG0/g==,paga
heCcclY55nnIwbRNTB/zJA==,paga
yBFjwbSLEnvX+BSveT6Fqw==,paga
ukw+5prFuTprKmZWZeBPOw==,paga
ORhNZsXz+J3yxkJi8g+ZnQ==,paga
J5zCjUEcDcV40sMN9g/Q9Q==,paga
TrcAdqVSS422gmWw6sYTiw==,paga
BeDKa0/ko3g4IvcRja9iIA==,paga
d/OTk3gzCjrUaYMRFWNlgg==,paga
ClKnQQNL5JJhdx3f9iyOTQ==,paga
gjWFLNuR7A8orflIGiWCOg==,paga
ikrKOeVZe/kzcNNsTRHIHQ==,paga
r4EU23FylKMxgoqOGVjypw==,paga
epjdroCG/c2ZtHd+5uEjwQ==,paga
mlkNMc05CLamAXt7Z7uKJg==,paga
bcz0LR39ENLn6fRifcot9w==,paga
EmQP3htTYmzbXyUQybzeXg==,paga
RahrIrBncErlEkNdYSgzgQ==,paga
fydyyopCKVoEtO3/sa6dmg==,paga
3/T54Ave4WpR21UF/5BxPg==,paga
QXSTK4+QBGsKjj8ccRXVkQ==,paga
0ZNsU2lgOdiNUIjLeAxYEw==,paga
z9hKrL1ObhmCdqHrWLhpZw==,paga
20oZc7pNT2xaiSR06uk2WQ==,paga
qS7jI7fBhr1wRTwkMAMdYg==,paga
5kIz0J16VAuEYCEtwWPJiw==,paga
Owvr8y2b/KLcAAriKPqjQA==,paga
9R8CDyyKZlI1ljGpfBxqgQ==,paga
suvp5RfUXxxIOkIiQPwJMg==,paga
utPfHOZaoWeVjgmtDHSj4g==,paga
EVY8OFHF/DRPASoRNArO2w==,paga
S0NrIJb99mLt9isVegmfbg==,paga
84oWVYiDGKLIXwWxuYaMMQ==,paga
ZcicT2UH1pAjyJog/lFPQw==,paga
d2WvLHGU/TA4QmPDq+Hvbg==,paga
EAaOu4SnynmccvGcqsDt8w==,paga
JwHRcXBfveWd/vBkJl0bQw==,paga
0fWLj+Ke8lF1tlmATwYPeg==,paga
lRy+0ojW2aLoUWfZPzHpPw==,paga
JdjKlmX31A0dSuPZUyLZoA==,paga
I2MvAAKOpulzZiJUTWe5Eg==,paga
yIxsxF3D0HLJF1rft0FTUg==,paga
b1w0ls9md7iE26TNoMxHug==,paga
2rNL/CIbUPrnmZZDyMeO8Q==,paga
I3ZddtU3ZPJcY49rw4BE4w==,paga
7f8lYL2gFBLlFuzyTOAzuQ==,paga
vJXfnGKrJFjLn4l4UZxchQ==,paga
RA6lITrzO+xxi6WDzgN43A==,paga
jbj4iWPD1VkVJiTfN7q9zQ==,paga
Z9fZQeo2oNNKCRlk5dVs+w==,paga
/Qhi2gqEMpwbyO/FGVyNRw==,paga
1VAxkwk0YypFkfdO/FJAwQ==,paga
BhD/DWYuNnChSqfAjDhFnQ==,paga
s3e6EkXL/MLRSpnXhHXsjg==,paga
L/cNK9Tt4azCOQMHHLr0vw==,paga
yQHlaHQEtH5f5sRGkFa5bQ==,paga
0AgEWrrV6jvRVcfOYj/eOA==,paga
muV6SNP/ifrD52iD1tBM6Q==,paga
C1TbkmNkjwFQLOQLmM7sVg==,paga
8NMMcdox7UjwEXiTo4Ztmw==,paga
D02Ec9rjOLvSwXsAbY7GlA==,paga
F0BeODDWscKy8LfJm4/qdw==,paga
DGEbmsbwg2JJRoKW6x31qA==,paga
S80HY1gjIoUbNSqOZsYtKA==,paga
Rf7GGAzPpc8CWz9BEcQ7sQ==,paga
2f5QEp0rwWtl0V4uKZQd4A==,paga
j/wEZjKRfKYdxJ4xY/TUOA==,paga
WgL+PpSLIjO+cGXmn8OIhw==,paga
uOKxo6x6l6yutSJs6T1VaA==,paga
w0yoPL7hcxp4FwBDDBai9w==,paga
aMEnqCO2+YTnYdxD7GtAHw==,paga
PT2r0lUNbp9dIHlYMXU/eA==,paga
e1ZMBPK7hR/xrpvcbE3ghQ==,paga
HXOeg5YaqCbmqxa7Rd8xzg==,paga
LOxa33i7y6LifYPaD311BQ==,paga
WtLVPZ7s77dXkwnj7iye6w==,paga
IHn1pMSGsiTVt/QFBYbPxg==,paga
Z3H3g1UxK8fdIaBVcAxSsA==,paga
TwfrGGHNbva1EP1rzykp7g==,paga
s0XZ3EXsttgaHsItaXb9aw==,paga
WfLYdAUwZ8A1/io/WYb8+w==,paga
xgvuk1r2HsWYiOoSR/kjOQ==,paga
EAcL8uzxCxdyzY4LjlnY0Q==,paga
MMyeSpQ6iaSXqPMHc2L/9g==,paga
wlHUNA71OVsTsfCz1SvEXQ==,paga
jqdT8RKzXjfZbssZVc7Cqw==,paga
ot80sl1xs1QpFdNohkkfYQ==,paga
YQVmGB6dEuGIdeOZnEJoFg==,paga
nittO/00TVbDY4G25eWWYQ==,paga
s3thcO3vAN3CryeH4RsIfA==,paga
rRDZDbp7YO6P2Ehh5muwng==,paga
kELEsZzdQGWyQXozsxJvtA==,paga
evoXwSPam+5JDo7K4xSgeA==,paga
iDKQLhrlwmuWlqxvfhExqg==,paga
+bsoPUWZ32TDzREt6BntFw==,paga
xkXQ7btoPUlKYFhMJf+1cQ==,paga
w2sbzOzuaUhXzn9GGNBo4Q==,paga
Vv7lBJ7nCshhttbzOQGxtg==,paga
uHMqVotGnr1UZWtkJ5Lf+Q==,paga
7gg0Z0ZHYwszlil/BPsB/Q==,paga
7axzQpxLmsnUgTdrwdlNhg==,paga
yTez2b6Jpwvf9TO9MMqmkw==,paga
jaGyPBpq/I5k8QPJAyABKg==,paga
SYe+0Y4mV1L83mYcsRGywA==,paga
69gR02YGqhzMSofrrQK1MA==,paga
bMRWJKKTh40kYa7Fad58kw==,paga
pKtS3+D/Um6zLE+W2c6d7g==,paga
LUAHVLoj9iTnIwVH6KzPNg==,paga
1Jg8P30zzV0dj9nmQ7JzMw==,paga
QqfGxTDE3LluXcVqJvAptA==,paga
uBxphIR49whRa0rsyPtr+Q==,paga
y7nLKUy99nOzEdSuGTMMMg==,paga
7jfUnEftTyXkh2dJNQjLDg==,paga
KIffn/brpx4qZ+B3KzuHuQ==,paga
RlfKdki2/TZD2Bvxp4XW9A==,paga
W+/b6gEv3NP2BqFpGMpq3A==,paga
7sXLwN2ioBjVNZRYNeS9uA==,paga
Lbdw3tvElHUhTLb81gwjsA==,paga
b1Z6kyzvTLFgx4Ei6DSaPA==,paga
9IYxvyp33vzBll83CDC8Yg==,paga
C9z1Pmgvb5SjjJ+2ucoapg==,paga
67Ttmc7XEmIpZL2QIafMww==,paga
2hYGFFQ9BzrvS8CJg+dpqg==,paga
qV/VXvgRIyCz5SGJWGB/2g==,paga
+3Zgk/JL9K3zK5vZWJ4YwQ==,paga
d6jNSuZOSAUQgxMtuRCAIg==,paga
HW2NzN/Wvl4NH2OmZ/Y2Og==,paga
j0+MNTXwmKTTxW5SSXXY0Q==,paga
8LPOhe0Ii8k+r8rQid74SA==,paga
FVuRWVyxufD51PErnnAvTw==,paga
IUvRH3ySfwin0qWH6JrE1A==,paga
csZPSy3Pvr55C4BYlGiLRA==,paga
H4HogkeCoc8sRKTOa7akpQ==,paga
7adJXmsz+lU0+hrcWL+mQg==,paga
GpONpMzCtPttMJexnIPslQ==,paga
mQq5TAn4Us6R7//qlXIKlw==,paga
WLwaFGow6R19Hc/VcTljKQ==,paga
8o/srASJNtywdRtT9qUFEQ==,paga
EP3MglZOwJDLyCn3OTFSpA==,paga
/2I6IeQWXTGO+P8wYVCT5w==,paga
lvFgoDTDMc7/DPJ5KZ143g==,paga
ir976bF12l1OF0jtBomB8A==,paga
HnutfZ2IMNt3SSBfPlJU5g==,paga
gkgdPz0KXDoqXdJ9NVlGFQ==,paga
Bikst40cKb2qEW+6zlOVIQ==,paga
21cJZeWZ4ddpIqUnfHj4Cg==,paga
FbnGUtZCearcsPYSgJEy7g==,paga
oqlitDMFBCGwK0y9aX4HRw==,paga
sYtJd92Kyyusz3U1D//DWQ==,paga
0bcras4Qz/wsOwEjo0OWVQ==,paga
rjisD4zBHiol4wJSQgW/bw==,paga
eebIUPVY2sGL16ZIZ1XlqQ==,paga
+x9FFbtgH23zMPaTtkfSVg==,paga
1E+qk+/6/AG9o+DaJ7gDew==,paga
JI7tQyCnriqPTj2Zz4l0xA==,paga
mUInTg7hF9MsivqbAD/kyQ==,paga
Mt789H/mfz44mqgpSLovjQ==,paga
R9OhAxewBT59KE7lY4NmjQ==,paga
nSJk3o58TeQQ5eF7lwJFCQ==,paga
Hh0wjtZZJmum0lPngp9JzQ==,paga
8Tc18IRKPLnFXoL8QfOBZg==,paga
qC9YB5qC3LBdNnDEemQwAQ==,paga
iNif00cb6W5ACGObnjYYiw==,paga
2dYU7jQFp8RFrIlSwzSQZQ==,paga
SXHJW1elPQ2La8edP1KuJw==,paga
rGG6H5idWsVG7uxMz2zUYQ==,paga
XGL/yVs9Lq7mk6T/CssYRQ==,paga
iqVATPRrPazLEdgRWxPtdw==,paga
9OwJDuTRcsdxZuQS2URkvA==,paga
24BqbBUmsdxoV2AqV9wlvQ==,paga
rqQDdp/1qfCEpdB2IltmiA==,paga
b8sIMtE01LUEPtMgiZeV4g==,paga
NIALpZJgSL5J3jO1R/bJdw==,paga
eo/dhep9qzfjj/ICbadiDA==,paga
eWKxCL7AlBLkdSItSPojvw==,paga
c5W/R4U1c2k6tYu1Y7sP1w==,paga
Kw7G4oEifN364t+HVne4hw==,paga
3Tw54xd3wl1V60hBwFaIvQ==,paga
bkG3wSgGhe6JEB2+H6L15A==,paga
RcZo4cS/L2HX+wIBMCxbIg==,paga
M/xdDVxTNg/YcRKh3FGqAA==,paga
nFNGackIqtQXhb6nGWrEXQ==,paga
UdV0Z/poEM18gSan9bDdcg==,paga
SdwFOZd32UtnGylmRhai5A==,paga
755xXPo3E0Gy4GbeyImBIA==,paga
JojADT+xjmidq+DGZWJ0ZA==,paga
oBtFap+vGOyXVQhphFy93Q==,paga
aOrboemg0smjbFm52SpSbA==,paga
Y4GP3CSfSK5uThsD3Hzurg==,paga
kIqUyCINb3/Ae5jU16FZ3w==,paga
gor4f927TfBHDAThADjpbw==,paga
sRLe23nfy+NPQR6JHxXWqA==,paga
Q/uuHTtAPEm3uTl6/DOArA==,paga
Hn6LE11TDSPWKN1avgDdvQ==,paga
Zwk0A4BySQaSrm4V9SIZIg==,paga
ctWJ3dw1r7fEaS6ENQlj1g==,paga
rkxo0pTnPWRpQD3xxf9qkw==,paga
jTvAyfhi+aknBXXChsGHHg==,paga
qOzpRkS/EXGUX0I/vawyqw==,paga
698lGvBgdZasPE8MeEfU7Q==,paga
z0qQohHw9J+kT51ALCRZNg==,paga
0QGgOM8wpW3D48irMuObIA==,paga
YVasICD9vf7M/ACRfoWUOA==,paga
ggbObIOpdW9L5H5LoCqX7g==,paga
MeNrnIsMh01rZyK6cBcXTw==,paga
5hJEsRy7kn4JL48g1DTCAA==,paga
flvVHGALxRTthVeePq2I9A==,paga
fnBS3qhYbl3TMdp7KszMBA==,paga
Eqh+jvqCsPr8DenXyY6KPg==,paga
VLfW5yity7A6kVaNLOrCVg==,paga
Cj02nTe4IOMA1dykatYu2w==,paga
VebJaDGeJewZ0p0+seZ0Cg==,paga
WazYNjhMpf70H73EguZlgw==,paga
dqACr4RCzn/Vreo6xtuOcw==,paga
Lo3VM/Y+DCPjiWLrXYcdbg==,paga
Jfdu3OsgNGNySQWNWZQvag==,paga
ZLbGOa7CPHLceJB6vfzGQw==,paga
Kn0vZAdcVOMGiAilzJjvSw==,paga
r8aMFyTD9DBRwXjM3nEUGA==,paga
KG4X7+AeecxSo1jpQhR3Sw==,paga
BwgbRnC3kTR5+FfwGJPWzA==,paga
Tc9PYzHpb9BhOtx9wlTl7g==,paga
KudlkEQymmVkg0z2YLebUg==,paga
CSSRFuyueMsrNrUI/r8XFQ==,paga
atXR+s0VuG1Cg/7mJpJ4Tw==,paga
nvHv+/9aITInlSZBh4XPSw==,paga
Gp3bp6ymZTBrJxlpAxB65g==,paga
m+yjKaIhpp6GeDVsr4T4Mw==,paga
+PbgtSaMWbc8n++hEnovrA==,paga
OfK1cPVDtn+diURLwFq/JA==,paga
WrwZgcNw+z6/6xM+1WEjrw==,paga
bNABDB6rACmmZbx7LtJ1Ow==,paga
ergbQfhR6uao3bo2ab9zLA==,paga
rxLim/Si5gxn/3SKTbJW/w==,paga
ZXjbKaMYbx4cl0zBexRg0A==,paga
JA01xzcIPc6rDmvvVEDDUg==,paga
tlqU45xyuGi59g6qPChprA==,paga
Mii8N2oyjRM/FylGokacpA==,paga
gpv5R8Lhhozz1ae0Uf0fyg==,paga
gd/DCV00jsJE9i4UYoxLKQ==,paga
A+tJRAQBRfxK4FTsmGQtfw==,paga
JMxh2LD4qwoXII0PUQMQHA==,paga
1dU0ZisdGTlIMjt/K2ZJ9Q==,paga
ETLOOtRSezK4xHuQHn78Vg==,paga
Z9GX9FxppQ4p1TzlfFtA/g==,paga
eFlpu70iC/gX0yKOZ8OxNA==,paga
j9+FESSyJSUC5O4KstAZfw==,paga
wnQ9mek1JhBFMvHCWE5h3Q==,paga
jxyDrWBaSgK6RJLNEP2IyQ==,paga
zrAgU0UVjqfWyPiUTz2DPw==,paga
iGiC/roWM+zx3s1ERKrm6Q==,paga
q8O8Jhpb6JZ0QUdVMQuzwQ==,paga
ANfmU6rGS2yGi1gb2zj30w==,paga
splYuUSa504cb1Vk/KyKQQ==,paga
JcdnrZLoWMumGTUhdD2ciA==,paga
2TJKu5Kcq7uaMN1Xfuz+jg==,paga
N0HnAezYN9bOeegxV2DE4w==,paga
oMAxkhmtDCXzwM0hcXZX0Q==,paga
/P9X4A366CPRsisTgi1iUA==,paga
k8XURqYVuQtc8l6se7HDsg==,paga
P/E4CeRTAG7MDYFg861eeg==,paga
S5oAtsVSqML+tBUd65YK6g==,paga
UYs9LkL3WKEUe9ihQoCq4g==,paga
sU10JCMbzSjEdYGcPRfz+w==,paga
upKMBk6eOod/gcE1p3/baw==,paga
BdFdhUr972Yhv11LRyaY+Q==,paga
/4cO9/CqNb6Ml43wJbppEQ==,paga
cR5xTW2SZcOWKnBYR7k7sA==,paga
CfSzYK9ceYcbmiBdneouJA==,paga
g8JgUQ5CvFvRZDggxp8hLg==,paga
KR1j/7RlP7F1Isjqwkvoyw==,paga
mVcElGLNHdIT0umIxx/Edg==,paga
cauVBO9wbfJkfh6nSxiMRw==,paga
xaH6ImtuMeBUgja8R7JhGg==,paga
TCQswsAcmmy0tmWeUmPIqg==,paga
uCNM2mToO2X+MPVlKBmeiQ==,paga
qis24lm4bgThA+u9FE6A+A==,paga
XJWoSrZTs6G8RPlMxdJRLA==,paga
6HOAiWahyxubaLxbPPVWTg==,paga
3Ft/4DJYu60eT5HJAurlXQ==,paga
37B1TyujMK2Cz994KuxtYw==,paga
l8CElnXe/SGW0Bpzvl3rIA==,paga
GqD/BRc5dVpLSx0ycnlrfg==,paga
4iEWwVG9fb6B9Zznl3DkDg==,paga
gx+JHU+zgXZee+3uSPV01A==,paga
JTXJnCuqRb6T2RcrhCcL8g==,paga
9OaVEwyIfIRNFo5qwPpJfQ==,paga
5QSlXiclhF1UeWdPlEtPLA==,paga
svyYYGdbbamx64O9ZWdGHg==,paga
5CgdiSw4PGTGk0jTCaWFvw==,paga
yTIayLQEZhkO+QH5IvYj0w==,paga
RJtaFupYFAZdXpEcVwAzaQ==,paga
qcFkLdAyp2Qr/gsK65QclQ==,paga
BlTmtMfhre8MkvEt6JyqGQ==,paga
8pn8AdfCwEteIi5DsRP7aw==,paga
dQHRFBNPDZGvvnOV3K3fsg==,paga
BPYjMx4OWRz8lSBTIntWxA==,paga
82URaNsWVVrWDz4KDUjy6Q==,paga
JWPsqz3SR5ms9wFYGU38Wg==,paga
D9ZTEI4A0xFBl4rqSJVUEw==,paga
kus/J+0owDuLNJ9yqXSmrw==,paga
J5GHaLAGjvcULhS0Vl5DmQ==,paga
Hv3DZLwq4JDaJNZqaDT2xQ==,paga
rVPen3o1fkNR0d4Ki+urqQ==,paga
1B3B1z2eR6hGVUIgPtmhMg==,paga
qzpuB1Hw3u6Sc0RMNhIYEw==,paga
vak5ARhZWgpBOBQSKKEJ8w==,paga
lqqyMEfLsLG4Jpx4Qy0ObA==,paga
KA87Sj3oI+Ej5aCzYrJj7w==,paga
np0XYeHuJlt6KzGZAAr06g==,paga
rLIdZ82W7u29SqjHPqZIzQ==,paga
lrDzFQYUUizu/iFqP/iYng==,paga
TwbLHRz485qWhUJ5ELjXVg==,paga
GZ87VQ/KbFGKpQ+26cgo/Q==,paga
8iUSJVWaXLv9Wg+TIFi5Tw==,paga
q5uUXYGTT6YLQ/6SvrMMlA==,paga
jqyAWJvVg4Fj/grN6DCH1w==,paga
dlO/YgVl/Zcu2yjWXTRrrg==,paga
FnoZJKnHaB6U9ec9GtyhwA==,paga
TcNrZqA5R9Jr8yf1LvctTQ==,paga
X1pBep/VnTYVLUWsZ+w4gg==,paga
fOqifX8ILzNRwwMJIX6QEQ==,paga
Uug6pUZWLKQyA4toA4KjEA==,paga
uq0vCbSepTbTQ4tOGntSYw==,paga
8NReEZlwmKnRVmas6oD6vQ==,paga
zYF8UgSkn5Bn+v56wThJBg==,paga
4TxfCMn+Rpu2hp9v/no3LA==,paga
y6fAZ6puuICrBkltitCTdQ==,paga
YRI6DBWvuxx99OzV8Kq8GA==,paga
1zC9W3rB85VpdnQVD78y1g==,paga
K5yaus3jRhzydmbBWteK6w==,paga
lIhxTeGoOQphAeIy78s0fA==,paga
dR7ypuLNMfOjMyHRJpl6Vw==,paga
W4kyv7sq4pkgrzNC+LRfSg==,paga
xA1qGdJD+W4UG4r2PIDOGw==,paga
CDmQgs5PF8Wbv6ArxsrfWQ==,paga
eDd8lNt7hI8+JcyMH7fE2w==,paga
DTOX2ZO0EN514gGPNxRNXg==,paga
fPSZMNPUjXVq17KxI+C2Sw==,paga
Jfbk7u7ytJmRLJIBIZr6Zw==,paga
F8w+qJfSCzKwuWOmW9VUcQ==,paga
nscbY2Q2n2vuVuulnPx8yw==,paga
9pFTi+e3BH4cwmdxGe7UrQ==,paga
3bgWSDayd51eroFrXqU/8g==,paga
ngJ50jyhCoctGOQGsJJJxw==,paga
z2s8G4B3spOeGEPVTeSvqw==,paga
3dxCftpZB6RfgxsRc0wdvg==,paga
OeXhQRiulTLz8rHIs1lluA==,paga
ASj52FJlhoa9/Pbl+7ZXHQ==,paga
g7bX6D3xDr+N7QGTb1bT4g==,paga
S9unq5qiDE7cI5ImId8oJA==,paga
rOQ55hVjeugSTC/lxmFaIQ==,paga
QTZCY1P4Jf4oCP1w8J+5IA==,paga
kk9eEs+O+cM3fSmu+VfNSg==,paga
ES1LWkLTUqtE/nzIRzBY9w==,paga
8B3PYdEqVPI1Lvfz6tqdUA==,paga
6yVP7Op5Y9SPy2PMdrFEGA==,paga
KU0uGc02F37g8A/2Em5ryQ==,paga
NUSlDeGMI85yvZgaSVxDoQ==,paga
iiSBXrNsrbS5HY3kjO1j1A==,paga
cDAoCJ5+mCFaJAXgt5dOjg==,paga
xNygOfvkXioulsgHpuIACg==,paga
UJguOrJOl5EUq1cIr7ua0Q==,paga
cev2jxW5QJiz5f0XFeLGxg==,paga
WuEiOcZskI73a91yE3fBlA==,paga
bAZazNMFKw+crI2cAacl5A==,paga
4yut4rotcHuaq8NXuD5c3A==,paga
A2yiRHnoBqhkdOgk6ekcEg==,paga
P/NU0XUMkNkfTj/mynruEQ==,paga
fViMzmOKBtG8WAxQ/CJ8xg==,paga
i4JKqlMXXwntSTM2cDx1Cw==,paga
E2Vg0xp1guCp0bSUcqaA7g==,paga
nHUXoq68s4+Q9bpZVXmRFw==,paga
DnxQJlEgE1bPDfMmcYBTPw==,paga
KJUFt3r/rg+zZJi5z7wUOA==,paga
BAhkh0E70FbG2XA4/X+E3g==,paga
RRNyaEZzWXv3Fdyyarn+zQ==,paga
AvIGOQeGeLRYrLneD9OaDg==,paga
32yVx6m8C1kIXwBnwQJHFw==,paga
RYPQEY4xUHta6VOZp9xIHA==,paga
7RD2rCuUexq95PofTLL5KQ==,paga
