,MinTemp,MaxTemp,Rainfall,Evaporation,Sunshine,WindGustDir,WindGustSpeed,WindDir9am,WindDir3pm,WindSpeed9am,WindSpeed3pm,Humidity9am,Humidity3pm,Pressure9am,Pressure3pm,Cloud9am,Cloud3pm,Temp9am,Temp3pm,RainToday,c_Cloud_3vs9,c_Humidity_3vs9,Location_Humidity3pm,c_Location_Humidity3pm,c_Location_RainToday_Yes,PROB
0,5.2,11.4,11.4,0.0,0.0,NW,26.0,WSW,W,9.0,7.0,96.0,76.0,1019.0,1021.4,8.0,8.0,7.3,11.1,Yes,1.0,0.79,54.26086956521739,1.4,0.266,0.3674698795180723
1,7.2,12.5,0.4,0.0,0.0,WSW,17.0,0,W,0.0,11.0,88.0,86.0,1027.7,1026.4,8.0,8.0,9.3,11.6,No,1.0,0.98,54.26086956521739,1.58,0.266,0.8900523560209425
2,7.9,12.7,0.2,0.0,0.0,W,20.0,ENE,W,6.0,13.0,100.0,82.0,1027.5,1024.7,8.0,7.0,9.7,12.6,No,0.88,0.82,54.26086956521739,1.51,0.266,0.334841628959276
3,8.2,11.7,0.2,0.0,0.0,E,19.0,0,ENE,0.0,13.0,97.0,70.0,1021.1,1016.0,8.0,8.0,9.0,11.6,No,1.0,0.72,54.26086956521739,1.29,0.266,0.22767857142857142
4,6.7,10.6,1.0,0.0,0.0,WNW,19.0,0,SSE,0.0,7.0,92.0,99.0,1011.2,1008.6,8.0,8.0,7.8,8.9,No,1.0,1.08,54.26086956521739,1.82,0.266,0.8900523560209425
7,6.5,11.8,0.2,0.0,0.0,S,17.0,S,E,2.0,2.0,96.0,94.0,1022.7,1020.8,8.0,8.0,9.2,11.5,No,1.0,0.98,54.26086956521739,1.73,0.266,0.6296296296296297
10,9.1,16.2,16.6,0.0,0.0,N,44.0,N,N,22.0,19.0,82.0,52.0,1009.3,1007.9,8.0,1.0,12.8,15.7,Yes,0.12,0.63,54.26086956521739,0.96,0.266,0.22748815165876776
11,8.6,12.9,0.4,0.0,0.0,NW,69.0,N,NW,19.0,37.0,79.0,61.0,1007.3,1004.2,8.0,0.0,9.3,12.0,No,0.0,0.77,54.26086956521739,1.12,0.266,0.6691176470588235
12,3.6,9.5,9.6,0.0,0.0,WNW,54.0,WNW,WNW,24.0,19.0,87.0,66.0,1019.3,1023.1,8.0,8.0,4.3,8.9,Yes,1.0,0.76,54.26086956521739,1.22,0.266,0.6853146853146853
17,2.1,13.4,0.0,0.0,0.0,E,13.0,0,SE,0.0,2.0,100.0,96.0,1026.2,1022.6,0.0,8.0,7.3,11.8,No,0.0,0.96,54.26086956521739,1.77,0.266,0.39520958083832336
18,7.3,15.2,5.0,0.0,0.0,NNW,17.0,S,NE,7.0,7.0,100.0,88.0,1023.3,1021.8,8.0,8.0,10.9,14.0,Yes,1.0,0.88,54.26086956521739,1.62,0.266,0.7237569060773481
19,8.5,17.3,0.0,0.0,0.0,ESE,13.0,NNE,E,6.0,7.0,100.0,70.0,1020.9,1019.5,7.0,1.0,10.7,16.7,No,0.14,0.7,54.26086956521739,1.29,0.266,0.2891566265060241
20,6.2,16.8,0.4,0.0,0.0,W,15.0,W,NNE,11.0,7.0,100.0,96.0,1020.1,1015.6,8.0,8.0,10.0,13.8,No,1.0,0.96,54.26086956521739,1.77,0.266,0.5209580838323353
21,9.9,18.2,6.8,0.0,0.0,NNW,56.0,NNW,W,31.0,22.0,92.0,99.0,1003.6,999.5,8.0,8.0,16.8,12.7,Yes,1.0,1.08,54.26086956521739,1.82,0.266,0.9321739130434783
22,7.1,10.8,24.2,0.0,0.0,WNW,63.0,W,SW,24.0,28.0,82.0,67.0,1005.2,1009.8,8.0,8.0,8.5,8.4,Yes,1.0,0.82,54.26086956521739,1.23,0.266,0.6853146853146853
23,-0.2,10.1,0.6,0.0,0.0,WNW,28.0,NE,N,9.0,13.0,86.0,77.0,1015.5,1010.7,0.0,8.0,4.7,8.7,No,0.0,0.9,54.26086956521739,1.42,0.266,0.437125748502994
24,4.7,11.5,12.0,0.0,0.0,NNW,56.0,WNW,WNW,15.0,19.0,89.0,87.0,1013.5,1012.2,8.0,8.0,7.7,10.4,Yes,1.0,0.98,54.26086956521739,1.6,0.266,0.9321739130434783
25,4.5,11.3,4.0,0.0,0.0,WNW,39.0,NW,NNW,15.0,20.0,85.0,72.0,1017.4,1014.4,6.0,8.0,6.9,9.7,Yes,1.33,0.85,54.26086956521739,1.33,0.266,0.3674698795180723
26,6.9,12.6,10.6,0.0,0.0,NW,39.0,WNW,WNW,17.0,24.0,90.0,82.0,1013.7,1017.3,5.0,6.0,9.5,11.5,Yes,1.2,0.91,54.26086956521739,1.51,0.266,0.640074211502783
27,5.9,10.8,0.0,0.0,0.0,W,22.0,WNW,WNW,9.0,11.0,85.0,79.0,1027.6,1026.1,7.0,8.0,8.1,10.5,No,1.14,0.93,54.26086956521739,1.46,0.266,0.334841628959276
30,8.0,14.3,2.2,0.0,0.0,N,22.0,E,NE,7.0,9.0,93.0,76.0,1019.4,1017.4,8.0,8.0,9.7,13.7,Yes,1.0,0.82,54.26086956521739,1.4,0.266,0.3674698795180723
31,9.6,11.8,3.8,0.0,0.0,N,33.0,0,N,0.0,22.0,100.0,92.0,1017.0,1012.3,8.0,6.0,10.6,11.5,Yes,0.75,0.92,54.26086956521739,1.7,0.266,0.8609271523178808
42,0.7,11.6,0.0,0.0,0.0,NW,19.0,0,WNW,0.0,13.0,100.0,58.0,1025.6,1021.8,1.0,8.0,4.7,11.0,No,8.0,0.58,54.26086956521739,1.07,0.266,0.22767857142857142
47,6.0,18.0,0.0,0.0,0.0,NE,22.0,0,NNE,0.0,15.0,92.0,65.0,1024.8,1022.6,1.0,7.0,10.6,17.3,No,7.0,0.71,54.26086956521739,1.2,0.266,0.22767857142857142
49,9.3,16.4,0.0,0.0,0.0,NNE,52.0,NNE,NNW,30.0,24.0,58.0,80.0,1012.9,1009.7,8.0,7.0,15.0,13.2,No,0.88,1.38,54.26086956521739,1.47,0.266,0.8018018018018018
50,5.3,12.0,11.0,0.0,0.0,WNW,43.0,WNW,NW,15.0,20.0,86.0,66.0,1016.1,1015.2,8.0,7.0,7.1,11.7,Yes,0.88,0.77,54.26086956521739,1.22,0.266,0.3869047619047619
52,8.4,13.9,0.2,0.0,0.0,SE,31.0,ESE,WSW,11.0,19.0,91.0,79.0,1016.8,1013.9,5.0,8.0,9.5,10.6,No,1.6,0.87,54.26086956521739,1.46,0.266,0.5
54,2.6,12.2,0.0,0.0,0.0,WSW,13.0,SE,SW,6.0,9.0,79.0,71.0,1014.8,1011.0,0.0,8.0,8.4,11.9,No,0.0,0.9,54.26086956521739,1.31,0.266,0.31519274376417233
58,2.1,16.9,0.0,0.0,0.0,N,24.0,E,NW,4.0,13.0,89.0,57.0,1024.8,1021.5,7.0,8.0,8.5,16.2,No,1.14,0.64,54.26086956521739,1.05,0.266,0.22767857142857142
61,10.6,18.4,22.0,0.0,0.0,N,43.0,W,W,15.0,20.0,100.0,66.0,1015.9,1015.4,7.0,6.0,13.9,16.7,Yes,0.86,0.66,54.26086956521739,1.22,0.266,0.6138613861386139
62,8.5,16.7,0.4,0.0,0.0,NNE,17.0,0,NW,0.0,11.0,96.0,65.0,1020.0,1016.1,8.0,7.0,12.3,15.8,No,0.88,0.68,54.26086956521739,1.2,0.266,0.22767857142857142
63,6.1,13.9,0.2,0.0,0.0,SSE,37.0,S,E,6.0,7.0,87.0,76.0,1012.1,1005.6,0.0,8.0,10.1,13.5,No,0.0,0.87,54.26086956521739,1.4,0.266,0.437125748502994
64,9.6,16.6,33.6,0.0,0.0,WNW,48.0,W,W,15.0,31.0,90.0,60.0,1003.4,1008.8,6.0,1.0,11.4,15.1,Yes,0.17,0.67,54.26086956521739,1.11,0.266,0.6853146853146853
69,8.1,20.3,0.0,0.0,0.0,NNE,33.0,ESE,NNE,7.0,17.0,94.0,63.0,1027.2,1021.3,8.0,8.0,12.6,20.1,No,1.0,0.67,54.26086956521739,1.16,0.266,0.22767857142857142
70,12.6,17.8,4.0,0.0,0.0,N,50.0,NNE,NE,20.0,20.0,86.0,91.0,1014.8,1009.8,8.0,8.0,15.1,15.7,Yes,1.0,1.06,54.26086956521739,1.68,0.266,0.9321739130434783
71,11.2,17.7,17.0,0.0,0.0,W,43.0,W,W,24.0,26.0,91.0,67.0,1012.4,1013.7,8.0,8.0,12.2,16.5,Yes,1.0,0.74,54.26086956521739,1.23,0.266,0.6138613861386139
72,3.7,14.9,0.2,0.0,0.0,W,22.0,ENE,NNW,6.0,13.0,81.0,71.0,1021.0,1019.1,0.0,8.0,10.7,13.9,No,0.0,0.88,54.26086956521739,1.31,0.266,0.22767857142857142
76,8.3,13.6,10.8,0.0,0.0,NNW,39.0,W,NW,17.0,22.0,88.0,72.0,1008.5,1011.0,8.0,7.0,10.0,12.8,Yes,0.88,0.82,54.26086956521739,1.33,0.266,0.640074211502783
78,4.4,18.2,0.6,0.0,0.0,NNE,26.0,NE,NE,2.0,15.0,86.0,60.0,1022.6,1017.6,0.0,8.0,9.7,17.0,No,0.0,0.7,54.26086956521739,1.11,0.266,0.22767857142857142
79,7.1,13.8,1.2,0.0,0.0,SSE,24.0,SE,SSE,6.0,13.0,98.0,94.0,1010.7,1005.9,7.0,8.0,10.7,12.9,Yes,1.14,0.96,54.26086956521739,1.73,0.266,0.8609271523178808
82,9.8,16.2,12.8,0.0,0.0,NE,31.0,ESE,ENE,11.0,9.0,96.0,72.0,1009.3,1005.3,8.0,8.0,11.3,15.8,Yes,1.0,0.75,54.26086956521739,1.33,0.266,0.640074211502783
83,9.3,18.8,0.0,0.0,0.0,W,39.0,W,W,24.0,28.0,76.0,61.0,1012.3,1011.5,0.0,4.0,13.2,17.6,No,0.0,0.8,54.26086956521739,1.12,0.266,0.3865546218487395
85,8.3,20.5,0.0,0.0,0.0,N,31.0,ESE,WNW,7.0,17.0,83.0,45.0,1012.3,1008.2,6.0,4.0,14.1,20.2,No,0.67,0.54,54.26086956521739,0.83,0.266,0.2354948805460751
86,11.0,17.5,3.0,0.0,0.0,W,39.0,0,W,0.0,28.0,96.0,55.0,1008.9,1009.5,8.0,0.0,12.4,16.7,Yes,0.0,0.57,54.26086956521739,1.01,0.266,0.22748815165876776
90,11.1,14.8,20.6,0.0,0.0,WNW,56.0,NNW,N,9.0,24.0,89.0,59.0,993.7,993.1,8.0,8.0,11.8,13.9,Yes,1.0,0.66,54.26086956521739,1.09,0.266,0.6853146853146853
91,8.4,13.7,16.2,0.0,0.0,WNW,48.0,S,WNW,2.0,31.0,98.0,84.0,992.9,995.7,8.0,8.0,9.8,11.9,Yes,1.0,0.86,54.26086956521739,1.55,0.266,0.8609271523178808
92,9.2,14.9,9.0,0.0,0.0,WNW,46.0,WNW,NW,17.0,20.0,98.0,78.0,1006.2,1007.7,8.0,8.0,11.0,13.5,Yes,1.0,0.8,54.26086956521739,1.44,0.266,0.640074211502783
93,5.9,21.7,0.8,0.0,0.0,NNE,46.0,SE,N,9.0,26.0,86.0,48.0,1012.3,1005.9,0.0,0.0,11.8,21.2,No,0.0,0.56,54.26086956521739,0.88,0.266,0.3586206896551724
94,10.8,15.1,12.4,0.0,0.0,NW,59.0,NW,NW,24.0,35.0,76.0,59.0,1000.3,1000.5,1.0,3.0,11.8,13.9,Yes,3.0,0.78,54.26086956521739,1.09,0.266,0.6853146853146853
95,8.3,15.0,8.6,0.0,0.0,WSW,67.0,NNW,NW,20.0,33.0,90.0,86.0,1006.9,1002.4,8.0,8.0,9.2,12.9,Yes,1.0,0.96,54.26086956521739,1.58,0.266,0.8609271523178808
96,3.5,15.7,7.8,0.0,0.0,WNW,39.0,NNE,W,6.0,22.0,78.0,64.0,1018.3,1017.6,2.0,6.0,8.6,14.2,Yes,3.0,0.82,54.26086956521739,1.18,0.266,0.3869047619047619
100,8.3,20.9,0.0,0.0,0.0,ENE,44.0,ESE,NE,7.0,24.0,76.0,59.0,1019.1,1012.0,0.0,0.0,11.5,18.7,No,0.0,0.78,54.26086956521739,1.09,0.266,0.3865546218487395
101,9.6,14.8,6.6,0.0,0.0,WNW,43.0,NNW,NW,9.0,20.0,89.0,75.0,1012.2,1010.6,8.0,0.0,9.9,14.0,Yes,0.0,0.84,54.26086956521739,1.38,0.266,0.640074211502783
108,9.7,17.6,9.6,0.0,0.0,W,39.0,W,W,19.0,22.0,85.0,49.0,1008.7,1009.9,8.0,3.0,10.8,17.0,Yes,0.38,0.58,54.26086956521739,0.9,0.266,0.22748815165876776
109,10.1,16.4,0.8,0.0,0.0,NNW,46.0,NNW,WSW,13.0,22.0,82.0,76.0,1012.8,1011.6,8.0,8.0,11.3,14.7,No,1.0,0.93,54.26086956521739,1.4,0.266,0.437125748502994
112,7.4,23.7,0.0,0.0,0.0,WSW,46.0,SE,NNE,9.0,15.0,75.0,48.0,1015.8,1010.9,0.0,0.0,13.3,22.9,No,0.0,0.64,54.26086956521739,0.88,0.266,0.3586206896551724
121,14.7,24.3,0.0,0.0,0.0,W,69.0,N,N,28.0,20.0,64.0,68.0,1005.9,1003.5,1.0,8.0,21.9,20.6,No,8.0,1.06,54.26086956521739,1.25,0.266,0.6691176470588235
126,7.6,28.2,0.0,0.0,0.0,W,52.0,ENE,WNW,6.0,28.0,70.0,27.0,1015.6,1009.2,0.0,1.0,15.5,27.3,No,0.0,0.39,54.26086956521739,0.5,0.266,0.3586206896551724
129,8.8,29.4,0.0,0.0,0.0,NNW,50.0,SSE,NNW,4.0,31.0,70.0,22.0,1010.3,1003.7,0.0,3.0,15.8,28.2,No,0.0,0.31,54.26086956521739,0.41,0.266,0.3586206896551724
131,9.7,25.9,0.0,0.0,0.0,WNW,31.0,ESE,W,9.0,15.0,73.0,31.0,1011.5,1007.3,0.0,0.0,17.8,25.3,No,0.0,0.42,54.26086956521739,0.57,0.266,0.35514018691588783
132,9.9,24.4,0.0,0.0,0.0,W,48.0,ENE,WSW,2.0,26.0,67.0,36.0,1009.8,1008.6,0.0,1.0,17.6,23.5,No,0.0,0.54,54.26086956521739,0.66,0.266,0.3586206896551724
133,7.7,26.9,0.0,0.0,0.0,E,24.0,ESE,NNW,9.0,6.0,67.0,35.0,1011.9,1007.7,0.0,0.0,16.0,26.5,No,0.0,0.52,54.26086956521739,0.65,0.266,0.35514018691588783
134,14.1,27.1,8.0,0.0,0.0,WNW,54.0,0,W,0.0,26.0,87.0,38.0,1001.3,998.1,8.0,1.0,17.4,26.6,Yes,0.12,0.44,54.26086956521739,0.7,0.266,0.5357142857142857
135,11.7,16.0,1.8,0.0,0.0,WNW,56.0,WNW,WNW,19.0,22.0,87.0,88.0,999.4,997.5,8.0,6.0,13.0,12.3,Yes,0.75,1.01,54.26086956521739,1.62,0.266,0.9321739130434783
145,14.3,21.6,19.2,0.0,0.0,WSW,50.0,WNW,WSW,9.0,28.0,98.0,44.0,1011.8,1010.3,8.0,7.0,14.5,20.2,Yes,0.88,0.45,54.26086956521739,0.81,0.266,0.5357142857142857
158,19.8,26.1,0.0,0.0,0.0,NW,31.0,NNW,WNW,9.0,20.0,72.0,35.0,1011.7,1010.8,0.0,1.0,22.1,24.0,No,0.0,0.49,54.26086956521739,0.65,0.266,0.35514018691588783
160,11.5,29.7,0.0,0.0,0.0,WNW,63.0,SSE,W,6.0,39.0,51.0,86.0,1003.3,1000.5,0.0,8.0,21.7,16.4,No,0.0,1.69,54.26086956521739,1.58,0.266,0.9321739130434783
168,16.0,22.7,5.2,0.0,0.0,NNE,22.0,SSE,NE,7.0,11.0,93.0,66.0,1010.7,1007.8,5.0,8.0,17.3,21.6,Yes,1.6,0.71,54.26086956521739,1.22,0.266,0.3484848484848485
179,20.9,31.5,2.0,0.0,0.0,SE,37.0,SE,SE,17.0,22.0,88.0,55.0,1012.6,1009.6,0.0,0.0,21.9,28.3,Yes,0.0,0.62,54.26086956521739,1.01,0.266,0.22748815165876776
181,22.0,27.7,3.8,0.0,0.0,E,28.0,SE,E,6.0,15.0,93.0,66.0,1007.4,1005.5,0.0,0.0,22.9,26.7,Yes,0.0,0.71,54.26086956521739,1.22,0.266,0.3484848484848485
182,22.8,32.1,3.2,0.0,0.0,W,65.0,N,NW,20.0,28.0,85.0,62.0,1002.5,999.2,0.0,0.0,24.3,30.6,Yes,0.0,0.73,54.26086956521739,1.14,0.266,0.6853146853146853
188,3.6,16.1,4.2,0.0,0.0,NW,30.0,NNW,WSW,2.0,4.0,100.0,83.0,1011.7,1006.1,0.0,0.0,7.8,14.9,Yes,0.0,0.83,48.08383233532934,1.73,0.156,0.640074211502783
189,6.9,17.3,0.2,0.0,0.0,W,57.0,N,WSW,7.0,24.0,56.0,56.0,1004.1,1003.7,0.0,0.0,13.6,15.2,No,0.0,1.0,48.08383233532934,1.16,0.156,0.36585365853658536
190,12.4,18.1,0.4,0.0,0.0,SW,46.0,SW,SSW,17.0,17.0,94.0,75.0,1016.2,1017.0,0.0,0.0,13.8,15.9,No,0.0,0.8,48.08383233532934,1.56,0.156,0.437125748502994
191,11.2,16.5,1.4,0.0,0.0,S,20.0,SW,NE,9.0,2.0,97.0,96.0,1020.4,1018.7,0.0,0.0,12.5,14.0,Yes,0.0,0.99,48.08383233532934,2.0,0.156,0.8900523560209425
192,7.8,17.8,1.6,0.0,0.0,WSW,19.0,SW,S,9.0,2.0,88.0,74.0,1023.6,1022.5,0.0,0.0,12.2,14.9,Yes,0.0,0.84,48.08383233532934,1.54,0.156,0.334841628959276
193,8.5,18.8,0.4,0.0,0.0,NE,22.0,SW,NNE,9.0,13.0,100.0,64.0,1025.2,1020.6,0.0,0.0,13.2,17.6,No,0.0,0.64,48.08383233532934,1.33,0.156,0.2891566265060241
194,9.6,19.9,0.0,0.0,0.0,NW,63.0,N,N,9.0,26.0,96.0,54.0,1014.6,1010.2,0.0,0.0,12.4,19.2,No,0.0,0.56,48.08383233532934,1.12,0.156,0.6691176470588235
203,13.0,16.4,19.0,0.0,0.0,S,28.0,SSW,WSW,11.0,7.0,100.0,100.0,1020.3,1018.7,0.0,0.0,15.6,15.9,Yes,0.0,1.0,48.08383233532934,2.08,0.156,0.8900523560209425
204,11.7,19.9,13.2,0.0,0.0,SW,19.0,SW,SE,9.0,6.0,98.0,76.0,1020.1,1015.6,0.0,0.0,15.0,18.6,Yes,0.0,0.78,48.08383233532934,1.58,0.156,0.3674698795180723
205,8.0,25.7,0.0,0.0,0.0,NW,57.0,N,NW,15.0,31.0,100.0,51.0,1008.6,1001.2,0.0,0.0,15.1,24.8,No,0.0,0.51,48.08383233532934,1.06,0.156,0.36585365853658536
206,13.1,17.1,3.2,0.0,0.0,W,65.0,WNW,W,31.0,31.0,45.0,36.0,1003.9,1004.2,0.0,0.0,13.8,16.1,Yes,0.0,0.8,48.08383233532934,0.75,0.156,0.21656050955414013
215,7.0,15.9,0.0,0.0,0.0,W,11.0,SSE,0,2.0,0.0,81.0,77.0,1017.5,1012.9,0.0,0.0,12.3,14.9,No,0.0,0.95,48.08383233532934,1.6,0.156,0.437125748502994
216,7.8,14.0,0.2,0.0,0.0,S,37.0,SSE,SW,6.0,13.0,100.0,100.0,1014.0,1014.8,0.0,0.0,11.9,9.5,No,0.0,1.0,48.08383233532934,2.08,0.156,0.6296296296296297
217,8.7,14.8,16.6,0.0,0.0,SSW,46.0,SSW,S,20.0,19.0,83.0,66.0,1018.8,1018.7,0.0,0.0,11.2,14.0,Yes,0.0,0.8,48.08383233532934,1.37,0.156,0.3869047619047619
218,9.8,16.5,0.0,0.0,0.0,S,44.0,SSW,SSW,24.0,22.0,85.0,67.0,1024.9,1025.7,0.0,0.0,11.0,14.0,No,0.0,0.79,48.08383233532934,1.39,0.156,0.2396694214876033
219,7.8,16.3,3.2,0.0,0.0,SW,26.0,SW,SSE,13.0,11.0,82.0,70.0,1031.0,1028.2,0.0,0.0,11.8,14.5,Yes,0.0,0.85,48.08383233532934,1.46,0.156,0.22330097087378642
236,4.5,13.6,0.0,0.0,0.0,N,46.0,WSW,WNW,6.0,9.0,75.0,90.0,1017.1,1015.2,0.0,0.0,11.5,9.8,No,0.0,1.2,48.08383233532934,1.87,0.156,0.6990291262135923
238,10.0,12.4,0.0,0.0,0.0,WSW,41.0,S,SSW,4.0,19.0,95.0,100.0,1014.1,1007.7,0.0,0.0,11.2,11.7,No,0.0,1.05,48.08383233532934,2.08,0.156,0.6990291262135923
247,12.6,16.6,10.0,0.0,0.0,SW,17.0,SSW,WSW,4.0,2.0,100.0,100.0,1011.7,1006.0,0.0,0.0,13.4,14.6,Yes,0.0,1.0,48.08383233532934,2.08,0.156,0.8900523560209425
248,12.6,19.4,21.4,0.0,0.0,WNW,50.0,WNW,W,31.0,15.0,63.0,57.0,998.5,1005.7,0.0,0.0,16.4,18.0,Yes,0.0,0.9,48.08383233532934,1.19,0.156,0.21568627450980393
255,12.2,21.2,3.8,0.0,0.0,WNW,48.0,NNE,W,19.0,24.0,73.0,46.0,1012.3,1011.2,0.0,0.0,16.7,20.5,Yes,0.0,0.63,48.08383233532934,0.96,0.156,0.21656050955414013
259,13.9,23.8,2.2,0.0,0.0,N,30.0,0,NNW,0.0,6.0,100.0,70.0,1013.7,1008.2,0.0,0.0,15.2,22.2,Yes,0.0,0.7,48.08383233532934,1.46,0.156,0.3484848484848485
263,9.6,16.6,0.0,0.0,0.0,WSW,19.0,SW,ENE,6.0,9.0,89.0,100.0,1012.5,1005.1,0.0,0.0,13.2,12.7,No,0.0,1.12,48.08383233532934,2.08,0.156,0.6990291262135923
266,10.8,19.3,0.0,0.0,0.0,NNE,24.0,NNW,N,4.0,15.0,73.0,86.0,1012.3,1007.2,0.0,0.0,15.6,15.6,No,0.0,1.18,48.08383233532934,1.79,0.156,0.6990291262135923
267,7.7,19.8,1.2,0.0,0.0,WSW,48.0,NW,WSW,2.0,31.0,69.0,56.0,1007.1,1006.3,0.0,0.0,17.6,17.9,Yes,0.0,0.81,48.08383233532934,1.16,0.156,0.21568627450980393
268,12.4,21.8,0.0,0.0,0.0,SW,54.0,SW,S,28.0,19.0,59.0,52.0,1012.0,1010.2,0.0,0.0,18.3,21.5,No,0.0,0.88,48.08383233532934,1.08,0.156,0.36585365853658536
270,12.3,22.4,0.0,0.0,0.0,WSW,43.0,N,SW,7.0,17.0,82.0,51.0,1006.6,1005.6,0.0,0.0,15.4,20.8,No,0.0,0.62,48.08383233532934,1.06,0.156,0.36585365853658536
274,6.1,21.1,3.2,0.0,0.0,NW,65.0,0,N,0.0,15.0,99.0,56.0,1000.5,993.1,0.0,0.0,10.4,20.7,Yes,0.0,0.57,48.08383233532934,1.16,0.156,0.21568627450980393
285,9.8,32.1,0.0,0.0,0.0,NW,57.0,SSW,WNW,6.0,30.0,76.0,34.0,1007.5,1004.7,0.0,0.0,17.4,31.2,No,0.0,0.45,48.08383233532934,0.71,0.156,0.3586206896551724
292,17.1,19.5,0.0,0.0,0.0,WNW,44.0,WSW,NE,17.0,4.0,62.0,83.0,1006.1,1007.5,0.0,0.0,18.1,15.5,No,0.0,1.34,48.08383233532934,1.73,0.156,0.7218543046357616
293,4.7,25.6,1.4,0.0,0.0,WNW,50.0,NE,WNW,7.0,28.0,66.0,31.0,1014.5,1011.1,0.0,0.0,15.2,24.2,Yes,0.0,0.47,48.08383233532934,0.64,0.156,0.21656050955414013
297,15.6,20.6,8.8,0.0,0.0,WSW,50.0,WSW,SSW,6.0,17.0,100.0,55.0,1010.1,1009.5,0.0,0.0,16.4,18.6,Yes,0.0,0.55,48.08383233532934,1.14,0.156,0.21568627450980393
302,9.6,25.4,0.0,0.0,0.0,E,35.0,SW,ESE,6.0,19.0,68.0,67.0,1016.0,1015.2,0.0,0.0,19.2,19.6,No,0.0,0.99,48.08383233532934,1.39,0.156,0.2891566265060241
303,12.1,19.3,1.4,0.0,0.0,SSW,22.0,SW,W,15.0,4.0,98.0,71.0,1020.9,1018.4,0.0,0.0,13.7,17.8,Yes,0.0,0.72,48.08383233532934,1.48,0.156,0.3484848484848485
305,15.6,28.1,0.0,0.0,0.0,WSW,44.0,NNE,N,13.0,26.0,79.0,51.0,1013.6,1005.4,0.0,0.0,21.7,27.4,No,0.0,0.65,48.08383233532934,1.06,0.156,0.36585365853658536
311,13.9,25.3,0.0,0.0,0.0,WSW,59.0,WSW,W,31.0,31.0,19.0,20.0,1004.0,1006.4,0.0,0.0,23.5,24.4,No,0.0,1.05,48.08383233532934,0.42,0.156,0.2184873949579832
315,16.3,23.6,1.6,0.0,0.0,E,28.0,SE,ESE,6.0,15.0,84.0,79.0,1013.1,1009.3,0.0,0.0,19.2,19.4,Yes,0.0,0.94,48.08383233532934,1.64,0.156,0.7218543046357616
316,13.3,30.3,1.6,0.0,0.0,ESE,28.0,W,SSW,2.0,17.0,89.0,31.0,1009.5,1005.6,0.0,0.0,18.6,29.2,Yes,0.0,0.35,48.08383233532934,0.64,0.156,0.22748815165876776
318,17.0,35.7,5.4,0.0,0.0,WNW,59.0,N,W,15.0,11.0,89.0,34.0,1002.2,996.5,0.0,0.0,20.1,34.6,Yes,0.0,0.38,48.08383233532934,0.71,0.156,0.21656050955414013
319,12.5,29.9,0.0,0.0,0.0,NW,74.0,S,WNW,4.0,37.0,40.0,22.0,998.5,996.5,0.0,0.0,23.8,27.0,No,0.0,0.55,48.08383233532934,0.46,0.156,0.2184873949579832
320,15.4,27.0,0.0,0.0,0.0,S,56.0,SW,SE,22.0,20.0,47.0,50.0,1002.2,1004.0,0.0,0.0,20.9,21.2,No,0.0,1.06,48.08383233532934,1.04,0.156,0.36585365853658536
339,11.9,37.8,0.0,0.0,0.0,SW,54.0,N,NW,7.0,17.0,67.0,26.0,1010.4,1004.1,0.0,0.0,20.3,36.2,No,0.0,0.39,48.08383233532934,0.54,0.156,0.3586206896551724
345,17.1,34.5,0.0,0.0,0.0,S,52.0,NNE,ESE,2.0,4.0,72.0,81.0,1014.6,1010.1,0.0,0.0,24.1,25.0,No,0.0,1.12,48.08383233532934,1.68,0.156,0.8018018018018018
355,6.3,10.2,1.2,0.0,0.0,W,43.0,NW,W,15.0,20.0,93.0,82.0,1012.3,1012.9,8.0,8.0,8.7,8.1,Yes,1.0,0.88,26.245714285714286,3.12,0.206,0.5
356,7.2,10.9,2.9,0.0,0.0,W,39.0,W,W,22.0,24.0,87.0,83.0,1017.6,1017.2,7.0,8.0,7.6,9.6,Yes,1.14,0.95,26.245714285714286,3.16,0.206,0.3674698795180723
357,7.6,13.6,0.0,0.0,0.0,SW,31.0,SW,SW,13.0,11.0,84.0,73.0,1020.4,1018.8,7.0,4.0,9.8,13.2,No,0.57,0.87,26.245714285714286,2.78,0.206,0.334841628959276
359,4.2,13.3,0.0,0.0,0.0,ESE,17.0,S,SE,9.0,7.0,97.0,66.0,1024.8,1022.0,8.0,8.0,8.3,13.3,No,1.0,0.68,26.245714285714286,2.51,0.206,0.22767857142857142
369,14.1,20.8,0.0,3.0,0.0,NNE,33.0,ENE,NE,9.0,7.0,82.0,89.0,1022.3,1019.9,8.0,8.0,17.6,19.5,No,1.0,1.09,26.245714285714286,3.39,0.206,0.87248322147651
370,16.8,18.5,19.8,0.8,0.0,E,28.0,NNW,ENE,13.0,11.0,98.0,90.0,1019.2,1018.4,7.0,8.0,18.1,17.6,Yes,1.14,0.92,26.245714285714286,3.43,0.206,0.7237569060773481
371,11.7,22.1,6.4,0.6,0.0,E,22.0,ENE,WNW,7.0,9.0,93.0,68.0,1018.9,1015.7,1.0,0.0,15.4,21.7,Yes,0.0,0.73,26.245714285714286,2.59,0.206,0.3484848484848485
372,14.3,23.9,0.2,2.4,0.0,W,57.0,NNW,NW,20.0,28.0,97.0,67.0,1012.0,1006.2,8.0,1.0,17.3,23.6,No,0.12,0.69,26.245714285714286,2.55,0.206,0.36585365853658536
373,8.9,13.8,0.0,5.2,0.0,W,46.0,W,WSW,24.0,20.0,64.0,62.0,1013.8,1014.6,0.0,8.0,10.3,12.2,No,0.0,0.97,26.245714285714286,2.36,0.206,0.56
376,3.9,15.7,0.0,2.0,0.0,NW,30.0,W,NW,6.0,17.0,71.0,60.0,1020.8,1016.8,7.0,8.0,9.4,13.9,No,1.14,0.85,26.245714285714286,2.29,0.206,0.22767857142857142
383,8.5,10.1,1.0,2.0,0.0,SW,44.0,SSW,SW,15.0,20.0,96.0,90.0,1013.3,1012.9,8.0,8.0,9.9,8.5,No,1.0,0.94,26.245714285714286,3.43,0.206,0.5209580838323353
384,6.1,14.7,16.8,0.0,0.0,SSW,50.0,S,S,20.0,20.0,65.0,42.0,1019.8,1020.1,8.0,0.0,7.2,14.4,Yes,0.0,0.65,26.245714285714286,1.6,0.206,0.7596899224806202
401,3.1,14.9,7.0,0.8,0.0,SW,48.0,WSW,W,13.0,15.0,86.0,44.0,1020.9,1019.4,0.0,1.0,8.4,13.5,Yes,0.0,0.51,26.245714285714286,1.68,0.206,0.7596899224806202
403,8.1,9.7,1.2,4.6,0.0,NE,28.0,E,SE,13.0,13.0,92.0,92.0,1013.9,1011.1,7.0,8.0,8.5,9.2,Yes,1.14,1.0,26.245714285714286,3.51,0.206,0.8900523560209425
404,5.6,11.2,7.6,0.4,0.0,SSE,22.0,SE,ESE,4.0,7.0,97.0,75.0,1016.5,1014.6,8.0,7.0,7.8,10.5,Yes,0.88,0.77,26.245714285714286,2.86,0.206,0.3674698795180723
405,5.8,12.8,0.2,0.6,0.0,SW,33.0,SSW,WSW,11.0,15.0,96.0,69.0,1012.3,1009.3,8.0,8.0,7.6,12.4,No,1.0,0.72,26.245714285714286,2.63,0.206,0.31519274376417233
412,13.3,21.6,23.6,1.2,0.0,SW,35.0,N,WSW,9.0,13.0,97.0,51.0,1019.3,1017.4,8.0,1.0,14.1,20.3,Yes,0.12,0.53,26.245714285714286,1.94,0.206,0.22748815165876776
413,8.0,21.0,0.2,1.4,0.0,E,28.0,ENE,NE,15.0,13.0,61.0,58.0,1018.6,1013.2,0.0,7.0,17.6,17.6,No,0.0,0.95,26.245714285714286,2.21,0.206,0.22767857142857142
414,13.0,16.0,22.0,0.0,0.0,N,52.0,SE,NE,13.0,22.0,97.0,97.0,1004.4,995.8,8.0,8.0,13.7,16.3,Yes,1.0,1.0,26.245714285714286,3.7,0.206,0.9321739130434783
415,8.0,17.0,19.8,1.8,0.0,WSW,48.0,WSW,W,20.0,20.0,74.0,53.0,1012.8,1014.9,0.0,1.0,12.4,15.2,Yes,0.0,0.72,26.245714285714286,2.02,0.206,0.7596899224806202
421,15.0,17.0,0.0,4.4,0.0,NNE,46.0,NNE,N,24.0,15.0,77.0,96.0,1014.7,1009.9,4.0,8.0,17.4,15.8,No,2.0,1.25,26.245714285714286,3.66,0.206,0.87248322147651
426,12.0,16.0,2.4,1.4,0.0,W,37.0,W,NW,22.0,13.0,94.0,68.0,1013.6,1011.6,8.0,8.0,12.1,15.2,Yes,1.0,0.72,26.245714285714286,2.59,0.206,0.6138613861386139
430,12.0,19.0,10.8,1.0,0.0,WSW,56.0,NNE,WSW,19.0,31.0,100.0,95.0,1006.9,1006.6,8.0,8.0,14.7,14.3,Yes,1.0,0.95,26.245714285714286,3.62,0.206,0.8609271523178808
432,6.0,17.0,0.0,3.4,0.0,NNE,33.0,NE,NE,13.0,22.0,71.0,71.0,1016.7,1012.3,2.0,8.0,13.7,17.0,No,4.0,1.0,26.245714285714286,2.71,0.206,0.22767857142857142
433,13.0,16.0,6.2,2.6,0.0,NW,43.0,WNW,W,19.0,24.0,96.0,84.0,1010.5,1010.0,8.0,8.0,14.8,14.9,Yes,1.0,0.88,26.245714285714286,3.2,0.206,0.8609271523178808
434,10.0,13.0,1.4,2.8,0.0,WSW,35.0,SW,WSW,15.0,17.0,99.0,0.0,1016.6,1015.5,8.0,7.0,11.1,13.2,Yes,0.88,0.0,26.245714285714286,0.0,0.206,0.3185840707964602
437,10.1,17.7,1.8,0.0,0.0,SW,37.0,SW,SW,17.0,19.0,0.0,0.0,1010.9,1011.8,8.0,1.0,12.4,17.1,Yes,0.12,0.0,26.245714285714286,0.0,0.206,0.3185840707964602
441,9.0,17.0,3.4,5.8,0.0,NW,65.0,WNW,NW,33.0,37.0,0.0,0.0,1000.1,998.3,0.0,8.0,13.1,15.8,Yes,0.0,0.0,26.245714285714286,0.0,0.206,0.21656050955414013
442,7.0,16.0,2.6,8.6,0.0,WNW,52.0,NW,WNW,24.0,24.0,0.0,0.0,1002.7,1004.2,8.0,7.0,8.5,16.3,Yes,0.88,0.0,26.245714285714286,0.0,0.206,0.21656050955414013
443,8.5,20.7,0.2,3.4,0.0,WNW,31.0,W,NW,17.0,19.0,0.0,0.0,1012.3,1009.8,7.0,0.0,15.6,19.8,No,0.0,0.0,26.245714285714286,0.0,0.206,0.3010752688172043
445,11.3,19.0,6.0,0.0,0.0,SW,72.0,WSW,W,17.0,28.0,0.0,0.0,1006.6,1006.3,0.0,0.0,13.5,17.8,Yes,0.0,0.0,26.245714285714286,0.0,0.206,0.21656050955414013
459,10.1,18.9,8.0,0.0,0.0,WSW,44.0,WNW,WSW,17.0,20.0,0.0,0.0,1011.9,1013.0,8.0,1.0,10.9,16.9,Yes,0.12,0.0,26.245714285714286,0.0,0.206,0.5661375661375662
464,9.1,17.4,2.8,7.6,0.0,SW,48.0,SW,SSW,22.0,26.0,0.0,0.0,1018.1,1017.6,6.0,0.0,10.4,16.6,Yes,0.0,0.0,26.245714285714286,0.0,0.206,0.21656050955414013
473,9.9,20.6,1.8,0.0,0.0,SSW,44.0,SSE,SW,19.0,13.0,0.0,0.0,1017.1,1014.3,0.0,0.0,12.3,18.8,Yes,0.0,0.0,26.245714285714286,0.0,0.206,0.3185840707964602
481,19.9,30.8,0.0,0.0,0.0,W,61.0,W,SSW,17.0,13.0,0.0,0.0,1007.1,1006.6,8.0,1.0,28.1,29.8,No,0.12,0.0,26.245714285714286,0.0,0.206,0.2184873949579832
482,15.3,28.0,9.0,0.0,0.0,WNW,46.0,ESE,NE,17.0,13.0,0.0,0.0,1009.7,1006.9,8.0,0.0,16.6,26.3,Yes,0.0,0.0,26.245714285714286,0.0,0.206,0.5661375661375662
483,15.0,31.6,11.8,0.0,0.0,W,35.0,NNW,W,9.0,15.0,0.0,0.0,1009.1,1007.5,0.0,5.0,22.3,30.6,Yes,0.0,0.0,26.245714285714286,0.0,0.206,0.5661375661375662
491,9.0,24.8,0.0,0.0,0.0,S,39.0,S,S,19.0,19.0,0.0,0.0,1017.2,1013.9,0.0,0.0,15.0,23.4,Null,0.0,0.0,26.245714285714286,0.0,0.206,0.3185840707964602
494,19.2,37.1,0.0,0.0,0.0,SW,56.0,N,W,17.0,26.0,0.0,0.0,1007.3,1004.6,0.0,0.0,28.9,36.2,Null,0.0,0.0,26.245714285714286,0.0,0.206,0.21656050955414013
496,20.0,36.0,0.0,5.356814357823893,0.0,WSW,33.0,NE,SW,9.0,20.0,0.0,0.0,1009.0,1009.6,8.0,4.0,28.0,33.6,No,0.5,0.0,26.245714285714286,0.0,0.206,0.3010752688172043
498,26.9,42.2,0.0,0.0,0.0,WNW,57.0,NNE,NNE,17.0,19.0,0.0,0.0,1011.3,1006.8,8.0,8.0,31.4,39.7,No,1.0,0.0,26.245714285714286,0.0,0.206,0.3010752688172043
499,26.7,39.3,0.0,0.0,0.0,W,78.0,WNW,W,2.0,19.0,0.0,0.0,1009.1,1007.2,8.0,8.0,30.4,36.9,No,1.0,0.0,26.245714285714286,0.0,0.206,0.2184873949579832
501,14.0,32.0,5.4,5.356814357823893,0.0,SSE,41.0,ESE,S,9.0,11.0,0.0,0.0,1015.4,1011.8,0.0,0.0,20.4,29.8,Yes,0.0,0.0,26.245714285714286,0.0,0.206,0.5661375661375662
502,18.0,37.0,0.2,8.6,0.0,W,87.0,NNW,WNW,22.0,24.0,0.0,0.0,1005.5,1000.1,0.0,0.0,27.8,35.2,No,0.0,0.0,26.245714285714286,0.0,0.206,0.2184873949579832
503,11.0,23.0,9.4,9.6,0.0,SSW,41.0,SSW,SSW,22.0,15.0,0.0,0.0,1015.6,1015.2,0.0,0.0,14.9,21.8,Yes,0.0,0.0,26.245714285714286,0.0,0.206,0.5661375661375662
509,20.0,27.0,2.6,8.4,0.0,ESE,37.0,WSW,NW,6.0,19.0,0.0,0.0,1011.2,1009.4,8.0,8.0,22.0,23.1,Yes,1.0,0.0,26.245714285714286,0.0,0.206,0.3185840707964602
510,19.0,29.0,7.2,3.0,0.0,NNW,39.0,NW,W,13.0,26.0,0.0,0.0,1008.3,1006.4,8.0,6.0,22.1,27.1,Yes,0.75,0.0,26.245714285714286,0.0,0.206,0.5661375661375662
519,18.4,36.0,1.8,0.0,0.0,NNE,39.0,NNE,ESE,9.0,13.0,0.0,0.0,1011.5,1009.6,0.0,2.0,25.4,35.0,Yes,0.0,0.0,26.245714285714286,0.0,0.206,0.3185840707964602
524,27.5,36.8,0.0,0.0,0.0,W,57.0,E,NE,11.0,17.0,0.0,0.0,1003.2,1001.4,8.0,7.0,29.4,32.6,No,0.88,0.0,26.245714285714286,0.0,0.206,0.3010752688172043
525,24.0,37.0,2.6,0.0,0.0,NNW,41.0,NNE,SSE,9.0,11.0,0.0,0.0,1004.6,1002.1,5.0,7.0,27.9,36.0,Yes,1.4,0.0,26.245714285714286,0.0,0.206,0.3185840707964602
530,11.4,19.7,9.0,0.0,0.0,W,43.0,NW,NNE,11.0,17.0,93.0,72.0,1013.5,1008.7,4.0,0.0,14.5,19.3,Yes,0.0,0.77,59.80978260869565,1.2,0.212,0.640074211502783
533,14.1,20.9,0.0,0.0,0.0,S,50.0,SSW,S,9.0,35.0,69.0,79.0,1017.6,1015.7,0.0,8.0,17.2,17.3,No,0.0,1.14,59.80978260869565,1.32,0.212,0.6176470588235294
536,11.3,20.3,0.1,0.0,0.0,N,37.0,N,NNE,19.0,13.0,65.0,64.0,1019.3,1015.8,7.0,8.0,18.4,19.7,No,1.14,0.98,59.80978260869565,1.07,0.212,0.31208053691275167
537,11.9,22.6,0.0,0.0,0.0,WNW,50.0,NNW,NNE,19.0,17.0,63.0,69.0,1013.9,1010.3,7.0,8.0,19.5,19.8,No,1.14,1.1,59.80978260869565,1.15,0.212,0.5362318840579711
542,13.5,20.2,3.2,0.0,0.0,WSW,26.0,WSW,S,15.0,11.0,94.0,70.0,1030.1,1027.0,8.0,8.0,15.2,19.4,Yes,1.0,0.74,59.80978260869565,1.17,0.212,0.22330097087378642
545,13.0,25.1,0.0,0.0,0.0,NNE,41.0,NW,NNE,11.0,26.0,75.0,81.0,1020.5,1016.0,8.0,7.0,19.6,20.9,No,0.88,1.08,59.80978260869565,1.35,0.212,0.5
546,16.1,18.8,2.8,0.0,0.0,SW,22.0,WSW,SW,13.0,13.0,89.0,89.0,1019.3,1016.2,8.0,8.0,17.1,17.3,Yes,1.0,1.0,59.80978260869565,1.49,0.212,0.8900523560209425
547,10.0,26.3,5.8,0.0,0.0,N,33.0,SW,N,9.0,20.0,84.0,58.0,1014.2,1008.0,0.0,0.0,18.8,26.1,Yes,0.0,0.69,59.80978260869565,0.97,0.212,0.3755274261603376
548,14.4,27.9,0.1,0.0,0.0,WNW,63.0,NNW,SSW,11.0,17.0,65.0,25.0,1004.2,1004.5,0.0,0.0,23.8,25.3,No,0.0,0.38,59.80978260869565,0.42,0.212,0.5476190476190477
557,5.5,22.5,0.0,0.0,0.0,NW,33.0,NW,NE,9.0,24.0,68.0,65.0,1018.8,1014.1,0.0,0.0,16.5,21.3,No,0.0,0.96,59.80978260869565,1.09,0.212,0.2891566265060241
559,14.1,16.8,8.6,0.0,0.0,0,0.0,WSW,SSW,28.0,61.0,86.0,95.0,1008.5,1006.8,8.0,8.0,16.2,14.0,Yes,1.0,1.1,59.80978260869565,1.59,0.212,0.8900523560209425
560,11.8,18.1,109.4,0.0,0.0,S,91.0,SW,SSW,30.0,35.0,85.0,60.0,1018.5,1019.2,0.0,5.0,12.4,17.2,Yes,0.0,0.71,59.80978260869565,1.0,0.212,0.544973544973545
562,12.2,18.8,0.3,0.0,0.0,SW,41.0,SW,SSE,24.0,17.0,62.0,66.0,1027.1,1025.0,1.0,0.0,16.3,17.7,No,0.0,1.06,59.80978260869565,1.1,0.212,0.2396694214876033
563,9.9,18.6,11.4,0.0,0.0,SW,30.0,WSW,SE,13.0,15.0,79.0,70.0,1027.0,1023.8,0.0,7.0,15.4,17.1,Yes,0.0,0.89,59.80978260869565,1.17,0.212,0.22330097087378642
567,13.7,20.1,0.0,0.0,0.0,NW,37.0,NNW,0,13.0,0.0,56.0,64.0,1018.6,1016.9,1.0,8.0,19.4,19.5,No,8.0,1.14,59.80978260869565,1.07,0.212,0.31208053691275167
578,6.6,22.1,0.0,0.0,0.0,NE,50.0,NNE,NNE,11.0,33.0,66.0,66.0,1018.0,1013.3,0.0,4.0,17.5,20.1,No,0.0,1.0,59.80978260869565,1.1,0.212,0.3865546218487395
579,14.7,22.8,9.8,0.0,0.0,N,39.0,NW,S,22.0,28.0,74.0,82.0,1012.6,1011.8,0.0,8.0,19.4,19.1,Yes,0.0,1.11,59.80978260869565,1.37,0.212,0.640074211502783
580,12.6,16.6,19.8,0.0,0.0,WSW,35.0,WSW,SW,13.0,4.0,94.0,94.0,1012.4,1006.6,7.0,7.0,13.4,15.4,Yes,1.0,1.0,59.80978260869565,1.57,0.212,0.8900523560209425
581,8.2,20.0,9.2,0.0,0.0,W,41.0,WSW,WSW,17.0,24.0,60.0,43.0,1009.4,1009.5,0.0,0.0,16.3,18.8,Yes,0.0,0.72,59.80978260869565,0.72,0.212,0.23722627737226276
587,13.8,21.0,0.0,0.0,0.0,N,57.0,N,NNE,31.0,9.0,61.0,61.0,1024.7,1020.0,3.0,7.0,18.3,20.3,No,2.33,1.0,59.80978260869565,1.02,0.212,0.31208053691275167
588,15.6,22.7,0.0,0.0,0.0,S,30.0,S,S,13.0,9.0,71.0,65.0,1020.1,1016.8,8.0,8.0,20.6,20.7,No,1.0,0.92,59.80978260869565,1.09,0.212,0.22767857142857142
589,15.3,26.1,0.2,0.0,0.0,NNE,56.0,NNW,NNE,19.0,35.0,77.0,76.0,1013.9,1007.6,8.0,6.0,19.8,22.6,No,0.75,0.99,59.80978260869565,1.27,0.212,0.6176470588235294
590,17.6,26.1,1.6,0.0,0.0,NNW,61.0,NNW,WNW,20.0,20.0,46.0,31.0,1005.7,1007.6,3.0,0.0,22.1,23.7,Yes,0.0,0.67,59.80978260869565,0.52,0.212,0.21656050955414013
596,15.8,22.5,0.0,0.0,0.0,NNE,50.0,NNW,NNE,19.0,19.0,66.0,88.0,1025.2,1021.5,7.0,8.0,21.0,19.0,No,1.14,1.33,59.80978260869565,1.47,0.212,0.9321739130434783
597,17.8,23.6,3.5,0.0,0.0,N,52.0,N,NE,31.0,24.0,72.0,76.0,1017.4,1013.3,7.0,6.0,19.8,22.4,Yes,0.86,1.06,59.80978260869565,1.27,0.212,0.7555555555555555
599,10.5,23.3,0.0,0.0,0.0,NNE,39.0,ESE,NE,13.0,26.0,70.0,65.0,1021.0,1018.5,8.0,0.0,20.2,21.8,No,0.0,0.93,59.80978260869565,1.09,0.212,0.2396694214876033
600,17.0,24.8,0.0,0.0,0.0,NNE,48.0,NE,NNE,20.0,33.0,64.0,73.0,1021.8,1018.3,0.0,8.0,22.1,21.0,No,0.0,1.14,59.80978260869565,1.22,0.212,0.4896907216494845
601,18.2,22.3,0.0,0.0,0.0,N,37.0,N,NE,20.0,17.0,75.0,86.0,1017.2,1014.3,8.0,6.0,20.3,20.6,No,0.75,1.15,59.80978260869565,1.44,0.212,0.6990291262135923
602,17.6,22.7,4.2,0.0,0.0,0,0.0,NNE,N,17.0,24.0,81.0,76.0,1013.5,1011.9,0.0,8.0,20.3,21.7,Yes,0.0,0.94,59.80978260869565,1.27,0.212,0.640074211502783
603,13.4,20.3,12.6,0.0,0.0,S,39.0,SSW,ENE,13.0,11.0,94.0,65.0,1018.3,1016.3,8.0,0.0,14.2,19.5,Yes,0.0,0.69,59.80978260869565,1.09,0.212,0.6138613861386139
605,16.5,21.6,0.8,0.0,0.0,N,54.0,NNW,NNW,15.0,13.0,85.0,78.0,1015.7,1008.3,8.0,8.0,17.9,20.7,No,1.0,0.92,59.80978260869565,1.3,0.212,0.8018018018018018
607,6.9,21.2,0.0,0.0,0.0,WSW,26.0,SE,ENE,6.0,15.0,53.0,63.0,1018.9,1016.5,0.0,5.0,18.0,19.7,No,0.0,1.19,59.80978260869565,1.05,0.212,0.2891566265060241
608,14.3,22.0,5.8,0.0,0.0,N,41.0,N,N,9.0,19.0,77.0,73.0,1015.5,1010.3,8.0,8.0,17.6,19.8,Yes,1.0,0.95,59.80978260869565,1.22,0.212,0.640074211502783
609,10.6,23.7,1.4,0.0,0.0,WSW,43.0,WSW,SW,11.0,20.0,47.0,33.0,1009.6,1006.7,0.0,0.0,20.5,23.1,Yes,0.0,0.7,59.80978260869565,0.55,0.212,0.23722627737226276
610,8.4,25.1,0.0,0.0,0.0,SSW,43.0,WSW,ESE,17.0,15.0,50.0,61.0,1010.1,1008.0,0.0,1.0,20.7,22.0,No,0.0,1.22,59.80978260869565,1.02,0.212,0.36585365853658536
613,9.0,22.5,3.8,0.0,0.0,SW,26.0,SW,E,17.0,17.0,52.0,54.0,1013.0,1009.3,0.0,0.0,21.1,21.2,Yes,0.0,1.04,59.80978260869565,0.9,0.212,0.23722627737226276
616,12.3,25.9,0.0,0.0,0.0,N,52.0,N,NNW,30.0,24.0,64.0,50.0,1006.1,999.9,8.0,6.0,19.8,24.6,No,0.75,0.78,59.80978260869565,0.84,0.212,0.2354948805460751
620,18.2,25.1,0.0,0.0,0.0,WSW,50.0,SE,NNE,11.0,19.0,49.0,74.0,1006.3,1002.4,7.0,8.0,21.6,22.1,No,1.14,1.51,59.80978260869565,1.24,0.212,0.8018018018018018
626,15.2,21.6,4.0,0.0,0.0,S,44.0,SW,SE,17.0,11.0,87.0,55.0,1023.0,1021.1,8.0,7.0,16.9,20.1,Yes,0.88,0.63,59.80978260869565,0.92,0.212,0.22748815165876776
627,14.4,28.3,0.0,0.0,0.0,NE,59.0,NNW,NNE,30.0,43.0,61.0,65.0,1015.5,1009.8,0.0,0.0,20.2,23.5,No,0.0,1.07,59.80978260869565,1.09,0.212,0.6691176470588235
630,12.8,21.1,0.0,0.0,0.0,S,61.0,SW,S,30.0,33.0,52.0,77.0,1017.2,1018.9,1.0,8.0,18.1,16.8,No,8.0,1.48,59.80978260869565,1.29,0.212,0.4896907216494845
637,16.1,22.5,1.4,0.0,0.0,SSW,44.0,SW,SSE,24.0,28.0,71.0,74.0,1023.3,1021.6,4.0,8.0,19.3,20.9,Yes,2.0,1.04,59.80978260869565,1.24,0.212,0.4896907216494845
638,17.2,25.8,1.0,0.0,0.0,NNE,61.0,N,NNE,28.0,46.0,66.0,66.0,1022.2,1017.2,1.0,0.0,22.3,23.6,No,0.0,1.0,59.80978260869565,1.1,0.212,0.2396694214876033
639,17.8,24.3,0.8,0.0,0.0,N,57.0,N,NE,13.0,15.0,72.0,87.0,1013.0,1010.9,8.0,6.0,19.5,19.8,No,0.75,1.21,59.80978260869565,1.45,0.212,0.9321739130434783
640,12.0,20.2,5.4,0.0,0.0,SSE,57.0,SW,SSE,24.0,28.0,41.0,48.0,1016.6,1015.9,0.0,0.0,16.0,19.4,Yes,0.0,1.17,59.80978260869565,0.8,0.212,0.21656050955414013
645,18.5,25.0,0.0,0.0,0.0,SSW,37.0,SW,ESE,19.0,13.0,72.0,75.0,1017.9,1015.7,8.0,7.0,22.2,23.9,No,0.88,1.04,59.80978260869565,1.25,0.212,0.437125748502994
648,19.4,29.4,0.6,0.0,0.0,WNW,113.0,NNW,SSW,22.0,33.0,58.0,85.0,1009.5,1009.8,0.0,6.0,25.7,20.0,No,0.0,1.47,59.80978260869565,1.42,0.212,0.9321739130434783
649,15.7,24.7,28.0,0.0,0.0,E,39.0,SW,ENE,13.0,26.0,62.0,80.0,1012.6,1008.0,1.0,8.0,21.1,22.2,Yes,8.0,1.29,59.80978260869565,1.34,0.212,0.640074211502783
651,12.8,25.7,0.0,0.0,0.0,NE,46.0,NNW,NE,11.0,35.0,58.0,63.0,1018.8,1015.5,1.0,1.0,22.2,22.9,No,1.0,1.09,59.80978260869565,1.05,0.212,0.31208053691275167
656,18.6,30.0,0.0,0.0,0.0,NNE,61.0,N,NE,13.0,37.0,50.0,67.0,1011.1,1006.5,0.0,0.0,27.6,27.4,No,0.0,1.34,59.80978260869565,1.12,0.212,0.6691176470588235
657,16.7,30.0,1.2,0.0,0.0,0,0.0,NW,NE,19.0,17.0,59.0,57.0,1012.4,1007.7,6.0,8.0,24.3,27.4,Yes,1.33,0.97,59.80978260869565,0.95,0.212,0.23722627737226276
658,15.9,24.7,26.4,0.0,0.0,N,28.0,SSE,ESE,15.0,13.0,75.0,68.0,1009.3,1007.5,0.0,4.0,22.4,23.6,Yes,0.0,0.91,59.80978260869565,1.14,0.212,0.45652173913043476
659,15.1,24.6,0.0,0.0,0.0,NE,30.0,SE,NNE,7.0,19.0,69.0,78.0,1012.0,1009.6,0.0,7.0,22.6,23.5,No,0.0,1.13,59.80978260869565,1.3,0.212,0.437125748502994
667,15.9,27.3,0.0,0.0,0.0,NE,54.0,NE,NE,20.0,35.0,55.0,65.0,1017.8,1015.5,0.0,0.0,24.7,25.8,No,0.0,1.18,59.80978260869565,1.09,0.212,0.2396694214876033
668,17.8,26.2,0.0,0.0,0.0,NE,48.0,S,NE,19.0,31.0,75.0,68.0,1021.0,1018.9,1.0,0.0,23.4,24.8,No,0.0,0.91,59.80978260869565,1.14,0.212,0.2396694214876033
669,14.7,26.3,0.0,0.0,0.0,NE,50.0,NE,NE,9.0,31.0,65.0,66.0,1020.4,1018.0,0.0,0.0,24.8,25.2,No,0.0,1.02,59.80978260869565,1.1,0.212,0.2396694214876033
670,16.6,25.9,0.0,0.0,0.0,NE,46.0,N,NE,24.0,31.0,60.0,65.0,1018.7,1015.7,0.0,0.0,24.0,24.9,No,0.0,1.08,59.80978260869565,1.09,0.212,0.2396694214876033
673,13.5,25.6,0.0,0.0,0.0,NNE,50.0,N,NE,19.0,31.0,53.0,67.0,1013.7,1011.7,0.0,1.0,22.7,22.2,No,0.0,1.26,59.80978260869565,1.12,0.212,0.3865546218487395
676,18.9,28.6,0.0,0.0,0.0,NNE,63.0,N,NNE,24.0,44.0,63.0,73.0,1016.5,1012.1,7.0,0.0,24.7,24.0,No,0.0,1.16,59.80978260869565,1.22,0.212,0.6176470588235294
677,15.7,27.9,0.0,0.0,0.0,SSW,52.0,N,NNE,9.0,33.0,47.0,66.0,1011.1,1009.1,0.0,7.0,25.8,23.2,No,0.0,1.4,59.80978260869565,1.1,0.212,0.5362318840579711
678,14.4,25.3,0.0,0.0,0.0,SSE,28.0,S,E,19.0,15.0,65.0,74.0,1012.5,1010.2,0.0,0.0,23.5,24.6,No,0.0,1.14,59.80978260869565,1.24,0.212,0.437125748502994
679,17.9,26.7,0.1,0.0,0.0,NNE,44.0,NE,NNE,19.0,30.0,63.0,80.0,1009.5,1007.9,6.0,8.0,23.6,23.6,No,1.33,1.27,59.80978260869565,1.34,0.212,0.5
680,17.8,31.2,2.6,0.0,0.0,NE,52.0,NE,NE,15.0,37.0,69.0,63.0,1009.5,1008.2,0.0,0.0,25.7,26.8,Yes,0.0,0.91,59.80978260869565,1.05,0.212,0.3986013986013986
681,20.5,31.8,0.0,0.0,0.0,SW,57.0,NNW,SSW,15.0,17.0,45.0,86.0,1013.0,1012.7,0.0,8.0,31.2,23.5,No,0.0,1.91,59.80978260869565,1.44,0.212,0.9321739130434783
682,17.0,28.0,0.4,0.0,0.0,NE,33.0,ESE,ENE,9.0,20.0,79.0,76.0,1016.0,1013.5,6.0,0.0,23.3,26.2,No,0.0,0.96,59.80978260869565,1.27,0.212,0.437125748502994
683,20.5,30.6,0.0,0.0,0.0,NW,59.0,NNE,NE,28.0,31.0,66.0,72.0,1011.9,1008.0,0.0,7.0,27.8,25.9,No,0.0,1.09,59.80978260869565,1.2,0.212,0.4563106796116505
684,21.4,35.3,33.0,0.0,0.0,NNW,56.0,NNW,SW,26.0,9.0,66.0,60.0,1010.6,1007.8,3.0,0.0,27.8,30.6,Yes,0.0,0.91,59.80978260869565,1.0,0.212,0.3986013986013986
685,20.8,23.6,15.2,0.0,0.0,SSW,37.0,SSW,SSW,17.0,20.0,92.0,85.0,1013.3,1014.3,0.0,8.0,21.0,21.7,Yes,0.0,0.92,59.80978260869565,1.42,0.212,0.8609271523178808
686,19.8,25.5,2.0,0.0,0.0,NNE,48.0,N,NNE,15.0,35.0,81.0,85.0,1012.0,1006.5,8.0,8.0,23.5,23.1,Yes,1.0,1.05,59.80978260869565,1.42,0.212,0.9321739130434783
692,18.3,30.7,0.0,0.0,0.0,NE,61.0,N,NNE,17.0,46.0,58.0,62.0,1013.9,1009.8,0.0,0.0,27.0,26.6,No,0.0,1.07,59.80978260869565,1.04,0.212,0.6691176470588235
694,20.1,25.9,2.2,0.0,0.0,N,43.0,NE,NNE,17.0,28.0,80.0,70.0,1013.4,1012.1,7.0,7.0,24.8,24.7,Yes,1.0,0.88,59.80978260869565,1.17,0.212,0.23684210526315788
695,22.6,29.5,0.0,0.0,0.0,NE,59.0,N,NE,20.0,39.0,65.0,66.0,1011.1,1006.1,7.0,0.0,25.3,26.6,No,0.0,1.02,59.80978260869565,1.1,0.212,0.6691176470588235
696,19.0,23.6,0.1,0.0,0.0,S,57.0,S,S,30.0,28.0,71.0,77.0,1015.0,1017.1,1.0,8.0,23.1,21.2,No,8.0,1.08,59.80978260869565,1.29,0.212,0.6176470588235294
698,18.4,28.3,0.0,0.0,0.0,N,50.0,N,NNE,28.0,30.0,59.0,69.0,1014.2,1009.6,0.0,6.0,24.2,24.7,No,0.0,1.17,59.80978260869565,1.15,0.212,0.5362318840579711
699,16.1,30.4,3.0,0.0,0.0,SSW,35.0,NNE,S,4.0,17.0,64.0,63.0,1010.4,1010.5,0.0,0.0,26.0,27.2,Yes,0.0,0.98,59.80978260869565,1.05,0.212,0.23722627737226276
701,18.9,26.4,0.0,0.0,0.0,NE,28.0,WNW,E,9.0,17.0,69.0,65.0,1019.6,1017.6,8.0,8.0,22.6,24.9,No,1.0,0.94,59.80978260869565,1.09,0.212,0.22767857142857142
707,20.7,32.0,0.0,0.0,0.0,NE,59.0,NNW,NE,24.0,39.0,50.0,65.0,1010.4,1006.8,0.0,0.0,28.5,27.9,No,0.0,1.3,59.80978260869565,1.09,0.212,0.6691176470588235
708,19.8,29.2,0.0,0.0,0.0,NE,61.0,NE,NE,22.0,37.0,70.0,65.0,1005.8,1003.2,0.0,1.0,25.6,27.9,No,0.0,0.93,59.80978260869565,1.09,0.212,0.6691176470588235
714,9.7,15.1,4.0,2.8,0.0,W,39.0,W,WNW,26.0,28.0,83.0,64.0,1015.0,1013.9,7.0,8.0,14.3,13.8,Yes,1.14,0.77,39.46195652173913,1.62,0.163,0.3869047619047619
716,8.9,14.1,0.0,0.0,0.0,WSW,35.0,SW,WSW,24.0,17.0,85.0,71.0,1018.9,1017.8,8.0,8.0,10.4,13.5,No,1.0,0.84,39.46195652173913,1.8,0.163,0.22767857142857142
717,8.8,17.8,0.0,0.0,0.0,SW,28.0,WSW,WSW,9.0,15.0,84.0,62.0,1020.9,1019.0,5.0,8.0,11.9,17.0,No,1.6,0.74,39.46195652173913,1.57,0.163,0.22767857142857142
730,17.6,22.8,10.2,3.8,0.0,WNW,28.0,N,NW,13.0,17.0,93.0,77.0,1019.2,1016.5,6.0,3.0,18.3,22.3,Yes,0.5,0.83,39.46195652173913,1.95,0.163,0.4205607476635514
731,15.3,25.0,0.2,1.6,0.0,NNW,31.0,NNE,NW,19.0,20.0,91.0,64.0,1016.1,1010.9,8.0,7.0,17.3,24.3,No,0.88,0.7,39.46195652173913,1.62,0.163,0.31519274376417233
733,5.2,12.7,0.0,0.0,0.0,S,15.0,NE,NW,6.0,9.0,82.0,58.0,1018.6,1016.1,7.0,7.0,9.0,12.4,No,1.0,0.71,39.46195652173913,1.47,0.163,0.22767857142857142
743,8.8,12.0,2.4,3.8,0.0,0,0.0,0,0,0.0,0.0,89.0,79.0,1012.6,1012.6,8.0,8.0,9.7,11.6,Yes,1.0,0.89,39.46195652173913,2.0,0.163,0.640074211502783
751,12.0,16.3,7.6,5.4,0.0,0,0.0,0,0,0.0,0.0,90.0,56.0,1022.1,1020.3,6.0,0.0,13.5,15.8,Yes,0.0,0.62,39.46195652173913,1.42,0.163,0.22748815165876776
762,3.7,14.5,0.0,14.2,0.0,0,0.0,0,0,0.0,0.0,72.0,92.0,1015.8,1012.7,8.0,8.0,14.0,13.4,No,1.0,1.28,39.46195652173913,2.33,0.163,0.39520958083832336
763,10.2,17.2,11.6,0.6,0.0,0,0.0,0,0,0.0,0.0,94.0,77.0,1015.3,1013.1,8.0,8.0,14.4,16.9,Yes,1.0,0.82,39.46195652173913,1.95,0.163,0.640074211502783
764,12.2,16.1,22.0,2.8,0.0,0,0.0,0,0,0.0,0.0,92.0,83.0,1009.2,1006.3,8.0,8.0,13.9,16.0,Yes,1.0,0.9,39.46195652173913,2.1,0.163,0.640074211502783
771,13.4,20.9,0.0,5.2,0.0,NNE,46.0,NNE,N,31.0,20.0,70.0,64.0,1024.5,1020.5,2.0,8.0,16.4,19.8,No,4.0,0.91,39.46195652173913,1.62,0.163,0.31208053691275167
772,15.5,23.0,7.2,2.4,0.0,NNE,31.0,NE,ENE,17.0,19.0,91.0,71.0,1020.5,1014.4,8.0,8.0,16.8,21.7,Yes,1.0,0.78,39.46195652173913,1.8,0.163,0.23684210526315788
773,16.8,22.6,0.4,2.6,0.0,NW,67.0,NNE,N,31.0,22.0,68.0,56.0,1011.3,1005.4,8.0,8.0,19.3,22.4,No,1.0,0.82,39.46195652173913,1.42,0.163,0.6691176470588235
774,11.8,18.0,14.8,0.0,0.0,NNW,59.0,W,W,30.0,31.0,77.0,52.0,1014.4,1015.6,8.0,4.0,13.2,17.1,Yes,0.5,0.68,39.46195652173913,1.32,0.163,0.4793388429752066
780,11.5,21.1,0.0,0.0,0.0,NNE,67.0,NE,NNE,24.0,28.0,75.0,85.0,1022.6,1017.8,8.0,8.0,16.8,17.5,No,1.0,1.13,39.46195652173913,2.15,0.163,0.9321739130434783
781,10.9,18.7,25.2,0.0,0.0,NE,52.0,WSW,SW,15.0,19.0,77.0,61.0,1019.7,1017.6,2.0,1.0,14.2,17.9,Yes,0.5,0.79,39.46195652173913,1.55,0.163,0.4793388429752066
784,10.1,19.6,0.0,0.0,0.0,NNE,31.0,NE,NE,20.0,13.0,80.0,90.0,1020.4,1017.8,8.0,5.0,18.5,18.6,No,0.62,1.12,39.46195652173913,2.28,0.163,0.6990291262135923
785,15.8,18.5,27.2,0.0,0.0,NNE,39.0,NE,N,9.0,17.0,92.0,94.0,1017.6,1014.7,8.0,8.0,17.1,18.0,Yes,1.0,1.02,39.46195652173913,2.38,0.163,0.8900523560209425
786,13.2,15.4,20.0,0.0,0.0,WSW,30.0,WSW,W,11.0,9.0,83.0,79.0,1017.4,1016.2,8.0,7.0,14.2,13.6,Yes,0.88,0.95,39.46195652173913,2.0,0.163,0.64
789,14.9,19.7,8.2,0.0,0.0,NNE,56.0,NNE,NNW,33.0,22.0,93.0,94.0,1012.8,1006.8,7.0,8.0,16.9,18.6,Yes,1.14,1.01,39.46195652173913,2.38,0.163,0.9321739130434783
790,9.3,15.6,9.8,0.0,0.0,WSW,28.0,WSW,W,17.0,17.0,77.0,65.0,1015.8,1014.9,7.0,1.0,11.9,14.4,Yes,0.14,0.84,39.46195652173913,1.65,0.163,0.3869047619047619
792,12.2,22.3,9.0,0.0,0.0,ENE,48.0,NNE,0,15.0,0.0,89.0,61.0,1014.6,1010.5,8.0,3.0,14.6,21.8,Yes,0.38,0.69,39.46195652173913,1.55,0.163,0.4793388429752066
793,9.2,19.0,0.0,0.0,0.0,WSW,41.0,WSW,SW,24.0,26.0,80.0,57.0,1014.7,1012.2,8.0,5.0,14.0,18.5,No,0.62,0.71,39.46195652173913,1.44,0.163,0.56
796,12.9,22.0,2.2,0.0,0.0,W,56.0,N,WSW,11.0,35.0,77.0,51.0,1009.5,1008.6,4.0,2.0,17.4,21.2,Yes,0.5,0.66,39.46195652173913,1.29,0.163,0.21568627450980393
800,15.7,18.7,0.0,0.0,0.0,WSW,48.0,NNE,NNW,28.0,15.0,69.0,62.0,1004.3,1001.9,7.0,8.0,17.9,16.3,No,1.14,0.9,39.46195652173913,1.57,0.163,0.5362318840579711
801,5.5,18.1,5.6,0.0,0.0,WNW,56.0,NW,WNW,28.0,33.0,49.0,36.0,1007.2,1006.7,0.0,1.0,14.0,17.4,Yes,0.0,0.73,39.46195652173913,0.91,0.163,0.21656050955414013
804,14.5,18.2,1.2,0.0,0.0,SW,44.0,NNW,SW,15.0,22.0,84.0,88.0,1007.3,1007.7,7.0,8.0,16.0,13.8,Yes,1.14,1.05,39.46195652173913,2.23,0.163,0.8900523560209425
818,17.5,20.1,0.0,0.0,0.0,SW,63.0,N,WSW,28.0,22.0,71.0,90.0,1011.4,1013.8,5.0,7.0,18.6,12.4,No,1.4,1.27,39.46195652173913,2.28,0.163,0.9321739130434783
823,17.6,21.4,28.4,0.0,0.0,NNE,54.0,NNE,SW,31.0,30.0,76.0,92.0,1013.5,1014.6,8.0,8.0,19.7,14.8,Yes,1.0,1.21,39.46195652173913,2.33,0.163,0.9321739130434783
831,17.8,32.1,0.0,0.0,0.0,W,70.0,NNE,N,33.0,28.0,53.0,32.0,1017.2,1010.8,7.0,8.0,22.0,31.2,No,1.14,0.6,39.46195652173913,0.81,0.163,0.5476190476190477
832,19.1,26.3,9.4,0.0,0.0,NNW,52.0,N,SW,11.0,19.0,82.0,54.0,1012.0,1011.4,8.0,3.0,21.2,23.2,Yes,0.38,0.66,39.46195652173913,1.37,0.163,0.4793388429752066
837,13.1,33.0,0.0,0.0,0.0,WSW,67.0,NNW,WSW,15.0,35.0,31.0,14.0,1010.7,1008.2,0.0,0.0,23.7,31.3,No,0.0,0.45,39.46195652173913,0.35,0.163,0.2184873949579832
840,16.8,38.0,0.0,0.0,0.0,NNE,61.0,NNE,NW,31.0,30.0,49.0,16.0,1009.7,1005.7,0.0,0.0,26.9,36.2,No,0.0,0.33,39.46195652173913,0.41,0.163,0.2184873949579832
841,17.6,26.7,0.0,0.0,0.0,SSW,54.0,ENE,WSW,26.0,13.0,57.0,63.0,1011.8,1009.7,4.0,8.0,23.2,23.2,No,2.0,1.11,39.46195652173913,1.6,0.163,0.5362318840579711
845,19.5,32.1,0.8,0.0,0.0,W,65.0,WSW,W,19.0,37.0,37.0,17.0,1003.8,1001.2,0.0,0.0,25.9,31.5,No,0.0,0.46,39.46195652173913,0.43,0.163,0.2184873949579832
860,17.8,33.6,0.0,0.0,0.0,NW,65.0,NE,NW,26.0,20.0,50.0,24.0,1015.6,1010.3,0.0,8.0,24.5,31.9,No,0.0,0.48,39.46195652173913,0.61,0.163,0.5476190476190477
862,17.6,36.4,2.6,0.0,0.0,ENE,59.0,NNE,NE,30.0,9.0,43.0,14.0,1010.2,1005.7,0.0,1.0,25.7,33.7,Yes,0.0,0.33,39.46195652173913,0.35,0.163,0.21656050955414013
865,22.2,42.1,0.0,0.0,0.0,W,59.0,NNE,WNW,31.0,11.0,38.0,14.0,1011.0,1006.9,2.0,1.0,31.8,41.2,No,0.5,0.37,39.46195652173913,0.35,0.163,0.2184873949579832
867,26.9,42.9,0.0,0.0,0.0,WSW,63.0,NNE,NNW,30.0,20.0,56.0,15.0,1011.7,1007.3,4.0,1.0,29.9,41.2,No,0.25,0.27,39.46195652173913,0.38,0.163,0.2184873949579832
868,25.4,39.8,0.0,0.0,0.0,SW,61.0,NNE,W,22.0,19.0,53.0,23.0,1012.5,1007.7,3.0,6.0,30.3,38.5,No,2.0,0.43,39.46195652173913,0.58,0.163,0.2184873949579832
870,23.7,36.7,0.2,0.0,0.0,NNW,72.0,NNE,NNW,24.0,37.0,65.0,36.0,1008.7,1002.6,2.0,3.0,27.4,34.3,No,1.5,0.55,39.46195652173913,0.91,0.163,0.5476190476190477
871,16.9,28.4,3.6,0.0,0.0,WSW,52.0,SW,SW,26.0,31.0,59.0,20.0,1012.5,1012.3,0.0,0.0,19.2,27.0,Yes,0.0,0.34,39.46195652173913,0.51,0.163,0.21656050955414013
878,24.3,31.0,0.0,0.0,0.0,NE,59.0,NNE,S,37.0,9.0,58.0,58.0,1010.6,1009.0,7.0,7.0,25.6,26.9,No,1.0,1.0,39.46195652173913,1.47,0.163,0.6691176470588235
879,20.9,34.9,1.0,0.0,0.0,WNW,67.0,N,WSW,28.0,37.0,54.0,57.0,1010.8,1008.1,0.0,8.0,27.6,27.9,No,0.0,1.06,39.46195652173913,1.44,0.163,0.6691176470588235
882,20.2,35.0,0.0,0.0,0.0,WSW,78.0,NNE,SSW,35.0,46.0,61.0,87.0,1012.6,1008.6,4.0,8.0,24.1,21.5,No,2.0,1.43,39.46195652173913,2.2,0.163,0.9321739130434783
884,19.8,36.4,0.0,0.0,0.0,ENE,83.0,NE,ENE,20.0,9.0,53.0,24.0,1013.2,1009.9,0.0,1.0,26.7,35.1,No,0.0,0.45,39.46195652173913,0.61,0.163,0.5476190476190477
898,0.0,19.2,2.6,0.0,0.0,0,0.0,0,0,0.0,0.0,96.0,0.0,0.0,0.0,8.0,0.0,10.8,0.0,Yes,0.0,0.0,0.0,0.0,0.217,0.3185840707964602
900,12.0,17.2,2.8,0.0,0.0,0,0.0,SW,0,19.0,0.0,96.0,0.0,0.0,0.0,7.0,0.0,14.0,0.0,Yes,0.0,0.0,0.0,0.0,0.217,0.3185840707964602
901,13.0,14.5,9.0,0.0,0.0,0,0.0,0,0,0.0,0.0,97.0,0.0,0.0,0.0,8.0,0.0,13.2,0.0,Yes,0.0,0.0,0.0,0.0,0.217,0.5661375661375662
902,11.0,18.2,6.2,0.0,0.0,0,0.0,0,0,0.0,0.0,85.0,0.0,0.0,0.0,1.0,0.0,13.5,0.0,Yes,0.0,0.0,0.0,0.0,0.217,0.5661375661375662
905,0.0,19.5,0.2,0.0,0.0,0,0.0,NW,0,28.0,0.0,69.0,0.0,0.0,0.0,6.0,0.0,18.0,0.0,No,0.0,0.0,0.0,0.0,0.217,0.3010752688172043
907,5.5,15.3,0.0,0.0,0.0,0,0.0,NW,0,19.0,0.0,61.0,0.0,0.0,0.0,5.0,0.0,8.4,0.0,No,0.0,0.0,0.0,0.0,0.217,0.3010752688172043
909,7.3,18.2,0.0,0.0,0.0,0,0.0,0,0,0.0,0.0,83.0,0.0,0.0,0.0,7.0,0.0,9.8,0.0,No,0.0,0.0,0.0,0.0,0.217,0.3010752688172043
910,0.0,18.0,4.8,0.0,0.0,0,0.0,0,0,0.0,0.0,100.0,0.0,0.0,0.0,8.0,0.0,12.2,0.0,Yes,0.0,0.0,0.0,0.0,0.217,0.5661375661375662
911,12.0,23.6,0.2,0.0,0.0,0,0.0,0,0,0.0,0.0,97.0,0.0,0.0,0.0,8.0,0.0,13.5,0.0,No,0.0,0.0,0.0,0.0,0.217,0.3010752688172043
912,13.5,25.0,0.0,0.0,0.0,0,0.0,0,0,0.0,0.0,93.0,0.0,0.0,0.0,6.0,0.0,15.5,0.0,No,0.0,0.0,0.0,0.0,0.217,0.3010752688172043
913,0.0,18.7,19.0,0.0,0.0,0,0.0,0,0,0.0,0.0,97.0,0.0,0.0,0.0,8.0,0.0,17.5,0.0,Yes,0.0,0.0,0.0,0.0,0.217,0.5661375661375662
914,14.0,18.2,10.4,0.0,0.0,0,0.0,0,0,0.0,0.0,93.0,0.0,0.0,0.0,8.0,0.0,16.0,0.0,Yes,0.0,0.0,0.0,0.0,0.217,0.5661375661375662
917,6.7,12.9,0.0,0.0,0.0,0,0.0,0,0,0.0,0.0,57.0,0.0,0.0,0.0,8.0,0.0,9.3,0.0,No,0.0,0.0,0.0,0.0,0.217,0.3010752688172043
925,11.4,19.8,0.0,0.0,0.0,0,0.0,0,0,0.0,0.0,69.0,0.0,0.0,0.0,6.0,0.0,14.4,0.0,No,0.0,0.0,0.0,0.0,0.217,0.3010752688172043
926,11.5,18.6,0.0,0.0,0.0,0,0.0,0,0,0.0,0.0,82.0,0.0,0.0,0.0,8.0,0.0,12.0,0.0,No,0.0,0.0,0.0,0.0,0.217,0.3010752688172043
927,0.0,16.8,10.8,0.0,0.0,0,0.0,SE,0,37.0,0.0,59.0,0.0,0.0,0.0,8.0,0.0,15.8,0.0,Yes,0.0,0.0,0.0,0.0,0.217,0.5661375661375662
928,12.8,17.2,12.6,0.0,0.0,0,0.0,SW,0,19.0,0.0,86.0,0.0,0.0,0.0,7.0,0.0,13.4,0.0,Yes,0.0,0.0,0.0,0.0,0.217,0.5661375661375662
929,11.0,15.8,7.6,0.0,0.0,0,0.0,0,0,0.0,0.0,76.0,0.0,0.0,0.0,7.0,0.0,11.5,0.0,Yes,0.0,0.0,0.0,0.0,0.217,0.5661375661375662
930,11.0,15.7,1.2,0.0,0.0,0,0.0,0,0,0.0,0.0,82.0,0.0,0.0,0.0,7.0,0.0,12.0,0.0,Yes,0.0,0.0,0.0,0.0,0.217,0.3185840707964602
931,10.9,17.8,2.2,0.0,0.0,0,0.0,0,0,0.0,0.0,77.0,0.0,0.0,0.0,5.0,0.0,12.5,0.0,Yes,0.0,0.0,0.0,0.0,0.217,0.3185840707964602
946,4.6,13.7,0.0,0.0,0.0,0,0.0,0,0,0.0,0.0,75.0,0.0,0.0,0.0,8.0,0.0,9.5,0.0,No,0.0,0.0,0.0,0.0,0.217,0.3010752688172043
947,8.0,17.8,3.4,0.0,0.0,0,0.0,NW,0,9.0,0.0,88.0,0.0,0.0,0.0,2.0,0.0,12.5,0.0,Yes,0.0,0.0,0.0,0.0,0.217,0.5661375661375662
948,11.7,16.0,1.0,0.0,0.0,0,0.0,0,0,0.0,0.0,100.0,0.0,0.0,0.0,8.0,0.0,12.0,0.0,No,0.0,0.0,0.0,0.0,0.217,0.3010752688172043
949,9.6,17.6,3.0,0.0,0.0,0,0.0,NW,0,19.0,0.0,67.0,0.0,0.0,0.0,7.0,0.0,12.2,0.0,Yes,0.0,0.0,0.0,0.0,0.217,0.3185840707964602
950,4.8,17.0,3.2,0.0,0.0,0,0.0,0,0,0.0,0.0,67.0,0.0,0.0,0.0,4.0,0.0,11.2,0.0,Yes,0.0,0.0,0.0,0.0,0.217,0.3185840707964602
951,8.2,18.8,5.2,0.0,0.0,0,0.0,0,0,0.0,0.0,87.0,0.0,0.0,0.0,7.0,0.0,10.5,0.0,Yes,0.0,0.0,0.0,0.0,0.217,0.5661375661375662
953,5.2,20.8,0.0,0.0,0.0,0,0.0,0,0,0.0,0.0,0.0,0.0,0.0,0.0,6.0,0.0,0.0,0.0,No,0.0,0.0,0.0,0.0,0.217,0.3010752688172043
954,9.3,22.2,0.0,0.0,0.0,0,0.0,N,0,9.0,0.0,94.0,0.0,0.0,0.0,7.0,0.0,13.0,0.0,No,0.0,0.0,0.0,0.0,0.217,0.3010752688172043
955,13.8,20.7,0.0,0.0,0.0,0,0.0,0,0,0.0,0.0,91.0,0.0,0.0,0.0,8.0,0.0,15.6,0.0,No,0.0,0.0,0.0,0.0,0.217,0.3010752688172043
957,15.0,17.4,8.4,0.0,0.0,0,0.0,0,0,0.0,0.0,99.0,0.0,0.0,0.0,8.0,0.0,15.5,0.0,Yes,0.0,0.0,0.0,0.0,0.217,0.5661375661375662
958,14.6,20.2,4.8,0.0,0.0,0,0.0,NW,0,37.0,0.0,95.0,0.0,0.0,0.0,5.0,0.0,16.8,0.0,Yes,0.0,0.0,0.0,0.0,0.217,0.5661375661375662
965,13.1,0.0,3.0,0.0,0.0,0,0.0,NW,0,28.0,0.0,89.0,0.0,0.0,0.0,6.0,0.0,14.5,0.0,Yes,0.0,0.0,0.0,0.0,0.217,0.3185840707964602
968,13.1,21.5,0.0,0.0,0.0,0,0.0,0,0,0.0,0.0,87.0,0.0,0.0,0.0,8.0,0.0,17.0,0.0,No,0.0,0.0,0.0,0.0,0.217,0.3010752688172043
969,15.4,23.2,9.0,0.0,0.0,0,0.0,NE,0,9.0,0.0,98.0,0.0,0.0,0.0,8.0,0.0,17.0,0.0,Yes,0.0,0.0,0.0,0.0,0.217,0.5661375661375662
970,14.0,22.2,1.0,0.0,0.0,0,0.0,NW,0,46.0,0.0,55.0,0.0,0.0,0.0,6.0,0.0,17.6,0.0,No,0.0,0.0,0.0,0.0,0.217,0.3010752688172043
971,11.0,22.8,1.0,0.0,0.0,0,0.0,0,0,0.0,0.0,72.0,0.0,0.0,0.0,5.0,0.0,16.2,0.0,No,0.0,0.0,0.0,0.0,0.217,0.3010752688172043
973,13.8,18.3,0.0,0.0,0.0,0,0.0,0,0,0.0,0.0,84.0,0.0,0.0,0.0,8.0,0.0,15.5,0.0,No,0.0,0.0,0.0,0.0,0.217,0.3010752688172043
974,12.4,22.2,15.0,0.0,0.0,0,0.0,SW,0,9.0,0.0,68.0,0.0,0.0,0.0,3.0,0.0,17.8,0.0,Yes,0.0,0.0,0.0,0.0,0.217,0.5661375661375662
975,8.0,20.2,0.0,0.0,0.0,0,0.0,NW,0,9.0,0.0,57.0,0.0,0.0,0.0,6.0,0.0,14.6,0.0,No,0.0,0.0,0.0,0.0,0.217,0.3010752688172043
976,12.4,19.2,0.4,0.0,0.0,0,0.0,0,0,0.0,0.0,93.0,0.0,0.0,0.0,7.0,0.0,13.6,0.0,No,0.0,0.0,0.0,0.0,0.217,0.3010752688172043
977,12.0,21.5,6.0,0.0,0.0,0,0.0,NW,0,19.0,0.0,64.0,0.0,0.0,0.0,1.0,0.0,17.5,0.0,Yes,0.0,0.0,0.0,0.0,0.217,0.5661375661375662
978,13.3,21.8,0.0,0.0,0.0,0,0.0,NW,0,19.0,0.0,54.0,0.0,0.0,0.0,6.0,0.0,19.0,0.0,No,0.0,0.0,0.0,0.0,0.217,0.3010752688172043
980,13.2,23.2,4.0,0.0,0.0,0,0.0,NW,0,19.0,0.0,88.0,0.0,0.0,0.0,7.0,0.0,15.5,0.0,Yes,0.0,0.0,0.0,0.0,0.217,0.5661375661375662
984,11.0,22.3,0.0,0.0,0.0,0,0.0,0,0,0.0,0.0,72.0,0.0,0.0,0.0,8.0,0.0,15.0,0.0,No,0.0,0.0,0.0,0.0,0.217,0.3010752688172043
985,8.8,20.9,2.4,0.0,0.0,0,0.0,N,0,28.0,0.0,39.0,0.0,0.0,0.0,6.0,0.0,17.0,0.0,Yes,0.0,0.0,0.0,0.0,0.217,0.3185840707964602
988,14.6,25.6,0.0,0.0,0.0,0,0.0,0,0,0.0,0.0,62.0,0.0,0.0,0.0,8.0,0.0,18.0,0.0,No,0.0,0.0,0.0,0.0,0.217,0.3010752688172043
993,17.0,25.8,0.0,0.0,0.0,0,0.0,NW,0,37.0,0.0,41.0,0.0,0.0,0.0,7.0,0.0,23.0,0.0,No,0.0,0.0,0.0,0.0,0.217,0.3010752688172043
994,0.0,32.2,0.0,0.0,0.0,0,0.0,0,0,0.0,0.0,0.0,0.0,0.0,0.0,0.0,0.0,0.0,0.0,Null,0.0,0.0,0.0,0.0,0.217,0.3185840707964602
995,10.5,22.2,9.8,0.0,0.0,0,0.0,NW,0,9.0,0.0,60.0,0.0,0.0,0.0,0.0,0.0,15.4,0.0,Yes,0.0,0.0,0.0,0.0,0.217,0.5661375661375662
997,11.4,16.4,11.8,0.0,0.0,0,0.0,SE,0,19.0,0.0,94.0,0.0,0.0,0.0,8.0,0.0,12.0,0.0,Yes,0.0,0.0,0.0,0.0,0.217,0.5661375661375662
1001,16.9,22.5,0.0,0.0,0.0,0,0.0,NW,0,9.0,0.0,45.0,0.0,0.0,0.0,8.0,0.0,21.6,0.0,No,0.0,0.0,0.0,0.0,0.217,0.3010752688172043
1002,9.3,24.6,4.6,0.0,0.0,0,0.0,NE,0,19.0,0.0,63.0,0.0,0.0,0.0,0.0,0.0,16.0,0.0,Yes,0.0,0.0,0.0,0.0,0.217,0.5661375661375662
1003,10.8,22.8,0.0,0.0,0.0,0,0.0,NW,0,9.0,0.0,50.0,0.0,0.0,0.0,5.0,0.0,19.0,0.0,No,0.0,0.0,0.0,0.0,0.217,0.3010752688172043
1004,15.5,22.8,0.0,0.0,0.0,0,0.0,NE,0,9.0,0.0,62.0,0.0,0.0,0.0,7.0,0.0,18.5,0.0,No,0.0,0.0,0.0,0.0,0.217,0.3010752688172043
1006,17.2,0.0,16.4,0.0,0.0,0,0.0,0,0,0.0,0.0,98.0,0.0,0.0,0.0,8.0,0.0,18.0,0.0,Yes,0.0,0.0,0.0,0.0,0.217,0.5661375661375662
1007,8.0,18.5,7.0,0.0,0.0,0,0.0,0,0,0.0,0.0,65.0,0.0,0.0,0.0,6.0,0.0,14.0,0.0,Yes,0.0,0.0,0.0,0.0,0.217,0.5661375661375662
1011,15.5,23.8,0.0,0.0,0.0,0,0.0,0,0,0.0,0.0,52.0,0.0,0.0,0.0,6.0,0.0,22.6,0.0,No,0.0,0.0,0.0,0.0,0.217,0.3010752688172043
1012,14.8,20.0,1.4,0.0,0.0,0,0.0,SE,0,9.0,0.0,91.0,0.0,0.0,0.0,8.0,0.0,16.6,0.0,Yes,0.0,0.0,0.0,0.0,0.217,0.3185840707964602
1013,15.8,26.0,1.6,0.0,0.0,0,0.0,0,0,0.0,0.0,94.0,0.0,0.0,0.0,7.0,0.0,18.0,0.0,Yes,0.0,0.0,0.0,0.0,0.217,0.3185840707964602
1014,16.0,30.2,0.0,0.0,0.0,0,0.0,NW,0,9.0,0.0,75.0,0.0,0.0,0.0,6.0,0.0,21.2,0.0,No,0.0,0.0,0.0,0.0,0.217,0.3010752688172043
1015,18.4,23.2,0.0,0.0,0.0,0,0.0,SW,0,9.0,0.0,55.0,0.0,0.0,0.0,6.0,0.0,22.0,0.0,No,0.0,0.0,0.0,0.0,0.217,0.3010752688172043
1016,11.8,22.0,0.0,0.0,0.0,0,0.0,SE,0,9.0,0.0,46.0,0.0,0.0,0.0,8.0,0.0,16.5,0.0,No,0.0,0.0,0.0,0.0,0.217,0.3010752688172043
1023,14.8,32.2,0.0,0.0,0.0,0,0.0,0,0,0.0,0.0,46.0,0.0,0.0,0.0,5.0,0.0,25.0,0.0,No,0.0,0.0,0.0,0.0,0.217,0.3010752688172043
1024,18.4,23.5,3.0,0.0,0.0,0,0.0,SE,0,9.0,0.0,75.0,0.0,0.0,0.0,6.0,0.0,21.4,0.0,Yes,0.0,0.0,0.0,0.0,0.217,0.3185840707964602
1025,15.6,25.5,15.4,0.0,0.0,0,0.0,SW,0,9.0,0.0,81.0,0.0,0.0,0.0,5.0,0.0,20.0,0.0,Yes,0.0,0.0,0.0,0.0,0.217,0.5661375661375662
1026,17.0,25.4,0.0,0.0,0.0,0,0.0,0,0,0.0,0.0,75.0,0.0,0.0,0.0,6.0,0.0,21.5,0.0,No,0.0,0.0,0.0,0.0,0.217,0.3010752688172043
1027,18.8,31.5,29.0,0.0,0.0,0,0.0,NE,0,19.0,0.0,95.0,0.0,0.0,0.0,8.0,0.0,19.5,0.0,Yes,0.0,0.0,0.0,0.0,0.217,0.5661375661375662
1030,17.8,22.2,3.0,0.0,0.0,0,0.0,SE,0,9.0,0.0,68.0,0.0,0.0,0.0,6.0,0.0,18.4,0.0,Yes,0.0,0.0,0.0,0.0,0.217,0.3185840707964602
1032,16.5,24.0,0.0,0.0,0.0,0,0.0,0,0,0.0,0.0,84.0,0.0,0.0,0.0,7.0,0.0,19.0,0.0,No,0.0,0.0,0.0,0.0,0.217,0.3010752688172043
1035,17.4,27.2,0.0,0.0,0.0,0,0.0,NE,0,19.0,0.0,77.0,0.0,0.0,0.0,7.0,0.0,21.0,0.0,No,0.0,0.0,0.0,0.0,0.217,0.3010752688172043
1036,19.0,32.2,0.0,0.0,0.0,0,0.0,NE,0,9.0,0.0,86.0,0.0,0.0,0.0,6.0,0.0,22.0,0.0,No,0.0,0.0,0.0,0.0,0.217,0.3010752688172043
1042,17.8,26.3,0.0,0.0,0.0,0,0.0,SE,0,19.0,0.0,73.0,0.0,0.0,0.0,7.0,0.0,23.2,0.0,No,0.0,0.0,0.0,0.0,0.217,0.3010752688172043
1043,19.3,30.3,0.0,0.0,0.0,0,0.0,NW,0,9.0,0.0,73.0,0.0,0.0,0.0,6.0,0.0,23.5,0.0,No,0.0,0.0,0.0,0.0,0.217,0.3010752688172043
1044,19.4,26.2,0.0,0.0,0.0,0,0.0,0,0,0.0,0.0,70.0,0.0,0.0,0.0,6.0,0.0,23.8,0.0,No,0.0,0.0,0.0,0.0,0.217,0.3010752688172043
1045,17.6,26.3,0.2,0.0,0.0,0,0.0,0,0,0.0,0.0,73.0,0.0,0.0,0.0,7.0,0.0,22.5,0.0,No,0.0,0.0,0.0,0.0,0.217,0.3010752688172043
1046,14.8,31.5,0.0,0.0,0.0,0,0.0,0,0,0.0,0.0,78.0,0.0,0.0,0.0,7.0,0.0,19.0,0.0,No,0.0,0.0,0.0,0.0,0.217,0.3010752688172043
1048,21.0,25.5,0.0,0.0,0.0,0,0.0,SE,0,19.0,0.0,65.0,0.0,0.0,0.0,6.0,0.0,23.8,0.0,No,0.0,0.0,0.0,0.0,0.217,0.3010752688172043
1049,19.2,28.7,0.0,0.0,0.0,0,0.0,0,0,0.0,0.0,75.0,0.0,0.0,0.0,8.0,0.0,23.5,0.0,No,0.0,0.0,0.0,0.0,0.217,0.3010752688172043
1050,0.0,26.8,0.0,0.0,0.0,0,0.0,0,0,0.0,0.0,0.0,0.0,0.0,0.0,0.0,0.0,0.0,0.0,Null,0.0,0.0,0.0,0.0,0.217,0.3185840707964602
1051,18.0,25.0,12.4,0.0,0.0,0,0.0,0,0,0.0,0.0,82.0,0.0,0.0,0.0,7.0,0.0,21.0,0.0,Yes,0.0,0.0,0.0,0.0,0.217,0.5661375661375662
1052,18.0,32.2,0.2,0.0,0.0,0,0.0,0,0,0.0,0.0,81.0,0.0,0.0,0.0,5.0,0.0,22.2,0.0,No,0.0,0.0,0.0,0.0,0.217,0.3010752688172043
1053,18.2,28.5,3.0,0.0,0.0,0,0.0,SW,0,9.0,0.0,39.0,0.0,0.0,0.0,2.0,0.0,21.5,0.0,Yes,0.0,0.0,0.0,0.0,0.217,0.3185840707964602
1054,17.5,25.0,0.0,0.0,0.0,0,0.0,0,0,0.0,0.0,63.0,0.0,0.0,0.0,6.0,0.0,21.5,0.0,No,0.0,0.0,0.0,0.0,0.217,0.3010752688172043
1058,22.2,38.0,0.0,0.0,0.0,0,0.0,W,0,19.0,0.0,35.0,0.0,0.0,0.0,5.0,0.0,30.0,0.0,No,0.0,0.0,0.0,0.0,0.217,0.3010752688172043
1059,19.0,20.2,0.4,0.0,0.0,0,0.0,SE,0,28.0,0.0,98.0,0.0,0.0,0.0,8.0,0.0,19.5,0.0,No,0.0,0.0,0.0,0.0,0.217,0.3010752688172043
1060,17.2,26.2,24.2,0.0,0.0,0,0.0,0,0,0.0,0.0,99.0,0.0,0.0,0.0,8.0,0.0,19.5,0.0,Yes,0.0,0.0,0.0,0.0,0.217,0.5661375661375662
1061,0.0,23.0,0.0,0.0,0.0,0,0.0,0,0,0.0,0.0,0.0,0.0,0.0,0.0,0.0,0.0,0.0,0.0,Null,0.0,0.0,0.0,0.0,0.217,0.3185840707964602
1062,16.5,24.7,0.2,0.0,0.0,0,0.0,NE,0,9.0,0.0,73.0,0.0,0.0,0.0,7.0,0.0,19.5,0.0,No,0.0,0.0,0.0,0.0,0.217,0.3010752688172043
1065,20.2,25.3,0.0,0.0,0.0,0,0.0,SE,0,9.0,0.0,66.0,0.0,0.0,0.0,8.0,0.0,22.0,0.0,No,0.0,0.0,0.0,0.0,0.217,0.3010752688172043
1066,18.0,27.0,0.0,0.0,0.0,0,0.0,NE,0,9.0,0.0,60.0,0.0,0.0,0.0,5.0,0.0,24.6,0.0,No,0.0,0.0,0.0,0.0,0.217,0.3010752688172043
1067,0.0,32.0,0.0,0.0,0.0,0,0.0,0,0,0.0,0.0,0.0,0.0,0.0,0.0,0.0,0.0,0.0,0.0,Null,0.0,0.0,0.0,0.0,0.217,0.3185840707964602
1068,18.0,32.8,3.6,0.0,0.0,0,0.0,NE,0,9.0,0.0,68.0,0.0,0.0,0.0,0.0,0.0,25.0,0.0,Yes,0.0,0.0,0.0,0.0,0.217,0.5661375661375662
1072,21.5,40.5,0.0,0.0,0.0,0,0.0,0,0,0.0,0.0,53.0,0.0,0.0,0.0,6.0,0.0,27.6,0.0,No,0.0,0.0,0.0,0.0,0.217,0.3010752688172043
1073,25.5,32.8,0.0,0.0,0.0,0,0.0,0,0,0.0,0.0,71.0,0.0,0.0,0.0,7.0,0.0,27.2,0.0,No,0.0,0.0,0.0,0.0,0.217,0.3010752688172043
1078,10.7,19.7,1.2,0.0,0.0,NW,39.0,W,NW,9.0,15.0,99.0,60.0,1011.8,1006.5,0.0,0.0,11.9,17.6,Yes,0.0,0.61,63.119565217391305,0.95,0.245,0.22748815165876776
1080,12.7,17.7,11.6,0.0,0.0,S,70.0,WSW,SW,17.0,17.0,100.0,93.0,1014.1,1015.6,0.0,0.0,13.8,15.7,Yes,0.0,0.93,63.119565217391305,1.47,0.245,0.7237569060773481
1081,12.6,14.8,31.6,0.0,0.0,SSE,39.0,W,WNW,9.0,4.0,100.0,100.0,1019.1,1017.8,0.0,0.0,13.2,14.6,Yes,0.0,1.0,63.119565217391305,1.58,0.245,0.8900523560209425
1082,11.3,16.9,5.4,0.0,0.0,SSW,35.0,WSW,SW,11.0,11.0,86.0,73.0,1022.8,1022.0,0.0,0.0,13.5,16.4,Yes,0.0,0.85,63.119565217391305,1.16,0.245,0.3674698795180723
1084,13.4,20.7,0.0,0.0,0.0,N,48.0,N,NNE,22.0,22.0,81.0,71.0,1015.7,1012.3,0.0,0.0,15.1,19.2,No,0.0,0.88,63.119565217391305,1.12,0.245,0.3865546218487395
1085,14.6,20.1,0.0,0.0,0.0,NW,52.0,WSW,NW,4.0,17.0,77.0,35.0,1010.5,1007.5,0.0,0.0,17.5,18.9,No,0.0,0.45,63.119565217391305,0.55,0.245,0.3586206896551724
1090,11.5,19.7,6.4,0.0,0.0,NE,24.0,W,ENE,13.0,13.0,100.0,87.0,1030.4,1027.2,0.0,0.0,14.4,18.0,Yes,0.0,0.87,63.119565217391305,1.38,0.245,0.7237569060773481
1091,12.1,23.5,1.2,0.0,0.0,N,24.0,NNW,NW,11.0,6.0,100.0,60.0,1025.2,1020.2,0.0,0.0,15.1,23.0,Yes,0.0,0.6,63.119565217391305,0.95,0.245,0.22748815165876776
1093,17.3,17.7,10.4,0.0,0.0,SSW,39.0,N,SW,13.0,13.0,100.0,100.0,1019.4,1017.3,0.0,0.0,17.5,16.3,Yes,0.0,1.0,63.119565217391305,1.58,0.245,0.8900523560209425
1094,14.3,19.2,11.6,0.0,0.0,SW,26.0,WNW,WSW,9.0,2.0,100.0,92.0,1018.9,1016.1,0.0,0.0,15.0,17.7,Yes,0.0,0.92,63.119565217391305,1.46,0.245,0.7237569060773481
1095,12.7,24.1,0.4,0.0,0.0,NNW,57.0,NW,NNW,11.0,17.0,79.0,63.0,1010.1,1002.9,0.0,0.0,19.1,23.6,No,0.0,0.8,63.119565217391305,1.0,0.245,0.3586206896551724
1096,14.3,18.0,1.8,0.0,0.0,WNW,50.0,W,WNW,15.0,20.0,44.0,38.0,1004.6,1004.7,0.0,0.0,16.1,16.8,Yes,0.0,0.86,63.119565217391305,0.6,0.245,0.3741496598639456
1103,8.1,18.9,0.0,0.0,0.0,W,24.0,W,S,13.0,13.0,66.0,70.0,1022.6,1020.2,0.0,0.0,12.2,16.7,No,0.0,1.06,63.119565217391305,1.11,0.245,0.2891566265060241
1106,12.5,17.5,0.0,0.0,0.0,S,80.0,WSW,S,6.0,46.0,71.0,74.0,1013.0,1012.2,0.0,0.0,14.0,15.8,No,0.0,1.04,63.119565217391305,1.17,0.245,0.4396551724137931
1107,12.8,17.6,10.0,0.0,0.0,S,85.0,SSE,SSE,50.0,57.0,72.0,73.0,1016.7,1015.8,0.0,0.0,15.7,15.3,Yes,0.0,1.01,63.119565217391305,1.16,0.245,0.7555555555555555
1108,13.4,17.4,10.6,0.0,0.0,SSE,85.0,SSE,S,50.0,50.0,59.0,59.0,1022.2,1023.4,0.0,0.0,16.3,16.1,Yes,0.0,1.0,63.119565217391305,0.93,0.245,0.3741496598639456
1109,10.6,16.1,1.4,0.0,0.0,S,59.0,WSW,SSW,13.0,24.0,91.0,79.0,1029.6,1027.5,0.0,0.0,12.3,15.7,Yes,0.0,0.87,63.119565217391305,1.25,0.245,0.4896907216494845
1110,10.7,16.1,8.0,0.0,0.0,SSW,37.0,SW,SSE,11.0,22.0,95.0,92.0,1028.5,1026.3,0.0,0.0,12.7,13.8,Yes,0.0,0.97,63.119565217391305,1.46,0.245,0.7237569060773481
1111,11.5,18.2,2.4,0.0,0.0,S,31.0,WSW,SE,7.0,9.0,92.0,67.0,1027.2,1024.6,0.0,0.0,13.2,16.9,Yes,0.0,0.73,63.119565217391305,1.06,0.245,0.22330097087378642
1126,8.9,14.5,0.0,0.0,0.0,N,44.0,SW,N,6.0,22.0,71.0,65.0,1016.8,1014.5,0.0,0.0,13.0,14.1,No,0.0,0.92,63.119565217391305,1.03,0.245,0.3865546218487395
1127,8.8,17.7,1.4,0.0,0.0,SSW,39.0,WNW,SSW,7.0,24.0,71.0,68.0,1014.0,1013.2,0.0,0.0,13.9,15.9,Yes,0.0,0.96,63.119565217391305,1.08,0.245,0.3869047619047619
1128,12.8,15.3,9.6,0.0,0.0,ESE,43.0,SE,S,31.0,24.0,100.0,100.0,1012.1,1006.5,0.0,0.0,14.7,14.3,Yes,0.0,1.0,63.119565217391305,1.58,0.245,0.8900523560209425
1129,9.0,16.1,13.8,0.0,0.0,SW,37.0,WSW,SSW,13.0,19.0,75.0,56.0,1010.0,1010.4,0.0,0.0,10.9,15.9,Yes,0.0,0.75,63.119565217391305,0.89,0.245,0.23722627737226276
1130,7.5,14.6,2.2,0.0,0.0,SSE,50.0,WSW,NW,13.0,9.0,65.0,87.0,1018.4,1017.3,0.0,0.0,11.0,11.8,Yes,0.0,1.34,63.119565217391305,1.38,0.245,0.9321739130434783
1135,15.7,20.3,0.0,0.0,0.0,NNW,52.0,NNE,N,28.0,30.0,92.0,69.0,1019.7,1015.4,0.0,0.0,17.4,19.7,No,0.0,0.75,63.119565217391305,1.09,0.245,0.2396694214876033
1137,15.5,18.0,10.6,0.0,0.0,N,50.0,N,SW,9.0,4.0,100.0,100.0,1011.4,1005.9,0.0,0.0,15.8,16.3,Yes,0.0,1.0,63.119565217391305,1.58,0.245,0.9321739130434783
1138,15.2,20.4,8.0,0.0,0.0,N,56.0,WNW,WNW,17.0,17.0,57.0,47.0,1000.1,1006.1,0.0,0.0,17.8,19.0,Yes,0.0,0.82,63.119565217391305,0.74,0.245,0.3741496598639456
1141,11.8,22.7,0.0,0.0,0.0,NE,37.0,N,NE,4.0,22.0,74.0,71.0,1030.3,1026.5,0.0,0.0,17.3,20.1,No,0.0,0.96,63.119565217391305,1.12,0.245,0.2396694214876033
1143,16.4,23.9,0.0,0.0,0.0,NNE,50.0,N,NE,9.0,30.0,77.0,80.0,1029.6,1024.4,0.0,0.0,20.1,20.3,No,0.0,1.04,63.119565217391305,1.27,0.245,0.4896907216494845
1144,15.7,21.6,0.0,0.0,0.0,NNE,57.0,NNE,NE,24.0,37.0,73.0,83.0,1021.7,1015.8,0.0,0.0,20.1,19.9,No,0.0,1.14,63.119565217391305,1.31,0.245,0.6176470588235294
1148,14.9,20.5,0.0,0.0,0.0,SW,22.0,SW,S,9.0,17.0,81.0,88.0,1020.9,1017.8,0.0,0.0,18.2,18.6,No,0.0,1.09,63.119565217391305,1.39,0.245,0.6990291262135923
1149,16.1,21.6,10.6,0.0,0.0,NNW,35.0,N,NNW,28.0,9.0,100.0,81.0,1014.7,1009.5,0.0,0.0,16.6,20.6,Yes,0.0,0.81,63.119565217391305,1.28,0.245,0.640074211502783
1153,14.3,18.4,0.0,0.0,0.0,WNW,28.0,W,ESE,4.0,4.0,74.0,99.0,1012.4,1005.6,0.0,0.0,15.9,14.8,No,0.0,1.34,63.119565217391305,1.57,0.245,0.6990291262135923
1154,13.7,21.9,31.8,0.0,0.0,W,37.0,W,SW,15.0,11.0,56.0,42.0,1008.6,1008.1,0.0,0.0,18.4,21.1,Yes,0.0,0.75,63.119565217391305,0.67,0.245,0.23722627737226276
1156,14.0,19.1,0.0,0.0,0.0,N,43.0,N,NE,20.0,22.0,78.0,78.0,1012.6,1007.5,0.0,0.0,16.8,18.6,No,0.0,1.0,63.119565217391305,1.24,0.245,0.437125748502994
1158,15.9,19.1,0.0,0.0,0.0,SSW,65.0,SW,SSW,24.0,44.0,58.0,72.0,1010.9,1009.9,0.0,0.0,17.6,18.2,No,0.0,1.24,63.119565217391305,1.14,0.245,0.4396551724137931
1159,13.3,22.1,0.0,0.0,0.0,N,24.0,SSW,ESE,11.0,17.0,72.0,73.0,1012.4,1007.7,0.0,0.0,18.1,20.0,No,0.0,1.01,63.119565217391305,1.16,0.245,0.23243243243243245
1160,13.7,21.4,2.4,0.0,0.0,S,56.0,WNW,NNW,11.0,11.0,86.0,79.0,1006.9,1005.3,0.0,0.0,15.2,17.3,Yes,0.0,0.92,63.119565217391305,1.25,0.245,0.640074211502783
1161,12.6,20.1,1.2,0.0,0.0,SSW,26.0,SSW,SE,9.0,15.0,67.0,56.0,1013.0,1008.9,0.0,0.0,16.0,18.8,Yes,0.0,0.84,63.119565217391305,0.89,0.245,0.23722627737226276
1164,14.2,19.5,0.6,0.0,0.0,NNE,56.0,NNE,N,22.0,30.0,86.0,85.0,1000.7,995.6,0.0,0.0,14.8,18.0,No,0.0,0.99,63.119565217391305,1.35,0.245,0.9321739130434783
1165,13.1,20.1,1.6,0.0,0.0,NNW,54.0,N,NW,33.0,24.0,46.0,51.0,999.9,999.3,0.0,0.0,16.8,15.8,Yes,0.0,1.11,63.119565217391305,0.81,0.245,0.3741496598639456
1168,18.0,25.3,0.0,0.0,0.0,NNW,59.0,N,NW,39.0,13.0,57.0,46.0,1000.5,998.9,0.0,0.0,20.7,21.4,No,0.0,0.81,63.119565217391305,0.73,0.245,0.5476190476190477
1173,18.4,26.2,0.0,0.0,0.0,S,54.0,WNW,S,7.0,39.0,39.0,78.0,1014.7,1016.4,0.0,0.0,23.5,19.0,No,0.0,2.0,63.119565217391305,1.24,0.245,0.6176470588235294
1175,16.7,32.6,0.0,0.0,0.0,S,61.0,NNE,NW,28.0,13.0,77.0,33.0,1008.6,1003.9,0.0,0.0,20.5,32.2,No,0.0,0.43,63.119565217391305,0.52,0.245,0.5476190476190477
1178,12.1,16.7,4.8,0.0,0.0,SSW,65.0,SSW,SSW,31.0,37.0,77.0,91.0,1020.1,1021.4,0.0,0.0,14.3,14.0,Yes,0.0,1.18,63.119565217391305,1.44,0.245,0.9321739130434783
1182,19.1,22.2,0.0,0.0,0.0,N,41.0,WSW,WNW,6.0,6.0,46.0,87.0,1005.7,1009.4,0.0,0.0,22.2,13.5,No,0.0,1.89,63.119565217391305,1.38,0.245,0.6990291262135923
1186,15.3,24.3,1.6,0.0,0.0,NE,46.0,N,NE,15.0,39.0,76.0,85.0,1019.3,1013.2,0.0,0.0,20.6,20.7,Yes,0.0,1.12,63.119565217391305,1.35,0.245,0.8900523560209425
1187,17.1,18.1,20.2,0.0,0.0,S,48.0,SSW,SSW,9.0,22.0,100.0,96.0,1010.7,1009.6,0.0,0.0,17.1,16.4,Yes,0.0,0.96,63.119565217391305,1.52,0.245,0.8609271523178808
1188,10.3,17.0,4.4,0.0,0.0,SSW,67.0,SW,S,17.0,48.0,62.0,54.0,1017.8,1017.1,0.0,0.0,12.4,16.8,Yes,0.0,0.87,63.119565217391305,0.86,0.245,0.3741496598639456
1190,12.7,24.0,0.0,0.0,0.0,NE,50.0,N,NE,17.0,30.0,68.0,63.0,1019.0,1014.6,0.0,0.0,18.3,22.8,No,0.0,0.93,63.119565217391305,1.0,0.245,0.3865546218487395
1192,17.4,22.9,0.0,0.0,0.0,SSE,46.0,S,SSE,30.0,33.0,83.0,72.0,1015.2,1014.9,0.0,0.0,20.8,20.8,No,0.0,0.87,63.119565217391305,1.14,0.245,0.4396551724137931
1193,15.0,21.1,6.8,0.0,0.0,S,50.0,SE,SE,15.0,13.0,70.0,74.0,1019.9,1018.0,0.0,0.0,17.9,19.1,Yes,0.0,1.06,63.119565217391305,1.17,0.245,0.7555555555555555
1194,16.8,23.8,4.0,0.0,0.0,NE,48.0,NNW,NE,2.0,26.0,85.0,84.0,1019.9,1017.4,0.0,0.0,19.9,21.0,Yes,0.0,0.99,63.119565217391305,1.33,0.245,0.9321739130434783
1195,18.5,22.9,0.0,0.0,0.0,NNE,39.0,NNE,NNE,24.0,30.0,85.0,90.0,1014.1,1007.1,0.0,0.0,21.5,21.8,No,0.0,1.06,63.119565217391305,1.43,0.245,0.6990291262135923
1196,17.9,19.6,2.6,0.0,0.0,S,56.0,S,SSE,37.0,33.0,53.0,44.0,1010.2,1010.9,0.0,0.0,18.1,19.2,Yes,0.0,0.83,63.119565217391305,0.7,0.245,0.3741496598639456
1204,18.4,28.8,0.0,0.0,0.0,SSW,63.0,NNE,S,13.0,33.0,69.0,86.0,1007.4,1006.2,0.0,0.0,23.4,22.2,No,0.0,1.25,63.119565217391305,1.36,0.245,0.9321739130434783
1205,18.8,24.1,0.0,0.0,0.0,SSW,39.0,SSW,SSE,20.0,24.0,89.0,80.0,1012.7,1008.9,0.0,0.0,19.8,20.8,No,0.0,0.9,63.119565217391305,1.27,0.245,0.5
1206,16.6,23.8,7.2,0.0,0.0,ESE,20.0,NW,E,2.0,17.0,88.0,75.0,1009.3,1007.1,0.0,0.0,19.1,22.1,Yes,0.0,0.85,63.119565217391305,1.19,0.245,0.640074211502783
1207,18.1,24.3,0.0,0.0,0.0,ENE,33.0,S,E,19.0,19.0,83.0,73.0,1012.6,1010.1,0.0,0.0,20.5,22.2,No,0.0,0.88,63.119565217391305,1.16,0.245,0.23243243243243245
1208,18.1,33.3,21.2,0.0,0.0,N,46.0,NNE,WNW,37.0,9.0,100.0,40.0,1002.9,997.6,0.0,0.0,19.1,32.8,Yes,0.0,0.4,63.119565217391305,0.63,0.245,0.22748815165876776
1211,14.7,21.2,4.6,0.0,0.0,SSW,52.0,SSW,SE,11.0,20.0,76.0,59.0,1015.8,1015.0,0.0,0.0,17.4,20.6,Yes,0.0,0.78,63.119565217391305,0.93,0.245,0.5357142857142857
1213,17.5,23.5,0.0,0.0,0.0,NNE,39.0,SW,ENE,4.0,20.0,74.0,65.0,1025.6,1022.5,0.0,0.0,19.1,22.0,No,0.0,0.88,63.119565217391305,1.03,0.245,0.2396694214876033
1214,15.9,27.5,0.0,0.0,0.0,NNE,35.0,NE,NE,6.0,22.0,73.0,73.0,1017.6,1014.1,0.0,0.0,23.3,24.9,No,0.0,1.0,63.119565217391305,1.16,0.245,0.23243243243243245
1215,19.6,22.9,0.0,0.0,0.0,S,44.0,S,S,31.0,31.0,85.0,75.0,1017.6,1017.8,0.0,0.0,20.8,21.5,No,0.0,0.88,63.119565217391305,1.19,0.245,0.4896907216494845
1217,20.0,27.5,0.0,0.0,0.0,NE,37.0,NNE,NE,20.0,22.0,89.0,73.0,1018.5,1015.3,0.0,0.0,23.3,26.2,No,0.0,0.82,63.119565217391305,1.16,0.245,0.23243243243243245
1218,19.6,26.3,0.0,0.0,0.0,NE,52.0,NNE,NE,19.0,35.0,68.0,72.0,1015.4,1012.2,0.0,0.0,24.3,24.9,No,0.0,1.06,63.119565217391305,1.14,0.245,0.4396551724137931
1219,19.0,27.1,0.0,0.0,0.0,NE,57.0,NNE,NE,20.0,39.0,74.0,78.0,1010.5,1004.7,0.0,0.0,22.7,22.5,No,0.0,1.05,63.119565217391305,1.24,0.245,0.6176470588235294
1220,15.1,20.7,1.8,0.0,0.0,S,52.0,SSW,S,13.0,39.0,48.0,61.0,1012.5,1012.0,0.0,0.0,17.9,19.9,Yes,0.0,1.27,63.119565217391305,0.97,0.245,0.3741496598639456
1223,20.1,24.8,0.0,0.0,0.0,NE,33.0,SSE,ESE,22.0,24.0,78.0,79.0,1017.1,1016.5,0.0,0.0,23.5,22.3,No,0.0,1.01,63.119565217391305,1.25,0.245,0.5
1225,20.1,23.6,0.0,0.0,0.0,S,52.0,SSW,S,22.0,44.0,86.0,85.0,1011.7,1009.5,0.0,0.0,21.1,21.6,No,0.0,0.99,63.119565217391305,1.35,0.245,0.9321739130434783
1226,19.2,25.6,0.0,0.0,0.0,N,63.0,S,E,6.0,17.0,70.0,67.0,1012.6,1010.0,0.0,0.0,22.9,24.3,No,0.0,0.96,63.119565217391305,1.06,0.245,0.6691176470588235
1227,18.3,27.9,0.4,0.0,0.0,NNE,41.0,N,NNE,15.0,26.0,77.0,71.0,1007.7,1005.9,0.0,0.0,20.8,24.8,No,0.0,0.92,63.119565217391305,1.12,0.245,0.36585365853658536
1230,19.7,27.0,0.0,0.0,0.0,NE,31.0,SSW,ENE,6.0,19.0,85.0,75.0,1016.2,1013.3,0.0,0.0,22.7,25.3,No,0.0,0.88,63.119565217391305,1.19,0.245,0.23243243243243245
1231,21.5,28.1,0.0,0.0,0.0,NNE,61.0,NNW,NE,7.0,13.0,98.0,84.0,1009.6,1005.9,0.0,0.0,22.9,26.3,No,0.0,0.86,63.119565217391305,1.33,0.245,0.5209580838323353
1232,20.5,23.1,13.0,0.0,0.0,SSW,52.0,SW,S,11.0,28.0,95.0,97.0,1011.7,1010.1,0.0,0.0,20.9,21.7,Yes,0.0,1.02,63.119565217391305,1.54,0.245,0.9321739130434783
1233,18.0,24.1,24.8,0.0,0.0,SSW,41.0,SSW,E,9.0,19.0,82.0,75.0,1015.0,1014.7,0.0,0.0,21.6,22.9,Yes,0.0,0.91,63.119565217391305,1.19,0.245,0.640074211502783
1234,19.4,26.7,0.6,0.0,0.0,NE,59.0,NNE,NE,15.0,43.0,80.0,84.0,1009.0,999.7,0.0,0.0,23.2,25.1,No,0.0,1.05,63.119565217391305,1.33,0.245,0.9321739130434783
1237,19.2,26.6,0.0,0.0,0.0,NE,52.0,NE,NE,20.0,33.0,71.0,68.0,1021.7,1019.7,0.0,0.0,22.9,25.2,No,0.0,0.96,63.119565217391305,1.08,0.245,0.2396694214876033
1238,20.0,27.3,0.0,0.0,0.0,NE,50.0,NNE,NE,19.0,35.0,75.0,70.0,1022.4,1018.1,0.0,0.0,22.2,24.5,No,0.0,0.93,63.119565217391305,1.11,0.245,0.2396694214876033
1239,19.8,30.8,0.0,0.0,0.0,NNE,44.0,NE,NE,19.0,33.0,77.0,75.0,1016.1,1011.7,0.0,0.0,23.5,24.2,No,0.0,0.97,63.119565217391305,1.19,0.245,0.4396551724137931
1241,18.7,19.1,0.0,0.0,0.0,SSE,46.0,SE,SSE,35.0,30.0,100.0,100.0,1015.7,1016.1,0.0,0.0,19.0,17.6,No,0.0,1.0,63.119565217391305,1.58,0.245,0.6296296296296297
1242,17.3,25.4,27.0,0.0,0.0,SE,33.0,SW,S,7.0,9.0,100.0,100.0,1012.8,1009.9,0.0,0.0,18.8,20.2,Yes,0.0,1.0,63.119565217391305,1.58,0.245,0.8900523560209425
1243,18.7,32.2,1.2,0.0,0.0,SSW,72.0,N,E,22.0,20.0,79.0,64.0,1007.3,1005.6,0.0,0.0,25.3,26.1,Yes,0.0,0.81,63.119565217391305,1.01,0.245,0.544973544973545
1244,18.7,23.7,0.0,0.0,0.0,SSW,72.0,SSE,SSE,30.0,30.0,72.0,70.0,1018.2,1019.3,0.0,0.0,19.7,21.2,No,0.0,0.97,63.119565217391305,1.11,0.245,0.2396694214876033
1246,16.6,27.2,0.2,0.0,0.0,NE,48.0,NNE,NE,13.0,30.0,68.0,76.0,1011.0,1005.6,0.0,0.0,22.0,23.6,No,0.0,1.12,63.119565217391305,1.2,0.245,0.4396551724137931
1247,19.6,25.5,0.2,0.0,0.0,S,44.0,SSW,SSE,22.0,22.0,80.0,72.0,1012.2,1011.9,0.0,0.0,21.6,24.5,No,0.0,0.9,63.119565217391305,1.14,0.245,0.4396551724137931
1249,20.0,25.9,0.0,0.0,0.0,NE,46.0,NE,NE,20.0,33.0,70.0,66.0,1019.2,1016.8,0.0,0.0,23.4,24.3,No,0.0,0.94,63.119565217391305,1.05,0.245,0.2396694214876033
1251,18.5,28.2,0.4,0.0,0.0,NE,50.0,N,NE,4.0,33.0,83.0,71.0,1016.7,1015.3,0.0,0.0,22.7,25.4,No,0.0,0.86,63.119565217391305,1.12,0.245,0.2396694214876033
1252,19.6,27.3,0.2,0.0,0.0,NE,50.0,NE,NE,13.0,37.0,77.0,72.0,1015.0,1011.7,0.0,0.0,23.6,24.4,No,0.0,0.94,63.119565217391305,1.14,0.245,0.4396551724137931
1253,19.3,25.1,0.0,0.0,0.0,NE,44.0,ESE,SE,2.0,7.0,86.0,82.0,1014.1,1013.1,0.0,0.0,21.7,24.1,No,0.0,0.95,63.119565217391305,1.3,0.245,0.7218543046357616
1256,20.4,27.1,0.0,0.0,0.0,NNE,30.0,N,E,6.0,7.0,77.0,73.0,1004.0,1002.1,0.0,0.0,23.4,25.2,No,0.0,0.95,63.119565217391305,1.16,0.245,0.23243243243243245
1257,21.0,26.2,0.0,0.0,0.0,SSW,31.0,0,SSW,0.0,19.0,81.0,83.0,1003.0,1003.0,0.0,0.0,25.5,24.9,No,0.0,1.02,63.119565217391305,1.31,0.245,0.5
1258,12.9,18.6,0.4,3.4,0.0,SSE,31.0,SSE,S,13.0,11.0,45.0,59.0,1022.0,1019.9,0.0,8.0,17.1,17.2,No,0.0,1.31,65.58536585365853,0.9,0.317,0.22767857142857142
1259,12.0,19.8,0.0,0.0,0.0,WNW,30.0,NE,N,11.0,6.0,79.0,62.0,1022.4,1019.8,8.0,8.0,16.5,18.8,No,1.0,0.78,65.58536585365853,0.95,0.317,0.22767857142857142
1263,13.3,20.3,0.0,1.4,0.0,NE,39.0,NNE,NNE,20.0,24.0,76.0,96.0,1018.9,1013.7,8.0,8.0,19.0,18.9,No,1.0,1.26,65.58536585365853,1.46,0.317,0.87248322147651
1264,17.4,20.6,21.0,2.2,0.0,W,72.0,W,WSW,24.0,20.0,88.0,67.0,1009.8,1007.1,8.0,1.0,19.0,19.8,Yes,0.12,0.76,65.58536585365853,1.02,0.317,0.6853146853146853
1266,15.5,19.5,2.4,0.0,0.0,WSW,61.0,SW,SW,26.0,26.0,83.0,66.0,1010.3,1008.8,6.0,2.0,17.6,18.3,Yes,0.33,0.8,65.58536585365853,1.01,0.317,0.6853146853146853
1267,15.4,19.5,3.0,0.0,0.0,SW,48.0,SW,SSE,26.0,20.0,75.0,80.0,1011.2,1010.6,8.0,8.0,18.0,18.2,Yes,1.0,1.07,65.58536585365853,1.22,0.317,0.640074211502783
1268,15.1,19.6,1.0,9.4,0.0,SSE,37.0,SE,SE,20.0,20.0,70.0,64.0,1020.0,1019.2,8.0,7.0,17.4,17.8,No,0.88,0.91,65.58536585365853,0.98,0.317,0.31208053691275167
1270,13.3,20.6,0.0,3.4,0.0,NNE,33.0,N,NW,13.0,13.0,66.0,65.0,1022.3,1019.4,7.0,8.0,19.0,19.5,No,1.14,0.98,65.58536585365853,0.99,0.317,0.22767857142857142
1271,16.1,18.9,1.2,2.0,0.0,W,52.0,S,S,28.0,24.0,63.0,53.0,1021.7,1020.4,8.0,1.0,17.7,17.8,Yes,0.12,0.84,65.58536585365853,0.81,0.317,0.3741496598639456
1275,14.9,18.5,0.9,8.8,0.0,S,41.0,S,SSE,19.0,20.0,58.0,60.0,1024.8,1021.1,7.0,8.0,16.8,17.3,No,1.14,1.03,65.58536585365853,0.91,0.317,0.31208053691275167
1277,15.5,20.4,0.4,4.4,0.0,SW,35.0,W,WSW,17.0,24.0,79.0,87.0,1021.3,1019.7,6.0,8.0,18.6,18.7,No,1.33,1.1,65.58536585365853,1.33,0.317,0.8900523560209425
1278,13.4,19.9,0.2,1.4,0.0,NE,26.0,E,NE,9.0,15.0,70.0,67.0,1021.8,1018.1,5.0,8.0,17.2,17.8,No,1.6,0.96,65.58536585365853,1.02,0.317,0.22767857142857142
1279,15.9,21.2,1.4,2.4,0.0,W,56.0,NW,W,15.0,30.0,88.0,75.0,1016.4,1013.6,8.0,4.0,18.7,20.6,Yes,0.5,0.85,65.58536585365853,1.14,0.317,0.4396551724137931
1280,17.8,21.4,0.8,0.0,0.0,W,54.0,WNW,WNW,22.0,24.0,80.0,80.0,1014.9,1011.6,7.0,8.0,19.9,20.2,No,1.14,1.0,65.58536585365853,1.22,0.317,0.8018018018018018
1281,17.6,20.8,0.6,0.0,0.0,WNW,48.0,WNW,S,24.0,13.0,85.0,86.0,1013.7,1013.5,8.0,8.0,20.2,18.3,No,1.0,1.01,65.58536585365853,1.31,0.317,0.9321739130434783
1282,13.6,21.8,7.4,7.6,0.0,W,44.0,NNE,W,13.0,17.0,76.0,90.0,1017.3,1014.6,2.0,8.0,19.1,18.8,Yes,4.0,1.18,65.58536585365853,1.37,0.317,0.8900523560209425
1283,17.9,20.4,7.6,2.2,0.0,W,41.0,S,SW,17.0,9.0,77.0,64.0,1019.1,1018.1,3.0,8.0,18.9,19.7,Yes,2.67,0.83,65.58536585365853,0.98,0.317,0.3869047619047619
1284,13.9,21.1,0.0,1.6,0.0,N,44.0,ENE,NE,17.0,22.0,80.0,84.0,1022.0,1018.5,8.0,8.0,18.7,19.0,No,1.0,1.05,65.58536585365853,1.28,0.317,0.87248322147651
1285,16.1,19.5,11.2,4.2,0.0,0,0.0,WSW,S,15.0,30.0,95.0,62.0,1017.7,1016.3,8.0,8.0,17.2,18.6,Yes,1.0,0.65,65.58536585365853,0.95,0.317,0.3755274261603376
1289,14.1,19.9,0.0,9.4,0.0,SW,41.0,WSW,WSW,24.0,26.0,63.0,70.0,1016.9,1014.3,6.0,8.0,18.6,18.7,No,1.33,1.11,65.58536585365853,1.07,0.317,0.3865546218487395
1292,16.0,21.4,0.2,3.0,0.0,N,65.0,NW,WNW,24.0,19.0,89.0,92.0,1008.8,1006.4,8.0,8.0,20.1,18.1,No,1.0,1.03,65.58536585365853,1.4,0.317,0.9321739130434783
1293,14.7,17.9,29.4,3.0,0.0,W,54.0,SSE,S,28.0,30.0,69.0,66.0,1011.2,1011.0,8.0,3.0,16.4,16.1,Yes,0.38,0.96,65.58536585365853,1.01,0.317,0.6853146853146853
1296,12.4,17.4,0.1,13.0,0.0,S,41.0,S,SSW,15.0,20.0,53.0,64.0,1018.9,1016.9,1.0,8.0,16.0,14.8,No,8.0,1.21,65.58536585365853,0.98,0.317,0.31208053691275167
1297,11.9,17.5,1.4,3.8,0.0,SSW,50.0,SW,SSW,24.0,28.0,59.0,57.0,1018.9,1017.6,5.0,8.0,16.1,16.0,Yes,1.6,0.97,65.58536585365853,0.87,0.317,0.3741496598639456
1298,10.7,17.7,3.6,4.4,0.0,SSE,48.0,S,S,19.0,19.0,54.0,49.0,1022.0,1021.6,1.0,1.0,15.9,16.7,Yes,1.0,0.91,65.58536585365853,0.75,0.317,0.3741496598639456
1301,12.2,19.0,0.0,0.0,0.0,SSE,26.0,NE,NNE,6.0,7.0,64.0,64.0,1020.6,1018.7,7.0,8.0,17.0,17.9,No,1.14,1.0,65.58536585365853,0.98,0.317,0.22767857142857142
1304,12.7,17.2,4.0,5.6,0.0,S,59.0,SSE,S,30.0,30.0,74.0,64.0,1020.6,1017.4,3.0,8.0,15.1,16.4,Yes,2.67,0.86,65.58536585365853,0.98,0.317,0.3741496598639456
1305,12.9,18.7,8.6,4.4,0.0,ESE,56.0,ESE,ESE,28.0,28.0,67.0,52.0,1019.8,1019.1,1.0,1.0,16.9,17.7,Yes,1.0,0.78,65.58536585365853,0.79,0.317,0.3741496598639456
1306,14.1,17.7,3.6,3.6,0.0,E,43.0,ESE,ESE,19.0,24.0,79.0,64.0,1022.8,1021.1,8.0,8.0,16.1,16.8,Yes,1.0,0.81,65.58536585365853,0.98,0.317,0.3869047619047619
1307,14.3,18.6,1.0,5.0,0.0,SE,37.0,ESE,SE,19.0,22.0,57.0,70.0,1023.7,1021.3,1.0,3.0,17.4,17.2,No,3.0,1.23,65.58536585365853,1.07,0.317,0.31208053691275167
1310,11.2,20.4,1.1,8.0,0.0,NE,22.0,NE,NE,11.0,13.0,61.0,64.0,1021.3,1019.8,0.0,7.0,18.3,19.5,Yes,0.0,1.05,65.58536585365853,0.98,0.317,0.3869047619047619
1311,13.5,20.3,4.0,3.4,0.0,N,33.0,NE,NNE,13.0,13.0,73.0,66.0,1021.9,1019.8,0.0,3.0,18.7,19.5,Yes,0.0,0.9,65.58536585365853,1.01,0.317,0.3869047619047619
1312,16.0,20.6,0.0,2.8,0.0,NNE,39.0,NNE,N,28.0,15.0,65.0,70.0,1019.2,1016.0,1.0,3.0,19.3,20.2,No,3.0,1.08,65.58536585365853,1.07,0.317,0.31208053691275167
1313,17.9,20.8,0.0,3.6,0.0,NNW,59.0,NNW,NW,30.0,22.0,89.0,92.0,1013.7,1010.1,7.0,7.0,20.1,19.7,No,1.0,1.03,65.58536585365853,1.4,0.317,0.9321739130434783
1314,16.2,18.4,23.6,2.2,0.0,W,54.0,WSW,W,17.0,19.0,93.0,80.0,1015.1,1014.9,8.0,8.0,16.3,17.9,Yes,1.0,0.86,65.58536585365853,1.22,0.317,0.640074211502783
1315,15.4,18.0,13.8,0.0,0.0,NNE,41.0,NW,N,15.0,9.0,91.0,91.0,1019.9,1016.9,8.0,8.0,17.2,17.0,Yes,1.0,1.0,65.58536585365853,1.39,0.317,0.8900523560209425
1316,16.5,19.4,5.7,0.0,0.0,SW,41.0,NE,SW,9.0,15.0,95.0,86.0,1014.6,1011.3,8.0,8.0,17.2,18.0,Yes,1.0,0.91,65.58536585365853,1.31,0.317,0.8609271523178808
1321,12.5,20.3,0.0,3.4,0.0,NE,30.0,NE,NE,17.0,13.0,58.0,65.0,1024.9,1023.0,1.0,8.0,18.6,18.5,No,8.0,1.12,65.58536585365853,0.99,0.317,0.22767857142857142
1322,16.8,21.2,0.0,0.0,0.0,NNE,37.0,NNE,NNE,22.0,20.0,61.0,67.0,1024.0,1021.7,0.0,5.0,19.9,19.6,No,0.0,1.1,65.58536585365853,1.02,0.317,0.2396694214876033
1323,18.0,22.2,0.0,0.0,0.0,N,48.0,NNW,WNW,17.0,22.0,61.0,67.0,1022.6,1019.9,0.0,0.0,21.0,21.3,No,0.0,1.1,65.58536585365853,1.02,0.317,0.2396694214876033
1324,14.5,18.2,5.8,12.8,0.0,SSE,37.0,SSE,SE,17.0,19.0,91.0,81.0,1022.4,1020.5,8.0,8.0,14.6,16.4,Yes,1.0,0.89,65.58536585365853,1.24,0.317,0.64
1325,14.6,19.2,7.0,1.8,0.0,SE,33.0,SE,SE,17.0,15.0,58.0,64.0,1026.0,1024.6,1.0,6.0,18.0,18.1,Yes,6.0,1.1,65.58536585365853,0.98,0.317,0.22330097087378642
1331,12.5,19.2,3.0,5.356814357823893,0.0,ENE,30.0,NE,ENE,2.0,15.0,92.0,93.0,1024.9,1023.5,8.0,8.0,14.7,14.5,Yes,1.0,1.01,65.58536585365853,1.42,0.317,0.8900523560209425
1332,12.7,20.7,8.2,2.4,0.0,E,33.0,ENE,ENE,19.0,13.0,59.0,64.0,1026.5,1024.7,0.0,7.0,19.1,18.5,Yes,0.0,1.08,65.58536585365853,0.98,0.317,0.22330097087378642
1335,16.8,21.4,1.2,5.0,0.0,N,44.0,N,N,17.0,22.0,91.0,82.0,1024.3,1020.8,8.0,8.0,18.0,20.3,Yes,1.0,0.9,65.58536585365853,1.25,0.317,0.4896907216494845
1336,18.0,21.4,0.8,0.0,0.0,W,54.0,WSW,SW,28.0,28.0,91.0,68.0,1018.4,1016.5,8.0,5.0,18.4,20.2,No,0.62,0.75,65.58536585365853,1.04,0.317,0.2396694214876033
1338,15.2,21.2,0.8,9.8,0.0,NNW,31.0,WNW,N,13.0,15.0,85.0,62.0,1019.0,1014.7,8.0,7.0,17.1,20.2,No,0.88,0.73,65.58536585365853,0.95,0.317,0.22767857142857142
1339,16.8,21.6,4.6,4.2,0.0,WNW,56.0,WSW,WSW,33.0,33.0,90.0,63.0,1011.8,1010.2,8.0,1.0,19.7,20.5,Yes,0.12,0.7,65.58536585365853,0.96,0.317,0.5357142857142857
1340,17.1,20.7,0.8,4.8,0.0,SW,50.0,SSW,S,35.0,28.0,77.0,78.0,1013.1,1012.5,8.0,8.0,18.1,19.0,No,1.0,1.01,65.58536585365853,1.19,0.317,0.4563106796116505
1341,15.9,20.5,0.2,4.2,0.0,0,0.0,SSE,NNE,9.0,9.0,71.0,75.0,1013.4,1010.9,8.0,8.0,19.1,18.1,No,1.0,1.06,65.58536585365853,1.14,0.317,0.4563106796116505
1342,16.3,21.9,0.6,2.2,0.0,NW,43.0,N,N,13.0,17.0,79.0,85.0,1011.3,1006.8,6.0,8.0,19.7,18.9,No,1.33,1.08,65.58536585365853,1.3,0.317,0.8900523560209425
1343,16.9,21.2,3.3,0.0,0.0,WSW,54.0,WNW,W,19.0,31.0,66.0,70.0,1007.9,1004.4,0.0,8.0,19.9,19.8,Yes,0.0,1.06,65.58536585365853,1.07,0.317,0.6853146853146853
1344,15.4,21.2,10.6,0.0,0.0,SW,48.0,SW,SW,22.0,22.0,68.0,67.0,1007.9,1006.4,1.0,5.0,19.8,19.8,Yes,5.0,0.99,65.58536585365853,1.02,0.317,0.6853146853146853
1345,15.9,19.9,4.5,12.0,0.0,WSW,57.0,NNW,SW,17.0,28.0,87.0,81.0,1004.7,1001.0,8.0,8.0,16.8,18.5,Yes,1.0,0.93,65.58536585365853,1.24,0.317,0.640074211502783
1346,16.1,20.3,4.0,2.8,0.0,WSW,46.0,SSE,SW,17.0,26.0,84.0,75.0,1007.3,1005.8,8.0,8.0,18.3,18.9,Yes,1.0,0.89,65.58536585365853,1.14,0.317,0.640074211502783
1347,14.7,20.5,5.2,5.8,0.0,SW,57.0,W,W,22.0,28.0,65.0,71.0,1008.4,1005.1,2.0,8.0,19.3,18.6,Yes,4.0,1.09,65.58536585365853,1.08,0.317,0.6853146853146853
1348,14.0,19.9,7.0,4.8,0.0,SW,59.0,WSW,SW,26.0,28.0,72.0,71.0,1008.9,1008.8,8.0,2.0,17.6,18.8,Yes,0.25,0.99,65.58536585365853,1.08,0.317,0.6853146853146853
1350,16.1,22.6,0.0,0.0,0.0,NW,44.0,NW,N,20.0,19.0,73.0,73.0,1016.8,1014.0,8.0,0.0,20.2,22.1,No,0.0,1.0,65.58536585365853,1.11,0.317,0.4396551724137931
1351,19.3,21.6,0.0,0.0,0.0,WNW,39.0,SW,SW,24.0,26.0,70.0,57.0,1015.0,1013.7,2.0,1.0,20.4,20.7,No,0.5,0.81,65.58536585365853,0.87,0.317,0.3865546218487395
1353,15.0,21.7,0.0,5.0,0.0,W,52.0,N,W,24.0,22.0,68.0,71.0,1012.9,1009.3,7.0,8.0,19.9,20.0,No,1.14,1.04,65.58536585365853,1.08,0.317,0.5362318840579711
1358,14.2,21.6,0.0,0.0,0.0,WSW,39.0,WSW,W,26.0,26.0,67.0,73.0,1015.2,1011.6,1.0,8.0,20.0,20.4,No,8.0,1.09,65.58536585365853,1.11,0.317,0.4563106796116505
1359,14.2,21.0,2.6,0.0,0.0,0,0.0,SE,ESE,19.0,24.0,73.0,66.0,1015.7,1014.5,0.0,8.0,19.5,18.0,Yes,0.0,0.9,65.58536585365853,1.01,0.317,0.3869047619047619
1361,13.4,21.3,0.0,6.4,0.0,W,37.0,W,S,22.0,19.0,66.0,94.0,1012.1,1010.8,8.0,8.0,19.7,17.8,No,1.0,1.42,65.58536585365853,1.43,0.317,0.87248322147651
1362,16.2,20.0,0.4,4.0,0.0,NE,24.0,E,NE,11.0,11.0,61.0,87.0,1014.7,1012.9,8.0,7.0,18.3,16.4,No,0.88,1.43,65.58536585365853,1.33,0.317,0.8900523560209425
1363,14.1,18.5,6.8,2.4,0.0,SSE,46.0,SSW,SSE,7.0,24.0,81.0,74.0,1014.2,1013.6,7.0,8.0,16.5,17.1,Yes,1.14,0.91,65.58536585365853,1.13,0.317,0.640074211502783
1368,14.7,22.2,0.0,4.8,0.0,NE,35.0,NNE,NNE,19.0,22.0,66.0,70.0,1019.6,1017.5,3.0,8.0,20.4,20.2,No,2.67,1.06,65.58536585365853,1.07,0.317,0.22767857142857142
1373,16.0,22.3,0.0,5.356814357823893,0.0,W,48.0,N,N,24.0,15.0,66.0,81.0,1014.3,1012.0,1.0,8.0,20.4,20.7,No,8.0,1.23,65.58536585365853,1.24,0.317,0.8018018018018018
1377,14.6,21.3,0.0,3.4,0.0,ENE,30.0,NE,SSE,20.0,11.0,66.0,64.0,1019.4,1017.4,6.0,8.0,20.1,19.4,No,1.33,0.97,65.58536585365853,0.98,0.317,0.22767857142857142
1378,14.7,21.6,1.4,0.0,0.0,SSW,28.0,SSE,SSW,13.0,19.0,62.0,65.0,1019.9,1018.7,0.0,2.0,20.3,20.8,Yes,0.0,1.05,65.58536585365853,0.99,0.317,0.3869047619047619
1381,15.4,22.0,0.0,6.8,0.0,N,41.0,NNE,NW,20.0,19.0,61.0,74.0,1015.8,1013.5,7.0,8.0,19.6,19.2,No,1.14,1.21,65.58536585365853,1.13,0.317,0.4563106796116505
1382,17.4,20.6,11.4,2.4,0.0,NW,69.0,NW,NNW,15.0,15.0,89.0,85.0,1013.6,1010.2,8.0,8.0,20.4,19.9,Yes,1.0,0.96,65.58536585365853,1.3,0.317,0.8609271523178808
1384,16.6,23.3,0.0,0.0,0.0,NW,56.0,N,NNW,15.0,20.0,70.0,77.0,1011.9,1008.8,3.0,1.0,21.3,22.0,Null,0.33,1.1,65.58536585365853,1.17,0.317,0.4396551724137931
1385,16.7,21.5,0.4,5.356814357823893,0.0,WNW,48.0,SW,SSW,26.0,22.0,61.0,58.0,1013.7,1014.4,3.0,8.0,20.1,20.8,No,2.67,0.95,65.58536585365853,0.88,0.317,0.3865546218487395
1388,16.5,22.9,0.0,4.0,0.0,NNE,35.0,N,NNE,13.0,17.0,65.0,61.0,1017.4,1014.4,8.0,7.0,20.8,20.8,No,0.88,0.94,65.58536585365853,0.93,0.317,0.22767857142857142
1389,13.4,23.1,0.0,0.0,0.0,NNE,35.0,NE,NNE,11.0,22.0,63.0,66.0,1014.6,1012.5,8.0,0.0,18.6,21.0,Null,0.0,1.05,65.58536585365853,1.01,0.317,0.23684210526315788
1390,18.5,24.2,0.2,5.356814357823893,0.0,NNE,56.0,NNE,N,35.0,24.0,75.0,81.0,1011.2,1009.1,1.0,8.0,22.6,21.4,No,8.0,1.08,65.58536585365853,1.24,0.317,0.8018018018018018
1391,19.5,21.4,75.0,0.0,0.0,NNW,56.0,WNW,WSW,20.0,15.0,93.0,96.0,1009.0,1008.3,8.0,8.0,21.3,20.0,Yes,1.0,1.03,65.58536585365853,1.46,0.317,0.9321739130434783
1392,17.7,22.0,8.4,3.2,0.0,WSW,48.0,SW,WSW,26.0,28.0,68.0,57.0,1013.7,1012.3,0.0,3.0,20.6,20.9,Yes,0.0,0.84,65.58536585365853,0.87,0.317,0.3741496598639456
1394,14.2,20.9,1.2,8.6,0.0,SSW,61.0,S,SSE,31.0,28.0,59.0,58.0,1017.7,1016.9,7.0,8.0,17.8,20.3,Yes,1.14,0.98,65.58536585365853,0.88,0.317,0.3741496598639456
1398,18.6,23.4,0.0,7.6,0.0,E,54.0,E,E,28.0,31.0,68.0,72.0,1023.2,1020.0,8.0,8.0,21.7,20.9,No,1.0,1.06,65.58536585365853,1.1,0.317,0.4896907216494845
1399,18.5,22.5,0.0,4.2,0.0,ENE,54.0,ENE,NE,28.0,30.0,71.0,76.0,1020.0,1016.8,8.0,7.0,21.2,20.9,No,0.88,1.07,65.58536585365853,1.16,0.317,0.4563106796116505
1400,18.8,23.1,1.8,4.6,0.0,N,50.0,NE,NNE,28.0,24.0,84.0,83.0,1014.2,1011.7,8.0,7.0,21.3,22.3,Yes,0.88,0.99,65.58536585365853,1.27,0.317,0.8018018018018018
1402,17.0,22.5,33.6,5.356814357823893,0.0,SSE,33.0,S,SSE,17.0,17.0,72.0,71.0,1016.5,1015.4,8.0,1.0,21.1,22.0,Yes,0.12,0.99,65.58536585365853,1.08,0.317,0.23684210526315788
1404,17.8,23.4,0.0,11.4,0.0,E,43.0,E,E,22.0,24.0,67.0,70.0,1012.9,1011.7,5.0,4.0,22.6,21.5,No,0.8,1.04,65.58536585365853,1.07,0.317,0.3865546218487395
1410,16.0,23.2,0.0,5.4,0.0,NNE,28.0,NNE,N,11.0,17.0,64.0,66.0,1017.7,1015.4,8.0,8.0,21.4,22.4,No,1.0,1.03,65.58536585365853,1.01,0.317,0.22767857142857142
1411,19.4,24.5,0.0,5.6,0.0,W,41.0,W,WNW,24.0,22.0,78.0,82.0,1012.8,1010.7,8.0,8.0,22.2,22.3,No,1.0,1.05,65.58536585365853,1.25,0.317,0.5
1415,15.0,22.8,0.0,7.0,0.0,SSE,31.0,ESE,SE,15.0,17.0,56.0,61.0,1021.0,1019.0,1.0,8.0,22.1,20.8,No,8.0,1.09,65.58536585365853,0.93,0.317,0.22767857142857142
1416,15.7,24.3,0.0,6.2,0.0,ENE,30.0,ENE,ESE,17.0,15.0,53.0,61.0,1019.0,1017.9,6.0,7.0,22.4,21.6,No,1.17,1.15,65.58536585365853,0.93,0.317,0.22767857142857142
1419,19.8,24.1,0.4,6.4,0.0,E,48.0,E,E,26.0,26.0,74.0,81.0,1015.9,1015.0,8.0,8.0,22.6,22.8,No,1.0,1.09,65.58536585365853,1.24,0.317,0.8018018018018018
1420,19.6,24.7,1.8,3.8,0.0,E,35.0,ESE,E,19.0,19.0,74.0,69.0,1015.7,1013.8,8.0,8.0,23.0,23.2,Yes,1.0,0.93,65.58536585365853,1.05,0.317,0.23684210526315788
1425,3.5,15.9,0.0,0.0,0.0,NW,33.0,0,SSW,0.0,4.0,98.0,82.0,0.0,0.0,0.0,0.0,8.0,15.4,Null,0.0,0.84,44.44134078212291,1.85,0.156,0.7218543046357616
1426,7.9,17.3,0.0,0.0,0.0,W,46.0,WNW,W,9.0,20.0,55.0,50.0,0.0,0.0,0.0,0.0,13.5,15.8,No,0.0,0.91,44.44134078212291,1.13,0.156,0.36585365853658536
1427,13.5,18.5,0.0,0.0,0.0,SW,44.0,SSW,SSW,15.0,15.0,77.0,77.0,0.0,0.0,0.0,0.0,15.4,15.8,No,0.0,1.0,44.44134078212291,1.73,0.156,0.437125748502994
1428,12.5,16.9,0.8,0.0,0.0,SW,26.0,SSW,SSW,7.0,6.0,94.0,94.0,0.0,0.0,0.0,0.0,13.3,13.1,No,0.0,1.0,44.44134078212291,2.12,0.156,0.8900523560209425
1429,10.0,17.8,0.0,0.0,0.0,NNE,19.0,0,NE,0.0,13.0,98.0,70.0,0.0,0.0,0.0,0.0,13.3,17.2,Null,0.0,0.71,44.44134078212291,1.58,0.156,0.3484848484848485
1430,10.7,19.3,0.0,0.0,0.0,NNW,56.0,NNE,NNW,11.0,24.0,91.0,61.0,0.0,0.0,0.0,0.0,12.7,18.3,No,0.0,0.67,44.44134078212291,1.37,0.156,0.36585365853658536
1436,6.4,19.3,0.0,0.0,0.0,ESE,15.0,E,N,2.0,7.0,98.0,72.0,0.0,0.0,0.0,0.0,13.2,18.8,No,0.0,0.73,44.44134078212291,1.62,0.156,0.437125748502994
1437,9.4,24.3,0.0,0.0,0.0,NNE,19.0,S,NNE,4.0,2.0,98.0,62.0,0.0,0.0,0.0,0.0,13.5,23.0,Null,0.0,0.63,44.44134078212291,1.4,0.156,0.22748815165876776
1438,13.5,16.6,23.8,0.0,0.0,SSW,30.0,SSW,0,7.0,0.0,98.0,98.0,0.0,0.0,0.0,0.0,15.8,16.5,Yes,0.0,1.0,44.44134078212291,2.21,0.156,0.8900523560209425
1439,13.2,20.8,17.2,0.0,0.0,SSW,15.0,S,NW,4.0,2.0,95.0,70.0,0.0,0.0,0.0,0.0,15.5,20.2,Yes,0.0,0.74,44.44134078212291,1.58,0.156,0.3484848484848485
1440,10.0,25.5,0.2,0.0,0.0,NW,61.0,N,NW,4.0,22.0,98.0,55.0,0.0,0.0,0.0,0.0,15.6,24.5,No,0.0,0.56,44.44134078212291,1.24,0.156,0.6691176470588235
1441,13.9,16.5,2.4,0.0,0.0,W,70.0,W,WNW,33.0,24.0,43.0,38.0,0.0,0.0,0.0,0.0,14.2,16.1,Yes,0.0,0.88,44.44134078212291,0.86,0.156,0.21656050955414013
1450,7.6,14.9,0.0,0.0,0.0,SW,11.0,0,WSW,0.0,4.0,86.0,75.0,0.0,0.0,0.0,0.0,11.1,14.4,No,0.0,0.87,44.44134078212291,1.69,0.156,0.437125748502994
1451,9.0,14.6,0.0,0.0,0.0,SSW,35.0,0,SSW,0.0,15.0,98.0,97.0,0.0,0.0,0.0,0.0,11.0,10.2,No,0.0,0.99,44.44134078212291,2.18,0.156,0.6296296296296297
1452,9.3,14.9,17.2,0.0,0.0,SSW,39.0,SSW,S,19.0,20.0,75.0,60.0,0.0,0.0,0.0,0.0,12.0,14.7,Yes,0.0,0.8,44.44134078212291,1.35,0.156,0.23722627737226276
1453,10.7,17.0,0.4,0.0,0.0,S,46.0,SSW,S,15.0,15.0,79.0,81.0,0.0,0.0,0.0,0.0,11.4,13.0,No,0.0,1.03,44.44134078212291,1.82,0.156,0.7218543046357616
1454,9.8,16.8,2.0,0.0,0.0,SW,24.0,SSW,E,11.0,4.0,77.0,75.0,0.0,0.0,0.0,0.0,12.5,14.7,Yes,0.0,0.97,44.44134078212291,1.69,0.156,0.437125748502994
1471,6.7,13.5,0.0,0.0,0.0,W,35.0,N,W,4.0,7.0,81.0,83.0,0.0,0.0,0.0,0.0,9.7,10.3,No,0.0,1.02,44.44134078212291,1.87,0.156,0.7218543046357616
1473,10.8,12.6,0.4,0.0,0.0,WSW,44.0,SW,SSW,6.0,15.0,92.0,98.0,0.0,0.0,0.0,0.0,11.9,11.9,No,0.0,1.07,44.44134078212291,2.21,0.156,0.8900523560209425
1480,11.2,23.6,0.0,0.0,0.0,NNW,46.0,NNE,N,9.0,19.0,86.0,50.0,0.0,0.0,0.0,0.0,15.2,22.7,No,0.0,0.58,44.44134078212291,1.13,0.156,0.36585365853658536
1482,13.3,16.9,10.6,0.0,0.0,N,13.0,SSE,SSW,4.0,2.0,98.0,98.0,0.0,0.0,0.0,0.0,13.7,14.8,Yes,0.0,1.0,44.44134078212291,2.21,0.156,0.8900523560209425
1483,12.9,19.7,15.8,0.0,0.0,NW,56.0,WNW,W,26.0,30.0,62.0,49.0,0.0,0.0,0.0,0.0,16.8,18.6,Yes,0.0,0.79,44.44134078212291,1.1,0.156,0.21568627450980393
1490,13.0,21.9,3.6,0.0,0.0,NW,52.0,NNE,WNW,13.0,28.0,66.0,40.0,0.0,0.0,0.0,0.0,17.3,20.4,Yes,0.0,0.61,44.44134078212291,0.9,0.156,0.21656050955414013
1494,14.2,24.2,2.4,0.0,0.0,NNW,41.0,ENE,NNW,4.0,19.0,98.0,59.0,0.0,0.0,0.0,0.0,15.6,23.2,Yes,0.0,0.6,44.44134078212291,1.33,0.156,0.22748815165876776
1498,11.3,17.8,0.0,0.0,0.0,S,15.0,0,E,0.0,4.0,80.0,98.0,0.0,0.0,0.0,0.0,14.0,12.9,No,0.0,1.23,44.44134078212291,2.21,0.156,0.6990291262135923
1501,12.1,19.6,0.0,0.0,0.0,NNE,26.0,NNE,N,4.0,11.0,71.0,88.0,0.0,0.0,0.0,0.0,15.9,16.9,No,0.0,1.24,44.44134078212291,1.98,0.156,0.6990291262135923
1502,9.7,20.4,1.2,0.0,0.0,SW,37.0,SE,W,6.0,20.0,71.0,51.0,0.0,0.0,0.0,0.0,17.6,18.9,Yes,0.0,0.72,44.44134078212291,1.15,0.156,0.23722627737226276
1503,14.4,23.3,0.0,0.0,0.0,SSW,43.0,SSW,S,24.0,13.0,49.0,47.0,0.0,0.0,0.0,0.0,19.1,21.8,No,0.0,0.96,44.44134078212291,1.06,0.156,0.36585365853658536
1509,9.7,22.1,1.8,0.0,0.0,WNW,56.0,SSE,NNW,2.0,28.0,98.0,41.0,0.0,0.0,0.0,0.0,11.3,21.7,Yes,0.0,0.42,44.44134078212291,0.92,0.156,0.21656050955414013
1527,18.6,20.0,0.0,0.0,0.0,NNW,43.0,WSW,WNW,15.0,9.0,61.0,52.0,0.0,0.0,0.0,0.0,18.9,17.3,No,0.0,0.85,44.44134078212291,1.17,0.156,0.36585365853658536
1531,11.1,30.2,0.0,0.0,0.0,NW,63.0,ENE,N,4.0,20.0,73.0,30.0,0.0,0.0,0.0,0.0,16.7,28.6,No,0.0,0.41,44.44134078212291,0.68,0.156,0.5476190476190477
1532,16.6,21.7,7.4,0.0,0.0,WSW,43.0,NW,SE,4.0,11.0,98.0,72.0,0.0,0.0,0.0,0.0,17.5,19.8,Yes,0.0,0.73,44.44134078212291,1.62,0.156,0.640074211502783
1538,13.4,19.1,2.0,0.0,0.0,SW,19.0,SSW,0,6.0,0.0,97.0,69.0,0.0,0.0,0.0,0.0,13.8,18.7,Yes,0.0,0.71,44.44134078212291,1.55,0.156,0.3484848484848485
1539,13.8,25.3,0.0,0.0,0.0,N,20.0,N,0,7.0,0.0,86.0,81.0,0.0,0.0,0.0,0.0,17.5,20.8,No,0.0,0.94,44.44134078212291,1.82,0.156,0.7218543046357616
1540,16.7,28.7,1.6,0.0,0.0,NNW,44.0,NW,N,6.0,22.0,85.0,47.0,0.0,0.0,0.0,0.0,21.0,28.2,Yes,0.0,0.55,44.44134078212291,1.06,0.156,0.22748815165876776
1546,17.1,25.9,0.0,0.0,0.0,WSW,61.0,W,WSW,33.0,22.0,14.0,18.0,0.0,0.0,0.0,0.0,24.1,25.5,No,0.0,1.29,44.44134078212291,0.41,0.156,0.2184873949579832
1550,17.6,24.3,1.2,0.0,0.0,SSE,22.0,E,SE,2.0,13.0,80.0,68.0,0.0,0.0,0.0,0.0,19.3,22.1,Yes,0.0,0.85,44.44134078212291,1.53,0.156,0.45652173913043476
1552,18.2,35.6,10.0,0.0,0.0,W,70.0,N,W,13.0,22.0,93.0,29.0,0.0,0.0,0.0,0.0,20.1,34.8,Yes,0.0,0.31,44.44134078212291,0.65,0.156,0.21656050955414013
1553,14.4,29.5,0.2,0.0,0.0,WNW,70.0,ESE,W,4.0,35.0,38.0,24.0,0.0,0.0,0.0,0.0,24.0,27.1,No,0.0,0.63,44.44134078212291,0.54,0.156,0.5476190476190477
1560,18.1,29.3,1.8,0.0,0.0,NE,20.0,NNE,NNW,9.0,6.0,86.0,46.0,0.0,0.0,0.0,0.0,19.7,28.4,Yes,0.0,0.53,44.44134078212291,1.04,0.156,0.22748815165876776
1561,18.1,33.5,0.0,0.0,0.0,WNW,41.0,SW,WNW,6.0,26.0,71.0,47.0,0.0,0.0,0.0,0.0,23.1,27.0,No,0.0,0.66,44.44134078212291,1.06,0.156,0.36585365853658536
1572,16.7,37.2,0.0,0.0,0.0,W,59.0,SSE,SW,4.0,24.0,47.0,18.0,0.0,0.0,0.0,0.0,24.9,35.7,No,0.0,0.38,44.44134078212291,0.41,0.156,0.2184873949579832
1576,21.2,26.0,3.8,0.0,0.0,WSW,22.0,SE,WSW,6.0,2.0,73.0,90.0,0.0,0.0,0.0,0.0,23.6,23.2,Yes,0.0,1.23,44.44134078212291,2.03,0.156,0.8900523560209425
1577,17.0,28.3,6.8,0.0,0.0,ENE,30.0,S,E,6.0,15.0,76.0,54.0,0.0,0.0,0.0,0.0,21.6,26.1,Yes,0.0,0.71,44.44134078212291,1.22,0.156,0.23722627737226276
1583,21.8,36.9,0.0,0.0,0.0,NW,59.0,NW,SW,31.0,11.0,21.0,22.0,0.0,0.0,0.0,0.0,35.1,34.5,Null,0.0,1.05,44.44134078212291,0.5,0.156,0.21656050955414013
1584,16.9,18.0,6.2,0.0,0.0,SSE,28.0,S,S,9.0,11.0,98.0,90.0,0.0,0.0,0.0,0.0,17.1,17.6,Yes,0.0,0.92,44.44134078212291,2.03,0.156,0.8609271523178808
1585,16.0,25.8,19.4,0.0,0.0,NNE,19.0,SW,NNW,9.0,4.0,98.0,91.0,0.0,0.0,0.0,0.0,17.4,20.0,Yes,0.0,0.93,44.44134078212291,2.05,0.156,0.8609271523178808
1590,19.3,32.3,0.0,0.0,0.0,ESE,41.0,SSW,SE,4.0,22.0,71.0,48.0,0.0,0.0,0.0,0.0,22.4,28.3,No,0.0,0.68,44.44134078212291,1.08,0.156,0.36585365853658536
1593,17.9,30.2,0.0,0.0,0.0,N,63.0,SSE,S,4.0,9.0,68.0,47.0,0.0,0.0,0.0,0.0,23.6,29.7,No,0.0,0.69,44.44134078212291,1.06,0.156,0.6691176470588235
1606,7.5,17.7,0.4,1.4,0.0,W,50.0,WNW,W,11.0,22.0,54.0,51.0,1005.3,1004.0,4.0,8.0,14.0,15.8,No,2.0,0.94,44.76086956521739,1.14,0.179,0.5362318840579711
1607,11.8,18.8,0.0,3.1,0.0,SW,44.0,SSW,S,17.0,20.0,83.0,70.0,1016.1,1016.7,8.0,8.0,14.8,17.0,No,1.0,0.84,44.76086956521739,1.56,0.179,0.31208053691275167
1608,11.9,16.7,3.6,1.7,0.0,SE,24.0,WSW,SSE,6.0,11.0,98.0,98.0,1020.3,1018.5,8.0,8.0,12.9,13.7,Yes,1.0,1.0,44.76086956521739,2.19,0.179,0.8900523560209425
1610,9.9,18.0,0.2,0.0,0.0,NE,22.0,NNE,NE,6.0,17.0,92.0,65.0,1025.3,1020.5,1.0,0.0,13.1,17.4,No,0.0,0.71,44.76086956521739,1.45,0.179,0.2891566265060241
1611,10.6,19.4,0.0,4.0,0.0,NNW,54.0,NNE,N,17.0,24.0,86.0,59.0,1015.2,1010.5,8.0,7.0,13.1,18.5,No,0.88,0.69,44.76086956521739,1.32,0.179,0.5362318840579711
1619,8.7,25.2,0.0,2.0,0.0,NE,20.0,SW,ENE,6.0,11.0,95.0,60.0,1021.8,1018.8,0.0,8.0,13.9,23.4,No,0.0,0.63,44.76086956521739,1.34,0.179,0.22767857142857142
1620,13.9,16.4,24.4,0.6,0.0,SSW,30.0,S,SW,9.0,6.0,99.0,98.0,1019.8,1018.6,8.0,7.0,16.2,16.2,Yes,0.88,0.99,44.76086956521739,2.19,0.179,0.8900523560209425
1621,14.1,19.3,16.8,0.6,0.0,SW,19.0,SW,NE,7.0,9.0,98.0,73.0,1020.2,1015.6,8.0,0.0,14.7,19.1,Yes,0.0,0.74,44.76086956521739,1.63,0.179,0.4205607476635514
1622,8.5,25.7,0.2,1.1,0.0,NW,57.0,NNE,NW,22.0,33.0,75.0,48.0,1008.9,1001.3,1.0,0.0,18.8,25.5,No,0.0,0.64,44.76086956521739,1.07,0.179,0.36585365853658536
1623,13.9,17.2,1.2,0.0,0.0,W,76.0,W,WNW,24.0,28.0,41.0,41.0,1005.1,1005.2,0.0,0.0,14.7,16.3,Yes,0.0,1.0,44.76086956521739,0.92,0.179,0.21656050955414013
1632,5.5,15.5,0.0,1.1,0.0,ESE,13.0,NE,SW,6.0,7.0,91.0,70.0,1017.5,1013.0,7.0,7.0,10.1,15.1,No,1.0,0.77,44.76086956521739,1.56,0.179,0.22767857142857142
1633,7.9,15.5,0.4,0.3,0.0,SSW,33.0,SSE,SSW,2.0,17.0,99.0,98.0,1014.0,1014.4,1.0,8.0,9.8,10.3,No,8.0,0.99,44.76086956521739,2.19,0.179,0.8900523560209425
1634,9.0,14.0,14.4,0.2,0.0,SSW,48.0,S,S,13.0,17.0,86.0,77.0,1018.9,1018.5,8.0,7.0,11.1,13.5,Yes,0.88,0.9,44.76086956521739,1.72,0.179,0.7555555555555555
1635,9.8,16.6,4.6,1.5,0.0,SE,50.0,SSW,SSE,19.0,20.0,89.0,81.0,1024.9,1025.5,8.0,8.0,10.9,14.0,Yes,1.0,0.91,44.76086956521739,1.81,0.179,0.7555555555555555
1636,8.0,15.8,6.8,1.2,0.0,ESE,26.0,0,SE,0.0,9.0,89.0,73.0,1031.1,1028.2,8.0,8.0,10.8,14.5,Yes,1.0,0.82,44.76086956521739,1.63,0.179,0.3674698795180723
1653,5.2,12.7,0.0,10.8,0.0,WSW,26.0,N,E,6.0,6.0,91.0,86.0,1017.5,1015.2,0.0,8.0,8.6,11.3,No,0.0,0.95,44.76086956521739,1.92,0.179,0.5209580838323353
1655,9.4,12.6,0.6,1.6,0.0,SSW,37.0,WSW,SSW,11.0,17.0,98.0,98.0,1013.8,1007.4,8.0,8.0,11.3,11.9,No,1.0,1.0,44.76086956521739,2.19,0.179,0.8900523560209425
1662,10.9,24.1,0.0,1.6,0.0,NNW,46.0,NE,N,15.0,28.0,75.0,59.0,1018.7,1014.3,1.0,4.0,17.1,21.8,No,4.0,0.79,44.76086956521739,1.32,0.179,0.56
1664,13.3,17.8,13.2,2.0,0.0,W,17.0,S,W,6.0,6.0,99.0,98.0,1011.7,1006.2,8.0,8.0,13.7,14.6,Yes,1.0,0.99,44.76086956521739,2.19,0.179,0.8900523560209425
1665,13.1,18.6,17.4,0.0,0.0,WNW,67.0,WNW,WNW,26.0,28.0,57.0,52.0,999.9,1006.8,6.0,7.0,17.4,17.4,Yes,1.17,0.91,44.76086956521739,1.16,0.179,0.3986013986013986
1676,14.2,25.5,2.6,0.8,0.0,NNW,44.0,NNE,NW,9.0,26.0,98.0,52.0,1013.7,1008.2,4.0,0.0,16.6,23.3,Yes,0.0,0.53,44.76086956521739,1.16,0.179,0.22748815165876776
1680,10.4,17.5,0.0,0.0,0.0,ENE,22.0,N,SE,6.0,9.0,88.0,98.0,1012.9,1005.5,4.0,8.0,12.9,13.1,No,2.0,1.11,44.76086956521739,2.19,0.179,0.87248322147651
1681,9.1,21.7,17.8,8.0,0.0,WSW,41.0,W,W,24.0,22.0,58.0,38.0,1009.5,1008.3,0.0,0.0,17.5,20.9,Yes,0.0,0.66,44.76086956521739,0.85,0.179,0.23722627737226276
1683,11.4,19.7,0.0,2.3,0.0,N,30.0,NNE,N,9.0,15.0,67.0,80.0,1012.5,1007.3,0.0,8.0,16.1,16.9,No,0.0,1.19,44.76086956521739,1.79,0.179,0.7218543046357616
1684,8.2,21.2,0.0,2.1,0.0,WNW,46.0,SSW,W,7.0,26.0,60.0,51.0,1007.1,1006.7,0.0,8.0,18.8,18.4,No,0.0,0.85,44.76086956521739,1.14,0.179,0.5362318840579711
1685,11.1,22.3,0.2,4.0,0.0,SSW,48.0,S,SSE,24.0,19.0,51.0,48.0,1012.1,1010.1,8.0,8.0,18.4,21.6,No,1.0,0.94,44.76086956521739,1.07,0.179,0.5362318840579711
1688,6.8,21.8,0.0,9.2,0.0,W,48.0,NE,WSW,9.0,9.0,70.0,37.0,1013.3,1008.2,0.0,0.0,14.5,20.9,No,0.0,0.53,44.76086956521739,0.83,0.179,0.3586206896551724
1691,7.4,22.3,1.2,3.6,0.0,WNW,57.0,0,NNW,0.0,24.0,95.0,47.0,1000.7,993.4,0.0,1.0,11.1,21.6,Yes,0.0,0.49,44.76086956521739,1.05,0.179,0.544973544973545
1692,11.0,19.5,0.4,3.0,0.0,NNW,57.0,NNW,NNW,26.0,31.0,43.0,50.0,998.8,999.1,1.0,0.0,17.5,16.0,No,0.0,1.16,44.76086956521739,1.12,0.179,0.36585365853658536
1702,11.8,34.0,0.0,5.356814357823893,0.0,NW,65.0,NE,WSW,26.0,24.0,47.0,28.0,1007.2,1003.7,0.0,0.0,24.2,32.1,No,0.0,0.6,44.76086956521739,0.63,0.179,0.5476190476190477
1709,18.7,19.8,0.0,5.356814357823893,0.0,WSW,52.0,W,N,31.0,15.0,62.0,86.0,1006.2,1008.1,8.0,5.0,18.8,14.8,No,0.62,1.39,44.76086956521739,1.92,0.179,0.9321739130434783
1714,15.8,22.6,7.4,0.0,0.0,WSW,50.0,NNW,SE,9.0,15.0,99.0,67.0,1010.2,1009.3,8.0,1.0,17.3,20.6,Yes,0.12,0.68,44.76086956521739,1.5,0.179,0.7596899224806202
1720,13.2,19.0,3.4,4.2,0.0,SSW,20.0,SSW,NE,11.0,7.0,97.0,72.0,1021.2,1018.4,8.0,8.0,13.6,17.9,Yes,1.0,0.74,44.76086956521739,1.61,0.179,0.64
1728,15.8,25.8,0.0,0.0,0.0,W,65.0,W,WNW,30.0,30.0,23.0,21.0,1003.9,1006.2,0.0,0.0,24.8,24.5,No,0.0,0.91,44.76086956521739,0.47,0.179,0.2184873949579832
1732,18.0,26.0,3.8,3.0,0.0,SE,35.0,ESE,SE,11.0,22.0,86.0,66.0,1013.1,1008.7,8.0,8.0,19.1,22.7,Yes,1.0,0.77,44.76086956521739,1.47,0.179,0.23684210526315788
1733,14.6,31.0,6.8,2.4,0.0,WSW,39.0,WSW,E,6.0,7.0,90.0,42.0,1009.4,1005.4,7.0,1.0,18.3,28.6,Yes,0.14,0.47,44.76086956521739,0.94,0.179,0.22748815165876776
1735,17.8,35.1,21.6,0.0,0.0,W,59.0,N,W,19.0,33.0,87.0,32.0,1002.7,996.8,1.0,1.0,19.9,34.4,Yes,1.0,0.37,44.76086956521739,0.71,0.179,0.21656050955414013
1736,13.3,30.0,0.2,0.0,0.0,WNW,69.0,ESE,W,7.0,41.0,52.0,26.0,998.4,996.2,0.0,1.0,22.9,27.5,No,0.0,0.5,44.76086956521739,0.58,0.179,0.5476190476190477
1737,16.5,26.4,0.0,5.356814357823893,0.0,W,63.0,WSW,SW,22.0,15.0,45.0,30.0,1002.3,1003.2,7.0,5.0,21.3,24.0,No,0.71,0.67,44.76086956521739,0.67,0.179,0.5476190476190477
1743,18.0,30.0,1.8,0.0,0.0,NE,28.0,N,ENE,9.0,13.0,83.0,47.0,1021.5,1017.0,7.0,0.0,19.9,28.8,Yes,0.0,0.57,44.76086956521739,1.05,0.179,0.22748815165876776
1746,18.1,35.2,0.0,6.2,0.0,NW,46.0,WNW,S,6.0,20.0,68.0,30.0,1010.0,1006.1,0.0,5.0,23.0,31.7,No,0.0,0.44,44.76086956521739,0.67,0.179,0.3586206896551724
1751,19.8,31.0,0.0,5.356814357823893,0.0,SE,28.0,NE,N,9.0,11.0,67.0,61.0,1014.7,1009.4,0.0,5.0,23.7,25.1,No,0.0,0.91,44.76086956521739,1.36,0.179,0.31519274376417233
1752,17.3,29.2,1.8,4.2,0.0,SSE,39.0,N,SSE,7.0,26.0,82.0,48.0,1011.8,1009.1,8.0,0.0,21.4,27.1,Yes,0.0,0.59,44.76086956521739,1.07,0.179,0.22748815165876776
1753,18.1,29.6,0.2,6.8,0.0,WNW,37.0,NE,ENE,11.0,17.0,69.0,45.0,1012.3,1006.7,7.0,4.0,21.1,27.6,No,0.57,0.65,44.76086956521739,1.01,0.179,0.31519274376417233
1759,20.7,25.4,1.2,5.6,0.0,SSW,19.0,S,S,2.0,9.0,82.0,75.0,1011.9,1010.6,8.0,8.0,22.5,24.8,Yes,1.0,0.91,44.76086956521739,1.68,0.179,0.437125748502994
1761,17.1,37.6,0.2,5.8,0.0,WNW,56.0,ENE,NNW,11.0,19.0,71.0,29.0,1008.3,998.1,0.0,3.0,23.2,35.7,No,0.0,0.41,44.76086956521739,0.65,0.179,0.3586206896551724
1766,17.6,39.6,0.0,7.0,0.0,W,63.0,ENE,WNW,7.0,24.0,50.0,17.0,1015.3,1010.6,0.0,1.0,28.4,38.3,No,0.0,0.34,44.76086956521739,0.38,0.179,0.2184873949579832
1768,17.1,18.5,6.0,6.8,0.0,SE,31.0,SSE,S,13.0,13.0,99.0,88.0,1017.2,1017.4,8.0,8.0,17.5,17.8,Yes,1.0,0.89,44.76086956521739,1.97,0.179,0.7237569060773481
1769,16.2,26.1,23.4,3.8,0.0,NNE,28.0,SW,N,9.0,7.0,99.0,88.0,1013.5,1009.6,8.0,8.0,17.5,19.8,Yes,1.0,0.89,44.76086956521739,1.97,0.179,0.8609271523178808
1771,18.4,23.6,0.2,0.0,0.0,SE,37.0,SE,SE,17.0,22.0,64.0,57.0,1018.7,1018.9,8.0,8.0,19.6,21.1,No,1.0,0.89,44.76086956521739,1.27,0.179,0.31208053691275167
1773,13.0,36.9,0.0,6.0,0.0,WSW,44.0,N,WSW,6.0,24.0,73.0,22.0,1010.4,1004.1,0.0,0.0,19.4,36.1,No,0.0,0.3,44.76086956521739,0.49,0.179,0.3586206896551724
1774,18.7,31.5,0.0,10.0,0.0,SE,46.0,SE,ESE,7.0,31.0,72.0,50.0,1012.2,1010.2,3.0,0.0,22.6,28.3,No,0.0,0.69,44.76086956521739,1.12,0.179,0.36585365853658536
1778,16.4,30.9,9.6,0.0,0.0,ENE,31.0,SE,S,6.0,6.0,81.0,49.0,1017.0,1014.3,1.0,0.0,21.9,29.7,Yes,0.0,0.6,44.76086956521739,1.09,0.179,0.22748815165876776
1779,17.9,35.2,0.0,5.356814357823893,0.0,ENE,44.0,NNE,N,7.0,19.0,75.0,35.0,1014.4,1009.6,0.0,0.0,23.7,34.6,No,0.0,0.47,44.76086956521739,0.78,0.179,0.3586206896551724
1788,6.4,15.6,0.0,3.4,7.5,W,22.0,WNW,SE,13.0,6.0,77.0,58.0,1020.8,1016.2,5.0,7.0,7.6,14.4,No,1.4,0.75,48.84239130434783,1.19,0.223,0.22767857142857142
1790,9.5,17.7,0.2,4.4,4.8,W,61.0,WNW,WSW,22.0,31.0,54.0,47.0,1004.0,1003.0,6.0,6.0,12.9,15.9,No,1.0,0.87,48.84239130434783,0.96,0.223,0.5620915032679739
1791,12.9,17.2,29.4,6.4,1.6,S,50.0,S,WSW,19.0,22.0,85.0,86.0,1015.4,1016.5,7.0,7.0,14.9,14.6,Yes,1.0,1.01,48.84239130434783,1.76,0.223,0.9321739130434783
1792,12.4,15.6,22.4,0.0,0.0,W,28.0,W,SSW,17.0,7.0,92.0,80.0,1019.8,1018.4,8.0,8.0,12.7,15.5,Yes,1.0,0.87,48.84239130434783,1.64,0.223,0.3674698795180723
1793,8.7,18.0,2.2,0.6,5.2,SW,30.0,WNW,S,20.0,13.0,88.0,64.0,1023.5,1022.4,3.0,5.0,10.5,16.4,Yes,1.67,0.73,48.84239130434783,1.31,0.223,0.22330097087378642
1794,10.5,17.9,1.0,1.8,7.3,W,30.0,WNW,E,13.0,15.0,90.0,69.0,1025.1,1021.3,3.0,3.0,11.9,16.7,No,1.0,0.77,48.84239130434783,1.41,0.223,0.2891566265060241
1795,11.8,18.6,0.0,3.2,0.3,NW,69.0,N,N,20.0,39.0,63.0,54.0,1015.2,1009.7,7.0,7.0,15.5,18.3,No,1.0,0.86,48.84239130434783,1.11,0.223,0.6691176470588235
1804,16.5,16.9,17.0,2.4,0.0,SW,35.0,S,WSW,9.0,13.0,91.0,90.0,1019.7,1018.4,8.0,8.0,16.7,16.2,Yes,1.0,0.99,48.84239130434783,1.84,0.223,0.8900523560209425
1805,13.9,19.3,20.4,1.8,2.6,W,31.0,W,NW,15.0,2.0,92.0,79.0,1019.9,1016.1,7.0,5.0,14.6,17.6,Yes,0.71,0.86,48.84239130434783,1.62,0.223,0.4205607476635514
1806,13.1,25.7,0.0,0.2,7.4,NNW,52.0,NNW,NW,30.0,30.0,66.0,44.0,1009.1,1001.0,6.0,4.0,19.3,25.1,No,0.67,0.67,48.84239130434783,0.9,0.223,0.2354948805460751
1817,11.5,15.8,0.4,1.0,0.9,SE,54.0,W,S,15.0,24.0,76.0,77.0,1013.7,1013.9,7.0,8.0,12.8,13.2,No,1.14,1.01,48.84239130434783,1.58,0.223,0.8018018018018018
1818,10.7,14.6,24.8,2.6,0.2,S,63.0,SE,SSE,31.0,24.0,77.0,89.0,1018.0,1017.7,8.0,8.0,13.6,12.6,Yes,1.0,1.16,48.84239130434783,1.82,0.223,0.9321739130434783
1819,10.8,18.1,61.0,9.4,0.0,SE,61.0,W,SSW,15.0,19.0,90.0,60.0,1024.3,1025.1,6.0,7.0,11.6,15.5,Yes,1.17,0.67,48.84239130434783,1.23,0.223,0.544973544973545
1820,9.7,16.2,4.0,3.2,2.7,SW,35.0,W,SSW,20.0,17.0,90.0,67.0,1030.4,1028.3,6.0,6.0,11.2,14.7,Yes,1.0,0.74,48.84239130434783,1.37,0.223,0.22330097087378642
1821,9.2,15.5,1.8,2.6,2.2,SSE,31.0,W,SE,17.0,7.0,78.0,71.0,1029.0,1026.8,7.0,7.0,10.8,14.7,Yes,1.0,0.91,48.84239130434783,1.45,0.223,0.22330097087378642
1837,9.5,13.8,0.0,3.0,0.2,W,35.0,WNW,W,15.0,24.0,66.0,67.0,1016.8,1015.0,7.0,7.0,11.4,12.2,No,1.0,1.02,48.84239130434783,1.37,0.223,0.22767857142857142
1839,11.8,14.7,2.4,3.2,0.0,S,43.0,SSE,ESE,11.0,9.0,79.0,90.0,1013.3,1007.5,8.0,8.0,13.4,13.7,Yes,1.0,1.14,48.84239130434783,1.84,0.223,0.8900523560209425
1848,14.5,18.0,14.4,6.2,0.0,NE,31.0,SSE,SSE,6.0,9.0,90.0,91.0,1011.6,1006.0,8.0,8.0,15.7,15.9,Yes,1.0,1.01,48.84239130434783,1.86,0.223,0.8900523560209425
1854,15.4,21.2,0.0,3.8,7.1,NE,41.0,N,NE,9.0,24.0,69.0,67.0,1029.7,1024.8,7.0,5.0,18.7,20.1,No,0.71,0.97,48.84239130434783,1.37,0.223,0.2396694214876033
1859,16.0,20.2,0.0,5.6,1.5,SSW,30.0,SSW,S,15.0,9.0,73.0,69.0,1021.4,1017.8,8.0,7.0,17.5,18.9,No,0.88,0.95,48.84239130434783,1.41,0.223,0.22767857142857142
1860,16.0,24.6,5.8,1.8,3.9,NNW,37.0,NNW,N,6.0,19.0,86.0,55.0,1014.1,1008.4,8.0,7.0,17.4,23.1,Yes,0.88,0.64,48.84239130434783,1.13,0.223,0.22748815165876776
1864,14.2,17.8,0.0,6.6,0.0,WSW,30.0,W,W,17.0,6.0,66.0,79.0,1012.6,1005.7,8.0,8.0,14.9,15.1,No,1.0,1.2,48.84239130434783,1.62,0.223,0.7218543046357616
1867,14.0,21.2,0.0,4.8,2.9,N,31.0,W,NE,9.0,15.0,61.0,78.0,1012.5,1007.5,7.0,8.0,16.0,16.8,No,1.14,1.28,48.84239130434783,1.6,0.223,0.437125748502994
1868,13.5,20.1,2.0,4.0,4.1,WSW,56.0,W,W,20.0,24.0,54.0,63.0,1006.9,1005.9,3.0,7.0,18.4,17.0,Yes,2.33,1.17,48.84239130434783,1.29,0.223,0.7596899224806202
1869,15.2,22.0,0.6,3.0,8.2,SSW,61.0,WSW,SSW,17.0,24.0,55.0,48.0,1011.7,1010.7,6.0,2.0,17.3,21.5,No,0.33,0.87,48.84239130434783,0.98,0.223,0.5620915032679739
1871,13.6,22.1,3.4,5.2,2.1,WSW,41.0,W,SE,15.0,15.0,74.0,75.0,1006.7,1006.1,7.0,7.0,15.5,16.3,Yes,1.0,1.01,48.84239130434783,1.54,0.223,0.640074211502783
1872,12.0,21.8,4.0,4.2,10.1,WSW,41.0,WSW,E,20.0,19.0,41.0,44.0,1013.0,1009.0,1.0,1.0,16.5,18.9,Yes,1.0,1.07,48.84239130434783,0.9,0.223,0.23722627737226276
1875,14.2,22.8,1.4,5.4,4.2,NW,56.0,NNE,N,11.0,22.0,76.0,50.0,1000.5,994.0,8.0,2.0,14.8,22.3,Yes,0.25,0.66,48.84239130434783,1.02,0.223,0.544973544973545
1876,12.3,20.1,0.4,7.2,8.6,NNW,67.0,NNW,NW,28.0,39.0,42.0,40.0,999.1,998.3,6.0,3.0,16.1,17.3,No,0.5,0.95,48.84239130434783,0.82,0.223,0.5620915032679739
1879,18.4,25.6,0.0,9.0,8.3,WSW,72.0,NNE,WNW,15.0,31.0,41.0,14.0,999.4,997.8,7.0,7.0,21.5,22.9,No,1.0,0.34,48.84239130434783,0.29,0.223,0.5620915032679739
1889,11.8,18.3,4.4,7.4,7.9,SSW,57.0,SSW,S,26.0,24.0,56.0,57.0,1021.2,1022.4,2.0,7.0,15.9,15.6,Yes,3.5,1.02,48.84239130434783,1.17,0.223,0.3986013986013986
1893,21.7,22.4,0.0,11.8,2.4,0,0.0,WNW,NNW,28.0,15.0,43.0,78.0,1005.8,1008.3,7.0,7.0,22.4,14.5,No,1.0,1.81,48.84239130434783,1.6,0.223,0.437125748502994
1898,16.1,18.0,11.8,8.4,4.1,WSW,57.0,SE,S,15.0,22.0,84.0,69.0,1010.0,1010.1,7.0,7.0,17.0,16.4,Yes,1.0,0.82,48.84239130434783,1.41,0.223,0.7596899224806202
1903,18.4,21.7,0.0,8.0,6.2,SE,41.0,SSE,SSE,20.0,26.0,65.0,63.0,1015.9,1015.7,4.0,7.0,20.8,19.9,No,1.75,0.97,48.84239130434783,1.29,0.223,0.31208053691275167
1905,15.3,24.3,3.2,1.6,7.9,NE,41.0,W,NE,13.0,20.0,86.0,66.0,1020.1,1017.7,6.0,5.0,18.3,22.0,Yes,0.83,0.77,48.84239130434783,1.35,0.223,0.23684210526315788
1906,18.2,25.5,0.2,7.0,4.6,NW,50.0,NE,ENE,9.0,11.0,65.0,61.0,1013.7,1006.5,7.0,8.0,23.0,25.3,No,1.14,0.94,48.84239130434783,1.25,0.223,0.5362318840579711
1915,21.2,28.3,0.0,11.0,4.1,S,54.0,SE,SSE,6.0,24.0,25.0,57.0,1007.3,1007.1,7.0,7.0,26.8,24.7,No,1.0,2.28,48.84239130434783,1.17,0.223,0.5362318840579711
1916,17.8,22.7,2.0,5.2,2.5,SSW,37.0,S,SSE,13.0,19.0,72.0,67.0,1013.3,1009.8,7.0,7.0,20.1,21.3,Yes,1.0,0.93,48.84239130434783,1.37,0.223,0.23684210526315788
1917,16.9,24.6,10.2,2.8,10.7,E,28.0,W,E,7.0,19.0,71.0,62.0,1009.4,1007.0,6.0,2.0,20.0,23.4,Yes,0.33,0.87,48.84239130434783,1.27,0.223,0.23722627737226276
1919,18.4,32.5,9.0,7.6,9.1,N,48.0,NNW,E,15.0,22.0,72.0,59.0,1002.5,996.9,7.0,3.0,22.1,26.4,Yes,0.43,0.82,48.84239130434783,1.21,0.223,0.3986013986013986
1921,17.4,24.4,0.0,5.356814357823893,7.0,WSW,56.0,W,SSE,33.0,28.0,40.0,52.0,1002.0,1004.5,3.0,7.0,20.5,20.3,No,2.33,1.3,48.84239130434783,1.06,0.223,0.5362318840579711
1926,19.3,24.8,0.0,8.6,3.7,SSE,44.0,SSE,SE,30.0,20.0,67.0,58.0,1018.3,1018.4,7.0,7.0,21.7,22.1,No,1.0,0.87,48.84239130434783,1.19,0.223,0.31208053691275167
1930,19.8,26.2,0.0,10.4,5.9,SE,44.0,WSW,SSE,7.0,24.0,69.0,72.0,1010.2,0.0,4.0,8.0,22.6,22.5,No,2.0,1.04,48.84239130434783,1.47,0.223,0.437125748502994
1934,19.6,23.5,0.0,9.8,1.7,SE,35.0,SE,ESE,19.0,22.0,71.0,66.0,1017.8,1016.9,7.0,7.0,20.5,21.6,No,1.0,0.93,48.84239130434783,1.35,0.223,0.22767857142857142
1936,19.3,25.3,0.0,7.8,7.0,SE,44.0,S,SE,22.0,20.0,65.0,57.0,1011.8,1010.8,7.0,6.0,22.4,24.1,No,0.86,0.88,48.84239130434783,1.17,0.223,0.31519274376417233
1937,18.2,25.2,0.0,6.4,4.4,NE,50.0,ESE,E,6.0,31.0,61.0,57.0,1012.4,1008.8,7.0,2.0,22.4,24.2,No,0.29,0.93,48.84239130434783,1.17,0.223,0.36585365853658536
1938,18.1,28.5,0.0,7.4,8.1,ENE,37.0,W,ENE,9.0,19.0,68.0,51.0,1008.0,1005.3,7.0,7.0,21.2,25.4,No,1.0,0.75,48.84239130434783,1.04,0.223,0.31519274376417233
1942,22.1,29.9,0.4,7.6,2.9,SSW,59.0,NE,E,13.0,17.0,71.0,65.0,1009.6,1005.9,7.0,7.0,26.1,27.1,No,1.0,0.92,48.84239130434783,1.33,0.223,0.6691176470588235
1943,20.4,23.6,3.2,7.0,0.0,S,33.0,W,NE,15.0,7.0,86.0,83.0,1012.4,1010.6,8.0,8.0,20.6,22.2,Yes,1.0,0.97,48.84239130434783,1.7,0.223,0.640074211502783
1944,18.6,25.1,7.8,1.4,9.3,SSW,37.0,SE,E,15.0,24.0,86.0,56.0,1015.2,1014.4,5.0,4.0,20.7,24.4,Yes,0.8,0.65,48.84239130434783,1.15,0.223,0.3755274261603376
1952,17.4,19.1,8.2,8.8,0.0,SSE,46.0,SE,SSE,17.0,15.0,88.0,81.0,1017.2,1017.4,8.0,8.0,17.7,17.7,Yes,1.0,0.92,48.84239130434783,1.66,0.223,0.64
1953,17.2,25.4,32.6,1.0,0.0,ESE,30.0,SSE,ESE,17.0,4.0,89.0,86.0,1013.3,1009.3,8.0,8.0,18.8,20.2,Yes,1.0,0.97,48.84239130434783,1.76,0.223,0.8609271523178808
1957,16.7,27.1,0.0,7.0,12.0,SSW,48.0,E,ESE,4.0,20.0,52.0,52.0,1010.4,1005.3,2.0,3.0,22.8,26.9,No,1.5,1.0,48.84239130434783,1.06,0.223,0.36585365853658536
1962,19.1,27.4,1.6,4.6,12.8,NE,48.0,ESE,NE,4.0,26.0,64.0,55.0,1017.1,1015.5,3.0,3.0,23.9,26.8,Yes,1.0,0.86,48.84239130434783,1.13,0.223,0.3986013986013986
1968,24.1,30.0,0.0,8.2,4.8,SE,37.0,SSE,SE,17.0,24.0,57.0,62.0,1003.7,1003.4,6.0,7.0,27.7,26.4,No,1.17,1.09,48.84239130434783,1.27,0.223,0.31519274376417233
1974,9.7,18.4,0.2,4.4,4.8,WSW,69.0,NW,W,28.0,37.0,47.0,46.0,1003.9,1003.0,6.0,6.0,13.5,15.8,No,1.0,0.98,47.95108695652174,0.96,0.223,0.5620915032679739
1975,12.8,17.2,35.2,6.4,1.6,SW,69.0,S,SW,44.0,31.0,74.0,93.0,1014.9,1016.2,7.0,7.0,16.4,14.3,Yes,1.0,1.26,47.95108695652174,1.94,0.223,0.9321739130434783
1976,12.7,17.6,21.6,0.0,0.0,S,37.0,WNW,SSW,11.0,15.0,91.0,96.0,1019.7,1018.4,8.0,8.0,13.8,13.7,Yes,1.0,1.05,47.95108695652174,2.0,0.223,0.8900523560209425
1977,8.8,16.7,21.8,0.6,5.2,S,35.0,WSW,S,13.0,15.0,82.0,74.0,1023.3,1022.2,3.0,5.0,12.3,16.1,Yes,1.67,0.9,47.95108695652174,1.54,0.223,0.3674698795180723
1979,13.1,19.6,0.0,3.2,0.3,NW,65.0,NNW,NNW,28.0,39.0,62.0,44.0,1014.9,1009.7,7.0,7.0,16.0,19.3,No,1.0,0.71,47.95108695652174,0.92,0.223,0.5620915032679739
1980,11.5,21.4,0.0,1.2,7.8,WNW,65.0,NW,NW,20.0,44.0,41.0,12.0,1009.9,1006.8,6.0,7.0,17.0,19.6,No,1.17,0.29,47.95108695652174,0.25,0.223,0.5620915032679739
1984,7.0,17.4,0.0,1.8,4.7,SSW,30.0,NW,S,13.0,17.0,64.0,78.0,1033.2,1030.2,2.0,7.0,10.5,16.1,No,3.5,1.22,47.95108695652174,1.63,0.223,0.334841628959276
1988,15.9,16.8,11.2,2.4,0.0,SSE,54.0,S,SW,24.0,15.0,98.0,94.0,1019.7,1018.2,8.0,8.0,16.1,16.2,Yes,1.0,0.96,47.95108695652174,1.96,0.223,0.7237569060773481
1989,14.4,19.8,13.2,1.8,2.6,SW,39.0,WSW,SW,15.0,7.0,97.0,91.0,1019.7,1016.0,7.0,5.0,15.4,16.6,Yes,0.71,0.94,47.95108695652174,1.9,0.223,0.7237569060773481
1990,12.1,27.0,0.8,0.2,7.4,NW,59.0,N,NNW,24.0,31.0,64.0,42.0,1008.6,1000.5,6.0,4.0,19.6,26.6,No,0.67,0.66,47.95108695652174,0.88,0.223,0.5620915032679739
2001,11.5,15.2,1.0,1.0,0.9,SSW,57.0,W,SSW,15.0,35.0,73.0,86.0,1013.8,1013.9,7.0,8.0,13.7,12.6,No,1.14,1.18,47.95108695652174,1.79,0.223,0.9321739130434783
2002,10.5,15.0,16.0,2.6,0.2,S,74.0,S,S,28.0,30.0,84.0,86.0,1018.2,1017.8,8.0,8.0,13.4,13.3,Yes,1.0,1.02,47.95108695652174,1.79,0.223,0.9321739130434783
2003,11.0,17.2,42.0,9.4,0.0,S,70.0,SSE,SSE,41.0,31.0,58.0,61.0,1024.0,1025.3,6.0,7.0,14.9,14.9,Yes,1.17,1.05,47.95108695652174,1.27,0.223,0.3986013986013986
2004,10.1,14.5,7.0,3.2,2.7,SSW,46.0,WSW,SSW,22.0,30.0,91.0,79.0,1030.5,1028.2,6.0,6.0,11.5,13.8,Yes,1.0,0.87,47.95108695652174,1.65,0.223,0.3674698795180723
2005,9.3,15.4,3.6,2.6,2.2,SSW,37.0,NW,SSE,11.0,19.0,78.0,68.0,1028.9,1026.7,7.0,7.0,11.6,15.0,Yes,1.0,0.87,47.95108695652174,1.42,0.223,0.22330097087378642
2021,9.5,15.6,0.0,3.0,0.2,WSW,52.0,NW,WNW,11.0,20.0,57.0,72.0,1016.9,1015.2,7.0,7.0,12.6,12.1,No,1.0,1.26,47.95108695652174,1.5,0.223,0.8018018018018018
2022,8.2,16.1,2.4,0.6,6.8,SSW,48.0,WNW,SSW,20.0,31.0,62.0,66.0,1014.2,1013.4,1.0,7.0,13.5,14.9,Yes,7.0,1.06,47.95108695652174,1.38,0.223,0.7596899224806202
2023,12.2,14.5,3.6,3.2,0.0,S,61.0,SSW,SSE,24.0,13.0,83.0,96.0,1013.2,1007.8,8.0,8.0,13.1,13.1,Yes,1.0,1.16,47.95108695652174,2.0,0.223,0.9321739130434783
2024,9.0,17.1,53.0,5.2,6.7,WSW,48.0,WSW,S,30.0,22.0,69.0,51.0,1010.3,1010.5,7.0,3.0,11.3,15.0,Yes,0.43,0.74,47.95108695652174,1.06,0.223,0.3986013986013986
2032,14.5,19.1,11.6,6.2,0.0,NNE,37.0,S,S,17.0,19.0,98.0,97.0,1011.5,1006.1,8.0,8.0,15.4,15.4,Yes,1.0,0.99,47.95108695652174,2.02,0.223,0.8900523560209425
2043,16.1,19.4,0.0,5.6,1.5,SSW,39.0,SSW,S,20.0,17.0,80.0,78.0,1021.4,1017.9,8.0,7.0,16.9,18.0,No,0.88,0.97,47.95108695652174,1.63,0.223,0.334841628959276
2044,16.3,24.9,2.4,1.8,3.9,NNW,44.0,NNW,NNW,17.0,22.0,83.0,47.0,1013.9,1007.9,8.0,7.0,18.7,24.5,Yes,0.88,0.57,47.95108695652174,0.98,0.223,0.22748815165876776
2045,14.8,22.8,0.0,6.6,8.1,NW,69.0,NW,WNW,43.0,43.0,29.0,27.0,1009.2,1007.6,1.0,7.0,17.7,21.8,No,7.0,0.93,47.95108695652174,0.56,0.223,0.5620915032679739
2048,14.1,18.1,0.0,6.6,0.0,W,28.0,W,NNW,13.0,9.0,58.0,87.0,1012.4,1005.8,8.0,8.0,15.4,15.3,No,1.0,1.5,47.95108695652174,1.81,0.223,0.87248322147651
2051,14.3,22.3,0.0,4.8,2.9,N,35.0,NW,NNE,15.0,17.0,51.0,73.0,1012.4,1007.3,7.0,8.0,18.1,18.0,No,1.14,1.43,47.95108695652174,1.52,0.223,0.437125748502994
2052,12.8,19.7,1.0,4.0,4.1,WSW,52.0,WSW,W,20.0,24.0,55.0,64.0,1007.0,1006.0,3.0,7.0,17.5,17.3,No,2.33,1.16,47.95108695652174,1.33,0.223,0.5362318840579711
2053,14.4,19.3,1.4,3.0,8.2,SSW,67.0,SW,SSW,43.0,35.0,59.0,60.0,1011.4,1010.7,6.0,2.0,17.7,18.9,Yes,0.33,1.02,47.95108695652174,1.25,0.223,0.3986013986013986
2055,14.2,20.8,4.2,5.2,2.1,S,41.0,NW,SSW,13.0,28.0,64.0,69.0,1006.4,1006.2,7.0,7.0,17.9,16.6,Yes,1.0,1.08,47.95108695652174,1.44,0.223,0.45652173913043476
2056,11.9,19.2,5.6,4.2,10.1,SW,43.0,WSW,SE,24.0,20.0,45.0,48.0,1013.1,1009.0,1.0,1.0,15.3,18.4,Yes,1.0,1.07,47.95108695652174,1.0,0.223,0.23722627737226276
2059,12.5,23.5,2.2,5.4,4.2,NW,57.0,N,NNW,17.0,30.0,83.0,49.0,1000.6,993.6,8.0,2.0,15.1,22.6,Yes,0.25,0.59,47.95108695652174,1.02,0.223,0.544973544973545
2060,13.1,20.2,0.6,7.2,8.6,NW,63.0,NNW,NNW,31.0,41.0,35.0,36.0,998.9,997.8,6.0,3.0,17.2,17.0,No,0.5,1.03,47.95108695652174,0.75,0.223,0.5620915032679739
2063,17.9,27.0,0.0,9.0,8.3,WNW,80.0,NE,NW,22.0,44.0,41.0,8.0,999.1,997.9,7.0,7.0,22.0,23.3,No,1.0,0.2,47.95108695652174,0.17,0.223,0.5620915032679739
2068,18.2,19.6,0.0,10.0,7.4,S,65.0,S,S,35.0,39.0,74.0,62.0,1016.3,1017.8,6.0,5.0,19.5,18.0,No,0.83,0.84,47.95108695652174,1.29,0.223,0.31208053691275167
2070,17.1,34.3,0.0,8.4,6.6,WSW,76.0,N,SSW,26.0,30.0,31.0,24.0,1007.3,1004.5,6.0,7.0,26.8,31.8,No,1.17,0.77,47.95108695652174,0.5,0.223,0.5620915032679739
2073,12.3,17.2,6.0,7.4,7.9,SSW,65.0,SSW,SSE,37.0,43.0,64.0,80.0,1021.4,1022.4,2.0,7.0,13.9,14.1,Yes,3.5,1.25,47.95108695652174,1.67,0.223,0.7555555555555555
2077,18.7,19.3,0.0,11.8,2.4,W,50.0,WSW,NW,35.0,20.0,54.0,77.0,1006.3,1008.5,7.0,7.0,18.8,15.3,No,1.0,1.43,47.95108695652174,1.61,0.223,0.8018018018018018
2082,15.6,17.6,14.0,8.4,4.1,WSW,52.0,S,S,22.0,37.0,93.0,80.0,1009.7,1010.2,7.0,7.0,16.1,15.8,Yes,1.0,0.86,47.95108695652174,1.67,0.223,0.640074211502783
2083,10.1,16.9,1.4,4.8,10.4,SSW,67.0,SW,S,39.0,37.0,52.0,54.0,1018.2,1017.7,7.0,2.0,13.8,16.4,Yes,0.29,1.04,47.95108695652174,1.13,0.223,0.3986013986013986
2087,17.3,22.2,0.0,8.0,6.2,S,52.0,SSE,SSE,30.0,30.0,71.0,67.0,1015.7,1015.8,4.0,7.0,19.6,19.3,No,1.75,0.94,47.95108695652174,1.4,0.223,0.31208053691275167
2088,14.7,20.1,0.6,4.6,0.5,SSE,35.0,W,SE,11.0,9.0,72.0,58.0,1020.6,1018.5,8.0,8.0,16.6,18.5,No,1.0,0.81,47.95108695652174,1.21,0.223,0.22767857142857142
2089,16.3,25.5,4.2,1.6,7.9,NNE,48.0,NW,ENE,13.0,35.0,81.0,62.0,1019.9,1017.4,6.0,5.0,19.9,23.3,Yes,0.83,0.77,47.95108695652174,1.29,0.223,0.7596899224806202
2090,19.5,26.8,0.0,7.0,4.6,N,52.0,NNE,NE,17.0,26.0,65.0,57.0,1013.5,1006.0,7.0,8.0,23.1,26.3,No,1.14,0.88,47.95108695652174,1.19,0.223,0.5362318840579711
2099,18.6,22.4,0.0,11.0,4.1,S,61.0,S,SSE,22.0,30.0,56.0,84.0,1007.6,1007.5,7.0,7.0,22.1,20.0,No,1.0,1.5,47.95108695652174,1.75,0.223,0.9321739130434783
2100,17.0,20.5,2.8,5.2,2.5,S,46.0,SSW,SSE,20.0,19.0,84.0,82.0,1013.3,1010.1,7.0,7.0,18.9,19.0,Yes,1.0,0.98,47.95108695652174,1.71,0.223,0.640074211502783
2101,16.5,25.0,7.0,2.8,10.7,E,31.0,WSW,ENE,9.0,22.0,77.0,60.0,1009.4,1007.0,6.0,2.0,19.9,22.9,Yes,0.33,0.78,47.95108695652174,1.25,0.223,0.3755274261603376
2103,18.0,34.7,11.8,7.6,9.1,W,70.0,N,E,22.0,28.0,70.0,53.0,1002.1,996.7,7.0,3.0,22.5,28.4,Yes,0.43,0.76,47.95108695652174,1.11,0.223,0.3986013986013986
2105,17.4,22.8,0.0,5.356814357823893,7.0,S,63.0,WSW,SSE,30.0,39.0,42.0,63.0,1002.1,1004.5,3.0,7.0,20.4,19.1,No,2.33,1.5,47.95108695652174,1.31,0.223,0.6691176470588235
2110,18.7,22.9,0.0,8.6,3.7,S,57.0,S,SE,35.0,24.0,76.0,61.0,1018.2,1018.5,7.0,7.0,20.6,22.1,No,1.0,0.8,47.95108695652174,1.27,0.223,0.31208053691275167
2114,19.7,29.2,0.8,10.4,5.9,SSW,52.0,NNE,SSE,9.0,30.0,67.0,86.0,1010.1,1008.6,4.0,8.0,23.9,21.1,No,2.0,1.28,47.95108695652174,1.79,0.223,0.9321739130434783
2116,15.4,23.7,0.0,8.8,13.1,WSW,37.0,W,SE,24.0,26.0,30.0,57.0,1012.9,1012.6,4.0,2.0,20.9,22.5,No,0.5,1.9,47.95108695652174,1.19,0.223,0.3865546218487395
2118,18.8,24.4,0.0,9.8,1.7,E,37.0,SE,E,26.0,26.0,70.0,63.0,1017.9,1016.9,7.0,7.0,20.8,22.1,No,1.0,0.9,47.95108695652174,1.31,0.223,0.31208053691275167
2120,19.1,23.8,0.0,7.8,7.0,SSW,48.0,S,SSE,30.0,30.0,76.0,73.0,1011.8,1010.9,7.0,6.0,20.8,21.8,No,0.86,0.96,47.95108695652174,1.52,0.223,0.6176470588235294
2121,18.3,26.2,0.0,6.4,4.4,ENE,50.0,SSW,ENE,11.0,33.0,74.0,48.0,1012.4,1009.1,7.0,2.0,20.6,26.1,No,0.29,0.65,47.95108695652174,1.0,0.223,0.2354948805460751
2122,18.7,30.9,0.0,7.4,8.1,NE,46.0,WNW,NE,13.0,22.0,62.0,46.0,1007.9,1005.2,7.0,7.0,22.8,26.3,No,1.0,0.74,47.95108695652174,0.96,0.223,0.2354948805460751
2126,21.8,32.4,1.4,7.6,2.9,S,70.0,NNE,E,19.0,19.0,71.0,57.0,1009.4,1005.5,7.0,7.0,26.6,29.3,Yes,1.0,0.8,47.95108695652174,1.19,0.223,0.3986013986013986
2127,20.0,24.8,10.0,7.0,0.0,SSW,39.0,SSW,NNE,13.0,11.0,85.0,84.0,1012.2,1010.5,8.0,8.0,21.2,23.6,Yes,1.0,0.99,47.95108695652174,1.75,0.223,0.8900523560209425
2135,27.5,37.5,0.0,13.4,2.5,W,59.0,NNW,WSW,30.0,37.0,18.0,17.0,1008.0,1007.4,7.0,7.0,34.2,34.6,No,1.0,0.94,47.95108695652174,0.35,0.223,0.5620915032679739
2136,16.5,18.9,4.2,8.8,0.0,SE,44.0,SSE,SE,26.0,24.0,96.0,79.0,1017.4,1017.5,8.0,8.0,16.9,18.3,Yes,1.0,0.82,47.95108695652174,1.65,0.223,0.64
2137,16.5,26.0,25.0,1.0,0.0,S,30.0,SSE,SW,20.0,11.0,94.0,94.0,1013.4,1009.4,8.0,8.0,18.3,18.9,Yes,1.0,1.0,47.95108695652174,1.96,0.223,0.8900523560209425
2148,21.3,26.8,0.0,11.2,6.0,NE,46.0,S,ESE,20.0,24.0,81.0,75.0,1014.7,1013.4,7.0,7.0,23.0,25.2,No,1.0,0.93,47.95108695652174,1.56,0.223,0.437125748502994
2152,22.6,26.3,0.2,8.2,4.8,S,39.0,S,SE,22.0,22.0,83.0,75.0,1003.9,1003.8,6.0,7.0,24.2,25.5,No,1.17,0.9,47.95108695652174,1.56,0.223,0.437125748502994
2153,5.9,11.1,8.6,1.2,0.0,WNW,39.0,SW,SW,15.0,17.0,95.0,74.0,1018.7,1021.4,8.0,8.0,7.1,10.4,Yes,1.0,0.78,49.82183908045977,1.49,0.27,0.3674698795180723
2154,7.0,12.3,0.2,0.0,0.0,W,28.0,N,WSW,9.0,13.0,89.0,81.0,1028.1,1026.4,8.0,7.0,8.3,11.8,No,0.88,0.91,49.82183908045977,1.63,0.27,0.334841628959276
2155,5.2,12.0,0.2,0.0,0.0,WSW,28.0,0,NW,0.0,17.0,99.0,84.0,1027.8,1024.8,7.0,4.0,8.4,11.6,No,0.57,0.85,49.82183908045977,1.69,0.27,0.5209580838323353
2156,5.2,12.4,0.0,2.0,0.0,ESE,20.0,ENE,ENE,9.0,13.0,94.0,67.0,1021.1,1016.3,8.0,7.0,7.6,11.2,No,0.88,0.71,49.82183908045977,1.34,0.27,0.22767857142857142
2157,7.6,10.2,3.4,1.8,0.0,WSW,33.0,E,ESE,15.0,7.0,93.0,93.0,1010.4,1007.6,8.0,8.0,8.0,9.8,Yes,1.0,1.0,49.82183908045977,1.87,0.27,0.8900523560209425
2158,8.0,14.9,10.8,0.4,0.0,WSW,44.0,WSW,WSW,13.0,30.0,89.0,69.0,1010.4,1009.8,7.0,8.0,8.8,14.2,Yes,1.14,0.78,49.82183908045977,1.38,0.27,0.3869047619047619
2160,9.0,12.0,11.8,2.6,0.0,SE,30.0,ESE,WSW,20.0,9.0,95.0,95.0,1022.0,1020.2,8.0,8.0,9.2,11.0,Yes,1.0,1.0,49.82183908045977,1.91,0.27,0.8900523560209425
2161,9.2,14.2,6.8,0.0,0.0,E,15.0,0,SSE,0.0,2.0,96.0,72.0,1024.9,1022.9,8.0,8.0,10.5,13.9,Yes,1.0,0.75,49.82183908045977,1.45,0.27,0.3674698795180723
2162,6.0,14.2,0.0,0.0,0.0,NNE,35.0,ENE,N,15.0,11.0,83.0,67.0,1023.8,1019.4,8.0,8.0,10.3,14.0,No,1.0,0.81,49.82183908045977,1.34,0.27,0.22767857142857142
2164,4.7,14.1,0.0,1.6,0.0,WNW,67.0,N,WNW,17.0,44.0,82.0,52.0,1010.0,1006.4,8.0,2.0,8.3,12.8,No,0.25,0.63,49.82183908045977,1.04,0.27,0.6691176470588235
2170,4.3,16.0,0.0,3.4,0.0,E,17.0,E,SE,11.0,7.0,83.0,75.0,1026.3,1023.1,0.0,8.0,8.9,15.4,No,0.0,0.9,49.82183908045977,1.51,0.27,0.334841628959276
2171,8.9,16.3,8.0,0.4,0.0,SSE,17.0,NE,SW,7.0,7.0,97.0,86.0,1022.8,1020.9,7.0,8.0,14.0,16.1,Yes,1.14,0.89,49.82183908045977,1.73,0.27,0.7237569060773481
2172,12.0,17.0,1.8,1.0,0.0,ENE,20.0,S,SSE,6.0,13.0,96.0,78.0,1020.7,1019.4,7.0,8.0,13.1,16.6,Yes,1.14,0.81,49.82183908045977,1.57,0.27,0.334841628959276
2173,7.4,16.2,0.0,0.6,0.0,ENE,20.0,E,E,9.0,9.0,90.0,88.0,1019.4,1015.8,8.0,8.0,11.0,15.0,No,1.0,0.98,49.82183908045977,1.77,0.27,0.6296296296296297
2174,10.4,19.9,9.0,1.0,0.0,W,65.0,NNW,WNW,26.0,33.0,93.0,84.0,1006.3,999.5,8.0,8.0,16.1,18.4,Yes,1.0,0.9,49.82183908045977,1.69,0.27,0.8609271523178808
2175,7.1,10.9,6.0,3.0,0.0,W,72.0,W,WSW,24.0,28.0,93.0,46.0,1006.8,1010.3,8.0,3.0,7.4,10.2,Yes,0.38,0.49,49.82183908045977,0.92,0.27,0.5294117647058824
2176,-1.1,10.4,0.2,0.0,0.0,WNW,41.0,ESE,NNE,2.0,17.0,82.0,81.0,1016.2,1011.7,0.0,8.0,3.8,8.2,No,0.0,0.99,49.82183908045977,1.63,0.27,0.5
2177,3.8,10.8,6.8,3.0,0.0,WNW,39.0,W,NW,20.0,26.0,82.0,83.0,1014.7,1013.8,8.0,3.0,7.8,10.1,Yes,0.38,1.01,49.82183908045977,1.67,0.27,0.640074211502783
2179,7.1,11.7,5.4,2.0,0.0,W,41.0,W,W,26.0,19.0,90.0,80.0,1014.3,1017.7,8.0,6.0,8.3,10.8,Yes,0.75,0.89,49.82183908045977,1.61,0.27,0.640074211502783
2180,3.2,10.5,1.0,1.0,0.0,W,20.0,W,WNW,7.0,11.0,93.0,79.0,1028.0,1026.6,8.0,8.0,6.6,9.4,No,1.0,0.85,49.82183908045977,1.59,0.27,0.334841628959276
2182,5.5,11.4,0.0,0.0,0.0,N,17.0,E,NNW,7.0,11.0,91.0,67.0,1025.0,1021.9,8.0,8.0,8.1,10.8,No,1.0,0.74,49.82183908045977,1.34,0.27,0.22767857142857142
2183,4.1,15.7,0.0,0.0,0.0,E,19.0,ENE,NW,9.0,6.0,89.0,67.0,1020.4,1017.6,7.0,1.0,7.8,14.1,No,0.14,0.75,49.82183908045977,1.34,0.27,0.2891566265060241
2184,7.8,11.9,1.0,1.8,0.0,NNW,17.0,E,N,7.0,11.0,92.0,92.0,1017.8,1014.0,8.0,8.0,10.5,11.3,No,1.0,1.0,49.82183908045977,1.85,0.27,0.8900523560209425
2185,8.2,12.2,17.0,1.6,0.0,SSE,59.0,SE,SSE,28.0,15.0,87.0,52.0,1014.4,1015.1,8.0,8.0,9.1,11.8,Yes,1.0,0.6,49.82183908045977,1.04,0.27,0.6853146853146853
2193,8.8,16.0,2.4,2.0,0.0,N,30.0,WNW,NW,9.0,19.0,85.0,48.0,1016.2,1014.4,8.0,1.0,12.0,15.2,Yes,0.12,0.56,49.82183908045977,0.96,0.27,0.22748815165876776
2200,9.3,17.5,0.0,2.2,0.0,WNW,26.0,ENE,NW,11.0,11.0,77.0,61.0,1025.3,1023.2,8.0,7.0,12.7,16.3,No,0.88,0.79,49.82183908045977,1.22,0.27,0.22767857142857142
2202,9.0,17.5,0.0,3.6,0.0,N,52.0,N,WNW,31.0,28.0,57.0,66.0,1014.4,1010.0,8.0,7.0,14.5,15.1,No,0.88,1.16,49.82183908045977,1.32,0.27,0.5362318840579711
2203,5.6,10.7,12.3,0.0,0.0,WNW,39.0,WNW,WNW,15.0,26.0,84.0,70.0,1017.2,1016.3,8.0,7.0,7.4,9.5,Yes,0.88,0.83,49.82183908045977,1.41,0.27,0.3869047619047619
2205,5.7,12.7,0.4,5.6,0.0,SSE,26.0,ESE,SSE,11.0,17.0,88.0,61.0,1016.8,1013.0,8.0,8.0,8.8,12.1,No,1.0,0.69,49.82183908045977,1.22,0.27,0.22767857142857142
2206,5.4,10.9,3.8,0.4,0.0,N,19.0,SE,S,7.0,4.0,99.0,76.0,1015.7,1015.1,8.0,1.0,6.8,10.7,Yes,0.12,0.77,49.82183908045977,1.53,0.27,0.640074211502783
2207,2.9,12.9,0.0,0.8,0.0,SE,22.0,E,SSW,9.0,11.0,85.0,83.0,1013.7,1009.7,8.0,8.0,8.3,11.6,No,1.0,0.98,49.82183908045977,1.67,0.27,0.7218543046357616
2208,4.2,11.3,9.2,1.2,0.0,WSW,35.0,NW,WNW,13.0,11.0,99.0,70.0,1013.6,1013.6,8.0,1.0,4.4,10.5,Yes,0.12,0.71,49.82183908045977,1.41,0.27,0.6138613861386139
2216,7.9,12.4,0.0,1.6,0.0,SE,41.0,ENE,SSE,6.0,15.0,81.0,91.0,1010.8,1004.1,8.0,8.0,10.7,12.2,No,1.0,1.12,49.82183908045977,1.83,0.27,0.87248322147651
2217,9.4,15.1,34.2,4.4,0.0,W,56.0,WSW,WSW,31.0,33.0,84.0,60.0,1003.8,1009.6,8.0,8.0,11.6,14.9,Yes,1.0,0.71,49.82183908045977,1.2,0.27,0.6853146853146853
2218,7.9,11.7,3.8,0.0,0.0,WNW,26.0,W,WNW,15.0,11.0,88.0,75.0,1024.4,1026.4,8.0,8.0,8.9,10.8,Yes,1.0,0.85,49.82183908045977,1.51,0.27,0.3674698795180723
2222,8.5,21.3,0.0,1.4,0.0,NNE,35.0,E,NNE,13.0,20.0,75.0,62.0,1027.5,1021.9,8.0,7.0,14.8,20.0,No,0.88,0.83,49.82183908045977,1.24,0.27,0.22767857142857142
2223,14.2,17.4,0.0,0.0,0.0,NNE,65.0,NNE,NNE,31.0,30.0,68.0,90.0,1015.7,1011.2,8.0,8.0,16.8,15.3,No,1.0,1.32,49.82183908045977,1.81,0.27,0.9321739130434783
2224,10.9,14.7,49.8,9.0,0.0,W,43.0,W,W,28.0,26.0,94.0,84.0,1013.6,1014.7,8.0,8.0,11.1,13.8,Yes,1.0,0.89,49.82183908045977,1.69,0.27,0.8609271523178808
2225,3.9,15.2,0.2,0.0,0.0,WNW,22.0,WNW,WNW,7.0,15.0,93.0,65.0,1021.3,1019.5,7.0,8.0,8.8,14.0,No,1.14,0.7,49.82183908045977,1.3,0.27,0.22767857142857142
2227,7.3,17.8,0.0,4.0,0.0,ENE,28.0,E,ENE,7.0,11.0,75.0,68.0,1020.5,1016.1,8.0,8.0,11.7,16.7,No,1.0,0.91,49.82183908045977,1.36,0.27,0.22767857142857142
2228,11.7,16.1,5.8,2.8,0.0,WNW,52.0,NNE,WNW,26.0,17.0,89.0,59.0,1010.4,1009.7,8.0,8.0,15.7,14.7,Yes,1.0,0.66,49.82183908045977,1.18,0.27,0.6853146853146853
2229,7.4,13.9,6.0,1.8,0.0,NNW,44.0,NNW,W,24.0,20.0,96.0,64.0,1009.7,1011.8,8.0,8.0,8.4,12.9,Yes,1.0,0.67,49.82183908045977,1.28,0.27,0.6138613861386139
2232,9.4,13.6,2.4,5.8,0.0,S,35.0,ENE,SE,15.0,22.0,88.0,96.0,1010.3,1003.3,8.0,8.0,11.9,12.7,Yes,1.0,1.09,49.82183908045977,1.93,0.27,0.8900523560209425
2234,5.2,15.3,0.0,1.6,0.0,ENE,30.0,ENE,NE,13.0,13.0,75.0,57.0,1018.3,1014.9,0.0,8.0,10.2,14.8,No,0.0,0.76,49.82183908045977,1.14,0.27,0.22767857142857142
2235,10.0,15.3,21.4,3.6,0.0,E,43.0,ENE,ENE,24.0,22.0,94.0,80.0,1008.7,1005.3,8.0,8.0,11.5,14.1,Yes,1.0,0.85,49.82183908045977,1.61,0.27,0.640074211502783
2236,7.9,16.6,2.0,0.6,0.0,SW,43.0,SW,WSW,26.0,24.0,77.0,67.0,1012.5,1011.8,8.0,8.0,11.7,15.1,Yes,1.0,0.87,49.82183908045977,1.34,0.27,0.3869047619047619
2239,11.3,17.2,0.0,5.0,0.0,W,43.0,WSW,WSW,6.0,28.0,92.0,60.0,1009.1,1009.7,8.0,3.0,11.9,16.1,No,0.38,0.65,49.82183908045977,1.2,0.27,0.36585365853658536
2242,2.9,18.5,0.0,4.0,0.0,ENE,41.0,E,NE,4.0,20.0,81.0,48.0,1014.8,1008.3,0.0,1.0,11.5,17.9,No,0.0,0.59,49.82183908045977,0.96,0.27,0.35514018691588783
2243,11.0,15.9,18.0,4.2,0.0,NNW,63.0,N,NNW,11.0,24.0,89.0,42.0,994.5,994.4,8.0,6.0,11.8,14.1,Yes,0.75,0.47,49.82183908045977,0.84,0.27,0.5357142857142857
2244,8.4,13.2,9.8,2.2,0.0,NW,63.0,NNW,W,31.0,28.0,92.0,72.0,994.8,997.0,8.0,8.0,9.3,12.3,Yes,1.0,0.78,49.82183908045977,1.45,0.27,0.8387096774193549
2245,8.8,14.8,22.9,0.0,0.0,W,43.0,WNW,WNW,26.0,19.0,87.0,80.0,1007.8,1008.8,8.0,8.0,11.1,12.6,Yes,1.0,0.92,49.82183908045977,1.61,0.27,0.640074211502783
2247,10.7,15.6,13.3,0.0,0.0,NW,57.0,WNW,NW,22.0,37.0,84.0,48.0,1002.0,1001.8,8.0,2.0,12.2,14.8,Yes,0.25,0.57,49.82183908045977,0.96,0.27,0.5357142857142857
2248,6.0,17.5,1.9,13.6,0.0,WSW,80.0,NNW,NW,17.0,35.0,83.0,58.0,1009.1,1003.6,8.0,8.0,9.5,16.6,Yes,1.0,0.7,49.82183908045977,1.16,0.27,0.6853146853146853
2253,9.9,20.8,0.0,0.0,0.0,E,41.0,NE,ENE,13.0,17.0,63.0,68.0,1019.8,1013.6,8.0,4.0,12.4,18.0,No,0.5,1.08,49.82183908045977,1.36,0.27,0.56
2254,11.4,11.8,0.0,13.6,0.0,WNW,61.0,SW,NNW,22.0,13.0,65.0,86.0,1013.0,1012.6,6.0,0.0,11.4,11.0,No,0.0,1.32,49.82183908045977,1.73,0.27,0.9321739130434783
2260,11.3,25.6,0.0,0.0,0.0,SW,61.0,NNW,N,20.0,24.0,58.0,41.0,1010.8,1005.4,0.0,1.0,16.8,24.5,No,0.0,0.71,49.82183908045977,0.82,0.27,0.5476190476190477
2261,9.6,17.5,11.0,5.356814357823893,0.0,W,46.0,SW,WSW,17.0,26.0,92.0,47.0,1008.3,1009.7,8.0,4.0,10.2,16.2,Yes,0.5,0.51,49.82183908045977,0.94,0.27,0.22748815165876776
2274,17.8,23.2,0.0,0.0,0.0,SW,59.0,NNW,NNE,22.0,15.0,64.0,78.0,1007.8,1005.3,8.0,8.0,21.2,20.9,No,1.0,1.22,49.82183908045977,1.57,0.27,0.8018018018018018
2283,12.5,24.5,0.0,8.2,0.0,WNW,24.0,SE,ESE,7.0,7.0,58.0,46.0,1006.5,1007.4,7.0,8.0,18.3,24.2,No,1.14,0.79,49.82183908045977,0.92,0.27,0.2354948805460751
2284,9.7,26.3,0.0,2.8,0.0,W,30.0,NW,WSW,6.0,15.0,74.0,36.0,1011.5,1007.0,1.0,1.0,18.3,24.7,No,1.0,0.49,49.82183908045977,0.72,0.27,0.35514018691588783
2286,10.9,18.5,0.0,0.0,0.0,W,59.0,WNW,NW,35.0,28.0,56.0,75.0,1000.6,998.8,8.0,7.0,16.1,13.9,Null,0.88,1.34,49.82183908045977,1.51,0.27,0.6176470588235294
2287,11.9,21.1,17.2,5.356814357823893,0.0,W,50.0,SW,W,20.0,15.0,79.0,50.0,1005.9,1007.4,8.0,0.0,13.2,19.1,Yes,0.0,0.63,49.82183908045977,1.0,0.27,0.6853146853146853
2291,15.4,33.7,0.0,0.0,0.0,WSW,50.0,NE,ENE,17.0,9.0,55.0,29.0,1018.0,1014.4,2.0,1.0,22.8,32.8,Null,0.5,0.53,49.82183908045977,0.58,0.27,0.3741496598639456
2292,18.1,36.2,2.0,5.356814357823893,0.0,N,48.0,E,NNW,13.0,26.0,56.0,14.0,1016.1,1011.7,7.0,1.0,23.4,34.9,Yes,0.14,0.25,49.82183908045977,0.28,0.27,0.3741496598639456
2294,15.8,21.1,0.0,9.8,0.0,WSW,54.0,SSW,WSW,9.0,28.0,68.0,44.0,1011.8,1010.5,7.0,2.0,17.1,20.3,No,0.29,0.65,49.82183908045977,0.88,0.27,0.2354948805460751
2306,21.4,34.5,0.0,5.356814357823893,0.0,WSW,59.0,NNW,W,2.0,20.0,42.0,28.0,1008.3,1007.8,5.0,4.0,28.5,33.5,No,0.8,0.67,49.82183908045977,0.56,0.27,0.5476190476190477
2307,19.4,24.3,4.2,8.2,0.0,W,35.0,W,W,15.0,24.0,85.0,38.0,1012.4,1011.1,8.0,8.0,21.4,23.2,Yes,1.0,0.45,49.82183908045977,0.76,0.27,0.22748815165876776
2309,12.5,33.3,0.0,7.2,0.0,W,70.0,E,WNW,11.0,43.0,30.0,29.0,1004.8,999.1,0.0,5.0,23.8,27.5,No,0.0,0.97,49.82183908045977,0.58,0.27,0.5476190476190477
2314,14.6,37.4,0.0,10.0,0.0,NW,76.0,E,WNW,11.0,31.0,34.0,11.0,1014.3,1009.4,0.0,0.0,25.1,36.3,No,0.0,0.32,49.82183908045977,0.22,0.27,0.2184873949579832
2323,20.6,34.6,0.0,9.0,0.0,E,63.0,N,WSW,17.0,15.0,53.0,25.0,1014.3,1010.7,4.0,0.0,25.2,32.8,No,0.0,0.47,49.82183908045977,0.5,0.27,0.5476190476190477
2331,6.0,20.0,2.2,1.0,0.0,NW,56.0,NW,NW,11.0,26.0,96.0,48.0,1012.8,1006.9,8.0,2.0,10.3,18.2,Yes,0.25,0.5,48.60126582278481,0.99,0.259,0.5357142857142857
2332,9.0,15.0,0.2,4.2,0.0,NW,91.0,NW,NW,50.0,54.0,52.0,53.0,1007.4,1004.5,0.0,4.0,12.7,14.3,No,0.0,1.02,48.60126582278481,1.09,0.259,0.6691176470588235
2333,11.8,17.4,2.0,0.0,0.0,SW,52.0,W,SW,19.0,28.0,92.0,89.0,1014.5,1015.2,8.0,8.0,14.0,15.4,Yes,1.0,0.97,48.60126582278481,1.83,0.259,0.7237569060773481
2334,12.1,14.8,9.4,0.0,0.0,W,26.0,W,SW,13.0,9.0,97.0,94.0,1019.4,1018.2,8.0,8.0,12.7,14.5,Yes,1.0,0.97,48.60126582278481,1.93,0.259,0.7237569060773481
2336,6.9,18.9,0.2,0.0,0.0,NW,26.0,NW,SE,19.0,11.0,88.0,69.0,1025.2,1021.4,0.0,5.0,11.5,17.7,No,0.0,0.78,48.60126582278481,1.42,0.259,0.2891566265060241
2342,4.5,17.9,0.0,0.0,0.0,SSE,26.0,NW,SSW,17.0,7.0,68.0,93.0,1032.9,1030.2,8.0,8.0,10.1,14.0,No,1.0,1.37,48.60126582278481,1.91,0.259,0.87248322147651
2343,10.1,17.6,1.4,0.0,0.0,SE,17.0,W,S,7.0,7.0,99.0,94.0,1030.8,1027.0,8.0,8.0,13.4,16.6,Yes,1.0,0.95,48.60126582278481,1.93,0.259,0.7237569060773481
2346,15.0,18.0,17.6,1.0,0.0,WSW,30.0,NNE,SW,9.0,13.0,97.0,95.0,1019.4,1017.5,6.0,8.0,17.5,16.9,Yes,1.33,0.98,48.60126582278481,1.95,0.259,0.8900523560209425
2347,14.0,19.0,11.2,1.6,0.0,WNW,22.0,NW,NNW,17.0,9.0,88.0,74.0,1019.8,1016.4,8.0,8.0,16.1,18.1,Yes,1.0,0.84,48.60126582278481,1.52,0.259,0.64
2348,10.0,26.0,0.0,0.2,0.0,NW,59.0,NW,NNW,20.0,24.0,88.0,46.0,1011.8,1004.2,0.0,8.0,15.1,25.8,No,0.0,0.52,48.60126582278481,0.95,0.259,0.5476190476190477
2359,9.0,19.0,0.0,2.6,0.0,SSE,59.0,WNW,S,7.0,28.0,71.0,63.0,1013.4,1012.6,8.0,8.0,13.5,17.7,No,1.0,0.89,48.60126582278481,1.3,0.259,0.56
2360,13.0,16.0,7.6,3.2,0.0,SSE,69.0,SE,SSE,41.0,37.0,67.0,52.0,1016.7,1015.5,8.0,8.0,14.5,16.5,Yes,1.0,0.78,48.60126582278481,1.07,0.259,0.3986013986013986
2361,11.0,17.0,5.2,4.6,0.0,SSE,72.0,SSE,SSE,35.0,31.0,76.0,71.0,1022.5,1023.7,8.0,8.0,13.6,14.3,Yes,1.0,0.93,48.60126582278481,1.46,0.259,0.7596899224806202
2362,9.0,14.0,4.8,4.6,0.0,SSE,52.0,WNW,SSW,19.0,9.0,92.0,92.0,1030.0,1027.7,8.0,8.0,10.9,13.2,Yes,1.0,1.0,48.60126582278481,1.89,0.259,0.9321739130434783
2363,9.2,13.6,10.4,0.0,0.0,WSW,28.0,WNW,WSW,15.0,15.0,95.0,94.0,1028.7,1026.8,8.0,8.0,11.5,13.0,Yes,1.0,0.99,48.60126582278481,1.93,0.259,0.8900523560209425
2364,8.7,17.2,4.8,0.0,0.0,W,30.0,NW,SE,15.0,13.0,99.0,63.0,1027.9,1024.7,8.0,4.0,10.0,15.7,Yes,0.5,0.64,48.60126582278481,1.3,0.259,0.22748815165876776
2379,3.0,13.0,0.0,10.4,0.0,WNW,26.0,NW,WNW,9.0,17.0,78.0,66.0,1017.2,1015.3,7.0,8.0,10.2,12.4,No,1.14,0.85,48.60126582278481,1.36,0.259,0.22767857142857142
2381,11.3,14.8,2.3,0.0,0.0,WSW,39.0,NW,W,13.0,7.0,96.0,81.0,1012.8,1006.7,8.0,8.0,11.8,14.7,Yes,1.0,0.84,48.60126582278481,1.67,0.259,0.640074211502783
2382,8.9,16.9,8.2,0.0,0.0,W,43.0,WNW,WSW,24.0,9.0,70.0,46.0,1010.1,1010.7,8.0,8.0,12.9,15.6,Yes,1.0,0.66,48.60126582278481,0.95,0.259,0.23722627737226276
2388,13.0,20.0,0.0,3.6,0.0,WNW,31.0,NNE,N,7.0,6.0,84.0,76.0,1020.9,1016.8,8.0,8.0,15.9,19.3,No,1.0,0.9,48.60126582278481,1.56,0.259,0.437125748502994
2390,15.0,17.8,8.0,2.0,0.0,0,0.0,0,SSE,0.0,4.0,97.0,0.0,1011.9,1005.6,8.0,0.0,15.4,16.4,Yes,0.0,0.0,48.60126582278481,0.0,0.259,0.5661375661375662
2391,15.1,20.1,5.0,0.0,0.0,0,0.0,0,WNW,0.0,57.0,59.0,42.0,1001.7,1006.4,0.0,0.0,17.4,18.7,Yes,0.0,0.71,48.60126582278481,0.86,0.259,0.23722627737226276
2398,12.5,21.4,2.2,0.0,0.0,NW,69.0,NW,NW,24.0,41.0,82.0,42.0,1015.4,1012.5,8.0,0.0,14.6,20.8,Yes,0.0,0.51,48.60126582278481,0.86,0.259,0.5357142857142857
2400,7.0,20.4,0.0,5.356814357823893,0.0,SSE,33.0,WNW,ESE,15.0,20.0,70.0,68.0,1021.2,1018.4,0.0,0.0,15.6,19.3,No,0.0,0.97,48.60126582278481,1.4,0.259,0.2891566265060241
2401,9.7,21.0,0.0,3.0,0.0,SE,22.0,NW,SE,13.0,17.0,91.0,74.0,1021.3,1017.8,8.0,1.0,15.4,19.4,No,0.12,0.81,48.60126582278481,1.52,0.259,0.334841628959276
2402,15.4,22.8,7.4,2.4,0.0,0,0.0,NNW,NW,13.0,17.0,94.0,71.0,1015.5,1010.1,8.0,7.0,17.1,22.3,Yes,0.88,0.76,48.60126582278481,1.46,0.259,0.23684210526315788
2406,13.5,17.7,0.0,0.0,0.0,WNW,74.0,WNW,ESE,11.0,13.0,75.0,83.0,1012.6,1004.8,7.0,8.0,15.3,15.8,No,1.14,1.11,48.60126582278481,1.71,0.259,0.8018018018018018
2407,13.0,21.8,14.4,5.356814357823893,0.0,WNW,80.0,WNW,NW,37.0,33.0,61.0,46.0,1009.3,1008.2,0.0,0.0,17.5,21.1,Yes,0.0,0.75,48.60126582278481,0.95,0.259,0.3741496598639456
2409,12.2,20.3,0.6,3.6,0.0,0,0.0,N,SSE,7.0,11.0,90.0,83.0,1013.9,1007.9,8.0,7.0,13.5,16.9,No,0.88,0.92,48.60126582278481,1.71,0.259,0.7218543046357616
2411,13.9,20.4,0.0,0.0,0.0,0,0.0,SW,SSW,26.0,35.0,54.0,60.0,1010.9,1010.1,8.0,8.0,18.4,19.6,No,1.0,1.11,48.60126582278481,1.23,0.259,0.31519274376417233
2413,13.5,22.4,2.6,0.0,0.0,SSW,46.0,WNW,WNW,19.0,26.0,84.0,51.0,1007.1,1004.9,8.0,7.0,15.6,21.8,Yes,0.88,0.61,48.60126582278481,1.05,0.259,0.22748815165876776
2415,9.6,25.1,0.0,7.0,0.0,WNW,69.0,WNW,W,31.0,35.0,46.0,24.0,1011.1,1005.1,3.0,6.0,18.0,24.4,No,2.0,0.52,48.60126582278481,0.49,0.259,0.5476190476190477
2417,11.6,21.5,0.0,3.8,0.0,0,0.0,NNE,NNW,15.0,9.0,72.0,76.0,1001.1,996.1,8.0,8.0,15.3,19.5,No,1.0,1.06,48.60126582278481,1.56,0.259,0.437125748502994
2418,9.1,20.0,6.2,4.2,0.0,NW,67.0,NW,WNW,31.0,43.0,36.0,53.0,1001.0,1000.5,0.0,7.0,17.1,16.4,Yes,0.0,1.47,48.60126582278481,1.09,0.259,0.3986013986013986
2421,13.4,26.3,0.0,0.0,0.0,NW,76.0,N,NW,7.0,33.0,55.0,62.0,1002.2,1000.6,8.0,8.0,18.3,20.0,No,1.0,1.13,48.60126582278481,1.28,0.259,0.6691176470588235
2426,12.4,25.9,0.0,0.0,0.0,0,0.0,WNW,S,28.0,33.0,45.0,72.0,1015.5,1015.8,8.0,6.0,21.7,21.1,No,0.75,1.6,48.60126582278481,1.48,0.259,0.437125748502994
2428,13.8,33.4,0.0,5.356814357823893,0.0,WNW,59.0,0,NW,0.0,33.0,57.0,30.0,1010.3,1005.2,1.0,0.0,21.5,31.7,No,0.0,0.53,48.60126582278481,0.62,0.259,0.5476190476190477
2429,10.7,21.7,8.6,8.4,0.0,WSW,54.0,W,WNW,30.0,28.0,56.0,20.0,1014.2,1012.5,0.0,0.0,14.8,21.0,Yes,0.0,0.36,48.60126582278481,0.41,0.259,0.3741496598639456
2431,11.8,16.0,13.4,8.8,0.0,SSW,48.0,SW,SW,26.0,17.0,94.0,90.0,1020.0,1021.1,8.0,8.0,12.3,13.7,Yes,1.0,0.96,48.60126582278481,1.85,0.259,0.7237569060773481
2435,16.1,22.3,0.0,5.356814357823893,0.0,WNW,56.0,WSW,W,2.0,15.0,63.0,89.0,1005.9,1010.5,8.0,8.0,19.1,13.0,No,1.0,1.41,48.60126582278481,1.83,0.259,0.9321739130434783
2436,9.5,25.0,4.8,3.2,0.0,WNW,52.0,WNW,WNW,33.0,37.0,60.0,29.0,1016.0,1012.3,0.0,0.0,15.8,24.1,Yes,0.0,0.48,48.60126582278481,0.6,0.259,0.3741496598639456
2440,18.0,19.4,9.6,0.0,0.0,WNW,50.0,WNW,NW,19.0,28.0,97.0,80.0,1010.2,1009.3,8.0,8.0,18.1,17.7,Yes,1.0,0.82,48.60126582278481,1.65,0.259,0.640074211502783
2441,8.1,18.7,3.0,0.0,0.0,SSW,65.0,WSW,S,28.0,41.0,56.0,42.0,1017.8,1017.5,8.0,0.0,13.3,17.9,Yes,0.0,0.75,48.60126582278481,0.86,0.259,0.3741496598639456
2445,12.8,23.5,0.0,8.0,0.0,S,44.0,W,SE,13.0,33.0,50.0,64.0,1014.7,1014.5,7.0,3.0,21.0,22.2,No,0.43,1.28,48.60126582278481,1.32,0.259,0.56
2446,15.8,20.1,0.6,4.6,0.0,SSE,35.0,SSE,SE,19.0,17.0,92.0,80.0,1019.5,1017.6,8.0,8.0,16.4,18.5,No,1.0,0.87,48.60126582278481,1.65,0.259,0.334841628959276
2447,14.8,26.0,2.0,0.0,0.0,ENE,43.0,WSW,ENE,6.0,31.0,89.0,64.0,1019.6,1016.6,5.0,0.0,17.8,23.9,Yes,0.0,0.72,48.60126582278481,1.32,0.259,0.6138613861386139
2454,12.5,31.5,0.0,0.0,0.0,WNW,76.0,NW,WSW,22.0,43.0,32.0,7.0,1003.0,1004.8,0.0,0.0,25.7,28.5,No,0.0,0.22,48.60126582278481,0.14,0.259,0.2184873949579832
2455,13.7,26.6,0.0,0.0,0.0,S,65.0,W,SE,30.0,28.0,30.0,32.0,1009.7,1007.6,0.0,0.0,20.1,22.6,No,0.0,1.07,48.60126582278481,0.66,0.259,0.5476190476190477
2457,13.1,36.0,0.0,10.0,0.0,SSW,72.0,NNW,E,13.0,17.0,36.0,23.0,1008.0,1005.2,0.0,0.0,26.0,33.8,No,0.0,0.64,48.60126582278481,0.47,0.259,0.2184873949579832
2458,17.6,23.2,3.2,7.2,0.0,S,31.0,S,ESE,22.0,19.0,78.0,77.0,1012.3,1009.3,8.0,8.0,20.8,21.0,Yes,1.0,0.99,48.60126582278481,1.58,0.259,0.640074211502783
2459,15.1,25.8,8.0,7.6,0.0,ESE,33.0,NW,ESE,20.0,26.0,83.0,63.0,1009.2,1006.7,2.0,1.0,20.3,23.5,Yes,0.5,0.76,48.60126582278481,1.3,0.259,0.3755274261603376
2460,17.9,33.2,0.0,0.0,0.0,WNW,72.0,WNW,WNW,17.0,50.0,60.0,15.0,999.3,995.2,1.0,0.0,25.7,31.2,Null,0.0,0.25,48.60126582278481,0.31,0.259,0.3741496598639456
2461,15.1,24.8,22.8,5.356814357823893,0.0,WNW,56.0,WNW,SW,31.0,24.0,47.0,40.0,1002.9,1003.7,0.0,0.0,20.9,23.2,Yes,0.0,0.85,48.60126582278481,0.82,0.259,0.3741496598639456
2466,15.9,24.2,0.0,0.0,0.0,S,48.0,S,SSE,26.0,30.0,76.0,70.0,1017.3,1017.4,0.0,7.0,22.8,22.5,No,0.0,0.92,48.60126582278481,1.44,0.259,0.2396694214876033
2470,15.7,34.2,0.0,10.2,0.0,SW,69.0,N,ENE,11.0,24.0,56.0,37.0,1010.3,1004.6,0.0,7.0,23.9,31.3,No,0.0,0.66,48.60126582278481,0.76,0.259,0.5476190476190477
2471,15.2,22.3,1.4,8.0,0.0,SSE,48.0,WSW,SSE,20.0,28.0,41.0,52.0,1012.5,1012.6,0.0,0.0,19.4,20.2,Yes,0.0,1.27,48.60126582278481,1.07,0.259,0.3986013986013986
2474,15.1,26.3,0.0,0.0,0.0,SE,50.0,SE,ESE,17.0,35.0,73.0,70.0,1016.3,1015.6,4.0,8.0,23.0,23.4,No,2.0,0.96,48.60126582278481,1.44,0.259,0.31208053691275167
2476,17.1,26.3,0.0,8.0,0.0,SSE,48.0,S,SSE,24.0,33.0,75.0,65.0,1011.3,1009.4,6.0,4.0,22.7,23.7,No,0.67,0.87,48.60126582278481,1.34,0.259,0.5362318840579711
2481,19.9,24.5,0.0,7.4,0.0,SE,37.0,E,E,17.0,22.0,66.0,58.0,1019.0,1017.5,8.0,8.0,21.3,22.8,No,1.0,0.88,48.60126582278481,1.19,0.259,0.31208053691275167
2489,10.4,17.6,7.6,0.0,0.0,WNW,59.0,WSW,NNW,9.0,19.0,92.0,66.0,1011.4,1005.7,8.0,7.0,10.9,16.8,Yes,0.88,0.72,59.3551912568306,1.11,0.164,0.21568627450980393
2491,13.3,15.8,30.0,0.0,0.0,S,80.0,SW,SW,22.0,24.0,96.0,90.0,1016.2,1017.3,8.0,8.0,14.0,14.5,Yes,1.0,0.94,59.3551912568306,1.52,0.164,0.7237569060773481
2492,12.6,16.3,37.4,0.0,0.0,SSW,41.0,SW,SE,17.0,24.0,87.0,81.0,1020.3,1018.8,6.0,8.0,14.0,15.8,Yes,1.33,0.93,59.3551912568306,1.36,0.164,0.64
2493,10.3,16.9,3.2,0.0,0.0,S,31.0,SW,SSE,13.0,15.0,76.0,65.0,1023.5,1022.4,2.0,4.0,13.0,16.3,Yes,2.0,0.86,59.3551912568306,1.1,0.164,0.22330097087378642
2504,15.5,16.3,10.0,0.0,0.0,SSW,46.0,SW,SW,13.0,13.0,95.0,92.0,1020.9,1018.7,8.0,8.0,15.8,15.8,Yes,1.0,0.97,59.3551912568306,1.55,0.164,0.7237569060773481
2505,13.9,17.9,9.8,0.0,0.0,SSW,39.0,SW,SE,15.0,2.0,89.0,87.0,1019.9,1015.5,8.0,8.0,15.3,16.9,Yes,1.0,0.98,59.3551912568306,1.47,0.164,0.8900523560209425
2506,14.6,25.3,0.4,0.0,0.0,NW,80.0,N,NW,20.0,43.0,72.0,43.0,1007.5,999.3,0.0,0.0,17.5,25.0,No,0.0,0.6,59.3551912568306,0.72,0.164,0.5476190476190477
2507,12.7,16.2,9.2,0.0,0.0,W,74.0,W,W,30.0,31.0,40.0,35.0,1002.1,1003.8,0.0,0.0,13.6,15.4,Yes,0.0,0.88,59.3551912568306,0.59,0.164,0.21656050955414013
2516,12.8,16.8,0.0,0.0,0.0,W,28.0,N,NNE,20.0,9.0,59.0,62.0,1016.6,1012.5,7.0,7.0,15.6,16.1,No,1.0,1.05,59.3551912568306,1.04,0.164,0.22767857142857142
2517,12.8,14.1,0.2,0.0,0.0,SSW,48.0,SW,SW,17.0,22.0,66.0,89.0,1014.2,1015.2,8.0,8.0,13.7,10.1,No,1.0,1.35,59.3551912568306,1.5,0.164,0.9321739130434783
2518,9.6,14.7,27.0,0.0,0.0,SSW,74.0,SW,SSW,26.0,43.0,85.0,71.0,1019.9,1019.4,8.0,8.0,10.9,14.0,Yes,1.0,0.84,59.3551912568306,1.2,0.164,0.21568627450980393
2519,9.7,14.5,15.6,0.0,0.0,SSW,63.0,SW,SSW,28.0,31.0,92.0,86.0,1025.7,1026.2,7.0,8.0,10.1,12.8,Yes,1.14,0.93,59.3551912568306,1.45,0.164,0.7237569060773481
2520,9.9,15.1,18.6,0.0,0.0,S,43.0,SW,S,20.0,26.0,82.0,74.0,1030.9,1028.6,8.0,7.0,12.5,14.1,Yes,0.88,0.9,59.3551912568306,1.25,0.164,0.3674698795180723
2521,10.2,15.7,4.0,0.0,0.0,SSE,30.0,WSW,S,9.0,17.0,74.0,70.0,1028.8,1026.8,4.0,8.0,13.0,14.8,Yes,2.0,0.95,59.3551912568306,1.18,0.164,0.22330097087378642
2524,11.1,19.1,0.0,0.0,0.0,NNW,50.0,NW,NNE,13.0,20.0,57.0,59.0,1022.1,1016.6,6.0,8.0,15.6,18.2,No,1.33,1.04,59.3551912568306,0.99,0.164,0.31208053691275167
2532,13.0,22.8,0.0,0.0,0.0,N,35.0,ESE,NNE,13.0,11.0,50.0,71.0,1025.3,1021.6,0.0,8.0,17.9,19.1,No,0.0,1.42,59.3551912568306,1.2,0.164,0.22767857142857142
2538,9.7,15.9,0.2,0.0,0.0,SSW,44.0,SW,S,30.0,28.0,61.0,62.0,1013.0,1013.3,0.0,7.0,13.9,14.8,No,0.0,1.02,59.3551912568306,1.04,0.164,0.3865546218487395
2539,11.0,13.4,3.0,0.0,0.0,SSE,52.0,SW,SW,17.0,20.0,84.0,92.0,1014.1,1009.1,8.0,8.0,12.0,11.7,Yes,1.0,1.1,59.3551912568306,1.55,0.164,0.9321739130434783
2540,8.8,16.4,43.2,0.0,0.0,SW,41.0,SW,SSE,20.0,24.0,61.0,60.0,1010.7,1010.4,8.0,3.0,11.7,14.4,Yes,0.38,0.98,59.3551912568306,1.01,0.164,0.23722627737226276
2548,14.2,17.0,9.2,0.0,0.0,N,41.0,S,S,26.0,11.0,94.0,93.0,1012.2,1006.0,8.0,8.0,14.6,14.7,Yes,1.0,0.99,59.3551912568306,1.57,0.164,0.8900523560209425
2549,14.1,18.7,21.6,0.0,0.0,WNW,83.0,WNW,W,28.0,39.0,58.0,48.0,996.1,1004.5,8.0,4.0,16.0,18.0,Yes,0.5,0.83,59.3551912568306,0.81,0.164,0.21656050955414013
2554,16.4,20.0,0.6,0.0,0.0,NE,46.0,NE,NE,7.0,35.0,79.0,83.0,1029.3,1024.0,8.0,1.0,17.7,18.5,No,0.12,1.05,59.3551912568306,1.4,0.164,0.4896907216494845
2555,14.8,20.7,0.0,0.0,0.0,NE,56.0,NNW,NE,33.0,39.0,59.0,81.0,1020.8,1014.9,0.0,0.0,19.6,18.2,No,0.0,1.37,59.3551912568306,1.36,0.164,0.6176470588235294
2560,15.5,21.8,0.2,0.0,0.0,NE,30.0,NW,NNE,15.0,15.0,85.0,81.0,1014.0,1007.1,7.0,1.0,17.3,20.1,No,0.14,0.95,59.3551912568306,1.36,0.164,0.7218543046357616
2564,12.8,17.1,0.2,0.0,0.0,N,24.0,WNW,N,4.0,15.0,75.0,78.0,1012.1,1005.3,8.0,8.0,15.1,15.3,No,1.0,1.04,59.3551912568306,1.31,0.164,0.437125748502994
2565,13.1,20.8,10.4,0.0,0.0,W,54.0,W,W,28.0,24.0,57.0,39.0,1008.3,1008.6,0.0,0.0,17.0,20.2,Yes,0.0,0.68,59.3551912568306,0.66,0.164,0.21656050955414013
2567,14.1,18.7,0.0,0.0,0.0,N,26.0,N,N,17.0,7.0,69.0,78.0,1012.0,1006.9,8.0,8.0,17.3,16.4,No,1.0,1.13,59.3551912568306,1.31,0.164,0.437125748502994
2568,13.1,18.5,0.8,0.0,0.0,SW,54.0,WSW,WSW,17.0,19.0,57.0,73.0,1006.6,1005.6,8.0,8.0,17.9,16.1,No,1.0,1.28,59.3551912568306,1.23,0.164,0.8018018018018018
2570,12.4,19.8,0.0,0.0,0.0,SW,20.0,SSE,NE,9.0,9.0,66.0,74.0,1012.4,1007.9,0.0,3.0,18.0,19.4,No,0.0,1.12,59.3551912568306,1.25,0.164,0.437125748502994
2572,10.4,17.5,2.6,0.0,0.0,WNW,41.0,SW,ESE,19.0,9.0,52.0,54.0,1012.9,1009.6,0.0,0.0,15.5,16.9,Yes,0.0,1.04,59.3551912568306,0.91,0.164,0.23722627737226276
2575,14.5,20.6,0.0,0.0,0.0,NW,65.0,N,N,30.0,19.0,78.0,72.0,1000.7,993.5,8.0,3.0,14.6,19.4,No,0.38,0.92,59.3551912568306,1.21,0.164,0.8018018018018018
2578,11.0,23.7,0.0,0.0,0.0,NE,46.0,NNE,NE,7.0,33.0,52.0,66.0,1012.2,1007.4,0.0,0.0,17.6,20.4,No,0.0,1.27,59.3551912568306,1.11,0.164,0.36585365853658536
2584,17.5,18.3,0.0,0.0,0.0,S,56.0,S,S,37.0,44.0,77.0,78.0,1017.6,1019.4,8.0,8.0,18.1,15.2,No,1.0,1.01,59.3551912568306,1.31,0.164,0.4896907216494845
2586,16.5,28.1,0.0,0.0,0.0,WSW,61.0,NNE,W,20.0,31.0,62.0,34.0,1006.6,1006.0,7.0,3.0,19.6,27.9,No,0.43,0.55,59.3551912568306,0.57,0.164,0.5476190476190477
2589,10.2,15.8,3.4,0.0,0.0,S,65.0,SW,S,33.0,43.0,63.0,57.0,1022.4,1023.1,0.0,0.0,13.3,15.3,Yes,0.0,0.9,59.3551912568306,0.96,0.164,0.21656050955414013
2591,11.7,23.5,0.0,0.0,0.0,NE,52.0,SW,NE,7.0,39.0,42.0,66.0,1022.0,1016.1,0.0,0.0,19.6,20.5,No,0.0,1.57,59.3551912568306,1.11,0.164,0.2396694214876033
2592,14.8,25.7,0.0,0.0,0.0,NE,61.0,NE,NE,30.0,43.0,52.0,65.0,1013.4,1006.8,0.0,0.0,19.6,21.5,No,0.0,1.25,59.3551912568306,1.1,0.164,0.6691176470588235
2596,12.8,20.3,0.0,0.0,0.0,NE,50.0,SSE,NE,9.0,41.0,64.0,62.0,1024.7,1020.7,1.0,2.0,16.5,19.3,No,2.0,0.97,59.3551912568306,1.04,0.164,0.31208053691275167
2597,15.7,21.3,0.0,0.0,0.0,SSW,41.0,NNE,NE,17.0,26.0,71.0,79.0,1018.5,1012.4,0.0,8.0,18.5,19.0,No,0.0,1.11,59.3551912568306,1.33,0.164,0.5
2598,14.5,17.7,0.4,0.0,0.0,S,59.0,SSW,S,30.0,39.0,89.0,83.0,1010.4,1010.8,8.0,8.0,14.6,14.0,No,1.0,0.93,59.3551912568306,1.4,0.164,0.6176470588235294
2601,11.5,23.0,0.0,0.0,0.0,NE,50.0,NW,NE,9.0,43.0,49.0,61.0,1018.0,1013.6,0.0,0.0,18.4,20.6,No,0.0,1.24,59.3551912568306,1.03,0.164,0.3865546218487395
2603,17.1,19.8,0.0,0.0,0.0,SSW,44.0,S,S,30.0,30.0,77.0,75.0,1016.4,1016.9,5.0,8.0,18.6,17.0,No,1.6,0.97,59.3551912568306,1.26,0.164,0.437125748502994
2604,13.3,18.4,0.0,0.0,0.0,S,30.0,SW,SSW,17.0,15.0,92.0,87.0,1021.0,1018.9,8.0,7.0,13.8,16.3,No,0.88,0.95,59.3551912568306,1.47,0.164,0.5209580838323353
2605,13.8,21.8,1.8,0.0,0.0,NE,39.0,SSW,NE,15.0,22.0,88.0,81.0,1020.0,1017.3,8.0,8.0,17.9,21.7,Yes,1.0,0.92,59.3551912568306,1.36,0.164,0.5
2606,17.9,26.2,0.0,0.0,0.0,N,59.0,NE,N,22.0,35.0,83.0,55.0,1012.4,1004.8,4.0,8.0,20.0,25.1,No,2.0,0.66,59.3551912568306,0.93,0.164,0.5476190476190477
2610,13.4,24.0,0.4,0.0,0.0,ENE,43.0,NW,ENE,17.0,20.0,40.0,70.0,1018.3,1015.3,0.0,0.0,20.7,21.7,No,0.0,1.75,59.3551912568306,1.18,0.164,0.2396694214876033
2614,14.1,27.6,0.0,0.0,0.0,NE,56.0,N,NE,13.0,39.0,35.0,65.0,1009.6,1005.3,0.0,0.0,22.7,21.9,No,0.0,1.86,59.3551912568306,1.1,0.164,0.36585365853658536
2615,18.1,20.2,0.0,0.0,0.0,SSW,41.0,SSE,SSW,9.0,19.0,80.0,79.0,1007.7,1008.2,7.0,8.0,18.5,20.2,No,1.14,0.99,59.3551912568306,1.33,0.164,0.5
2616,16.2,19.4,2.6,0.0,0.0,SSW,37.0,SSW,S,17.0,24.0,87.0,86.0,1013.5,1010.3,8.0,8.0,17.6,17.3,Yes,1.0,0.99,59.3551912568306,1.45,0.164,0.8900523560209425
2617,16.1,22.4,6.0,0.0,0.0,SSE,17.0,SSE,NE,6.0,13.0,85.0,74.0,1009.5,1007.3,1.0,0.0,18.9,22.2,Yes,0.0,0.87,59.3551912568306,1.25,0.164,0.640074211502783
2619,18.6,26.3,11.0,0.0,0.0,NNE,31.0,N,NNE,17.0,11.0,84.0,78.0,1001.0,996.9,7.0,1.0,20.3,24.2,Yes,0.14,0.93,59.3551912568306,1.31,0.164,0.640074211502783
2620,15.4,28.3,0.0,0.0,0.0,NW,91.0,WNW,WNW,19.0,43.0,33.0,17.0,998.2,995.4,0.0,0.0,24.0,26.8,No,0.0,0.52,59.3551912568306,0.29,0.164,0.2184873949579832
2621,17.0,23.0,0.0,0.0,0.0,S,56.0,SW,S,24.0,30.0,37.0,71.0,1002.0,1005.9,4.0,0.0,20.7,17.9,No,0.0,1.92,59.3551912568306,1.2,0.164,0.36585365853658536
2623,14.0,21.5,0.0,0.0,0.0,SSE,33.0,SSE,SSE,13.0,24.0,64.0,70.0,1020.0,1021.3,0.0,8.0,20.3,19.3,No,0.0,1.09,59.3551912568306,1.18,0.164,0.22767857142857142
2624,15.0,26.5,0.0,0.0,0.0,NE,50.0,E,NE,9.0,26.0,66.0,66.0,1025.5,1021.3,0.0,0.0,19.2,21.3,No,0.0,1.0,59.3551912568306,1.11,0.164,0.2396694214876033
2625,18.3,29.9,0.0,0.0,0.0,S,39.0,ESE,NNE,4.0,13.0,43.0,73.0,1016.0,1013.4,0.0,0.0,26.1,23.5,No,0.0,1.7,59.3551912568306,1.23,0.164,0.437125748502994
2626,18.1,20.5,0.0,0.0,0.0,S,43.0,S,SSE,28.0,15.0,80.0,74.0,1018.5,1019.0,8.0,8.0,19.7,19.5,No,1.0,0.93,59.3551912568306,1.25,0.164,0.4896907216494845
2628,18.0,24.8,0.0,0.0,0.0,N,31.0,NE,N,15.0,15.0,82.0,80.0,1018.0,1014.4,8.0,0.0,21.9,23.0,No,0.0,0.98,59.3551912568306,1.35,0.164,0.7218543046357616
2629,21.0,25.2,0.0,0.0,0.0,SSW,46.0,ENE,NNE,17.0,24.0,71.0,76.0,1014.0,1011.8,3.0,8.0,23.8,22.4,No,2.67,1.07,59.3551912568306,1.28,0.164,0.437125748502994
2630,19.9,24.0,0.0,0.0,0.0,S,65.0,E,S,11.0,46.0,72.0,87.0,1009.9,1008.6,0.0,8.0,22.1,19.4,No,0.0,1.21,59.3551912568306,1.47,0.164,0.9321739130434783
2631,12.4,20.6,3.4,0.0,0.0,SSW,50.0,SSW,SSE,30.0,22.0,43.0,54.0,1013.0,1011.5,0.0,0.0,18.4,20.3,Yes,0.0,1.26,59.3551912568306,0.91,0.164,0.21656050955414013
2632,14.8,22.1,0.0,0.0,0.0,WNW,37.0,SW,SE,11.0,22.0,37.0,59.0,1012.7,1013.1,0.0,4.0,20.1,21.1,No,0.0,1.59,59.3551912568306,0.99,0.164,0.3865546218487395
2634,18.1,23.4,0.2,0.0,0.0,ESE,33.0,ESE,E,22.0,22.0,78.0,71.0,1018.4,1017.5,8.0,8.0,19.4,20.8,No,1.0,0.91,59.3551912568306,1.2,0.164,0.22767857142857142
2635,18.9,24.9,0.8,0.0,0.0,ENE,33.0,NNE,NNE,13.0,24.0,71.0,76.0,1014.7,1011.0,4.0,0.0,23.0,23.9,No,0.0,1.07,59.3551912568306,1.28,0.164,0.437125748502994
2636,17.7,21.9,0.0,0.0,0.0,SSE,37.0,S,SSE,26.0,24.0,75.0,76.0,1012.1,1011.4,0.0,8.0,20.5,19.8,No,0.0,1.01,59.3551912568306,1.28,0.164,0.437125748502994
2637,18.4,25.0,0.0,0.0,0.0,NW,37.0,ENE,N,13.0,17.0,68.0,73.0,1007.3,1005.3,1.0,8.0,22.7,22.7,Null,8.0,1.07,59.3551912568306,1.23,0.164,0.437125748502994
2638,17.6,26.4,0.0,0.0,0.0,SSW,50.0,E,NNE,7.0,9.0,79.0,73.0,1007.8,1007.3,8.0,4.0,22.3,25.0,No,0.5,0.92,59.3551912568306,1.23,0.164,0.8018018018018018
2639,19.8,24.6,0.0,0.0,0.0,SSW,44.0,S,E,13.0,15.0,76.0,60.0,1016.6,1015.1,8.0,8.0,20.5,23.1,No,1.0,0.79,59.3551912568306,1.01,0.164,0.31208053691275167
2641,21.5,26.6,2.2,0.0,0.0,S,65.0,0,N,0.0,13.0,85.0,78.0,1008.8,1006.3,0.0,8.0,23.4,25.2,Yes,0.0,0.92,59.3551912568306,1.31,0.164,0.8387096774193549
2642,19.2,24.2,0.0,0.0,0.0,SW,41.0,SE,NNE,7.0,6.0,85.0,88.0,1012.3,1010.3,8.0,8.0,20.7,21.1,No,1.0,1.04,59.3551912568306,1.48,0.164,0.6296296296296297
2643,18.9,23.7,8.4,0.0,0.0,NNE,35.0,S,ENE,19.0,17.0,80.0,66.0,1015.8,1014.3,4.0,0.0,20.5,23.1,Yes,0.0,0.82,59.3551912568306,1.11,0.164,0.23684210526315788
2644,19.8,26.7,0.0,0.0,0.0,NE,61.0,NE,NE,24.0,43.0,73.0,80.0,1007.5,999.9,0.0,8.0,22.6,23.6,No,0.0,1.1,59.3551912568306,1.35,0.164,0.6176470588235294
2645,16.8,25.9,0.0,0.0,0.0,W,59.0,W,SE,30.0,22.0,35.0,60.0,1007.1,1010.1,0.0,0.0,20.8,21.6,No,0.0,1.71,59.3551912568306,1.01,0.164,0.5476190476190477
2646,15.1,23.4,0.0,0.0,0.0,NE,35.0,SE,ENE,9.0,20.0,60.0,58.0,1022.6,1020.7,2.0,8.0,20.0,21.4,No,4.0,0.97,59.3551912568306,0.98,0.164,0.22767857142857142
2647,18.4,24.2,0.0,0.0,0.0,SSE,33.0,SSE,SSE,11.0,20.0,69.0,71.0,1022.2,1021.4,0.0,8.0,21.5,22.3,No,0.0,1.03,59.3551912568306,1.2,0.164,0.22767857142857142
2648,18.9,30.6,3.2,0.0,0.0,NE,44.0,NE,NE,20.0,28.0,70.0,70.0,1022.5,1018.4,4.0,0.0,22.9,24.0,Yes,0.0,1.0,59.3551912568306,1.18,0.164,0.23684210526315788
2649,19.9,38.0,0.0,0.0,0.0,NW,46.0,NW,NE,22.0,24.0,30.0,71.0,1013.7,1009.7,0.0,4.0,30.1,24.7,No,0.0,2.37,59.3551912568306,1.2,0.164,0.5362318840579711
2650,22.0,34.6,0.0,0.0,0.0,NW,76.0,NW,WNW,44.0,17.0,22.0,24.0,1005.7,1007.8,0.0,8.0,32.9,31.7,No,0.0,1.09,59.3551912568306,0.4,0.164,0.5476190476190477
2651,16.1,18.3,10.0,0.0,0.0,SSE,41.0,SSE,SSE,31.0,22.0,93.0,86.0,1018.2,1018.1,8.0,8.0,16.6,16.9,Yes,1.0,0.92,59.3551912568306,1.45,0.164,0.7237569060773481
2652,15.9,24.9,13.8,0.0,0.0,SE,35.0,SSE,S,20.0,9.0,93.0,93.0,1014.3,1009.3,8.0,8.0,17.6,18.3,Yes,1.0,1.0,59.3551912568306,1.57,0.164,0.8900523560209425
2653,17.3,33.6,8.0,0.0,0.0,SSW,78.0,N,NW,9.0,20.0,64.0,29.0,1006.3,1004.1,0.0,2.0,24.6,31.1,Yes,0.0,0.45,59.3551912568306,0.49,0.164,0.21656050955414013
2654,17.1,20.3,0.0,0.0,0.0,S,54.0,S,S,22.0,24.0,64.0,60.0,1019.7,1020.9,8.0,8.0,17.7,17.7,No,1.0,0.94,59.3551912568306,1.01,0.164,0.31208053691275167
2656,16.6,26.8,0.0,0.0,0.0,NE,52.0,NE,NE,24.0,39.0,67.0,72.0,1009.8,1004.6,0.0,0.0,21.2,23.3,No,0.0,1.07,59.3551912568306,1.21,0.164,0.6176470588235294
2659,19.3,23.7,0.0,0.0,0.0,NE,56.0,NNE,NE,13.0,44.0,66.0,68.0,1018.9,1015.8,6.0,0.0,23.0,22.8,No,0.0,1.03,59.3551912568306,1.15,0.164,0.2396694214876033
2660,19.0,25.1,0.0,0.0,0.0,WNW,48.0,SE,N,7.0,13.0,80.0,83.0,1015.9,1014.4,0.0,4.0,22.3,21.7,No,0.0,1.04,59.3551912568306,1.4,0.164,0.8018018018018018
2661,18.7,25.2,0.0,0.0,0.0,ENE,35.0,ESE,NE,9.0,28.0,78.0,73.0,1016.9,1015.4,0.0,0.0,22.1,24.6,No,0.0,0.94,59.3551912568306,1.23,0.164,0.437125748502994
2662,20.5,24.7,0.0,0.0,0.0,NE,50.0,ENE,NE,19.0,33.0,78.0,76.0,1013.9,1011.4,0.0,8.0,22.5,23.0,No,0.0,0.97,59.3551912568306,1.28,0.164,0.6176470588235294
2663,19.3,25.3,0.6,0.0,0.0,NNE,24.0,NNE,S,6.0,9.0,79.0,75.0,1014.7,1013.8,1.0,0.0,22.8,24.9,No,0.0,0.95,59.3551912568306,1.26,0.164,0.437125748502994
2664,19.1,28.1,0.0,0.0,0.0,NE,54.0,NE,NNE,19.0,20.0,82.0,75.0,1012.8,1009.3,0.0,1.0,22.3,22.9,No,0.0,0.91,59.3551912568306,1.26,0.164,0.8018018018018018
2665,19.2,33.3,0.0,0.0,0.0,NW,22.0,ESE,N,11.0,9.0,46.0,59.0,1006.1,1004.9,8.0,8.0,27.3,25.5,No,1.0,1.28,59.3551912568306,0.99,0.164,0.2354948805460751
2667,19.6,23.1,0.4,0.0,0.0,S,43.0,S,SSW,30.0,17.0,88.0,80.0,1004.1,1004.1,8.0,8.0,21.2,22.5,No,1.0,0.91,59.3551912568306,1.35,0.164,0.5
2672,0.3,8.0,4.8,0.0,0.0,NW,35.0,ESE,SSW,9.0,7.0,99.0,97.0,1012.4,1007.7,8.0,8.0,4.6,7.9,Yes,1.0,0.98,50.96195652173913,1.9,0.261,0.6310679611650486
2673,4.4,11.3,18.0,0.0,0.0,NW,39.0,WNW,N,22.0,9.0,90.0,84.0,1006.3,1006.9,7.0,8.0,6.2,9.5,Yes,1.14,0.93,50.96195652173913,1.65,0.261,0.8609271523178808
2675,2.8,13.2,0.0,0.0,0.0,SSW,19.0,SSE,SE,7.0,13.0,88.0,73.0,1022.5,1020.3,8.0,8.0,7.8,12.2,No,1.0,0.83,50.96195652173913,1.43,0.261,0.334841628959276
2678,7.8,13.4,9.8,0.0,0.0,NW,50.0,N,NW,19.0,35.0,88.0,71.0,1014.3,1010.2,8.0,1.0,9.8,13.0,Yes,0.12,0.81,50.96195652173913,1.39,0.261,0.7596899224806202
2679,6.7,11.2,0.8,0.0,0.0,NNW,91.0,NNW,NW,28.0,43.0,84.0,67.0,1010.8,1006.0,8.0,6.0,7.7,9.7,No,0.75,0.8,50.96195652173913,1.31,0.261,0.6691176470588235
2680,0.6,7.1,4.8,0.0,0.0,WNW,69.0,NW,WNW,31.0,20.0,83.0,56.0,1016.8,1021.6,3.0,7.0,2.2,5.6,Yes,2.33,0.67,50.96195652173913,1.1,0.261,0.544973544973545
2685,-1.8,17.6,0.2,0.0,0.0,NW,56.0,S,W,4.0,22.0,99.0,66.0,1026.0,1023.2,0.0,3.0,6.7,16.0,No,0.0,0.67,50.96195652173913,1.3,0.261,0.2396694214876033
2686,6.7,18.8,2.6,0.0,0.0,NW,35.0,N,NNW,17.0,20.0,96.0,78.0,1023.8,1021.7,8.0,2.0,13.8,16.7,Yes,0.25,0.81,50.96195652173913,1.53,0.261,0.3674698795180723
2687,11.1,14.4,8.6,0.0,0.0,SW,20.0,ESE,NNE,9.0,11.0,99.0,79.0,1021.8,1021.8,8.0,7.0,11.8,14.1,Yes,0.88,0.8,50.96195652173913,1.55,0.261,0.3674698795180723
2689,9.6,16.9,0.6,0.0,0.0,NNW,78.0,NW,NNW,33.0,52.0,99.0,87.0,1008.5,999.0,8.0,8.0,13.7,16.3,No,1.0,0.88,50.96195652173913,1.71,0.261,0.5209580838323353
2690,4.7,10.4,3.6,0.0,0.0,WNW,76.0,NW,N,35.0,20.0,77.0,58.0,1002.5,1007.2,2.0,8.0,6.9,8.0,Yes,4.0,0.75,50.96195652173913,1.14,0.261,0.544973544973545
2691,-2.2,8.4,0.2,0.0,0.0,W,48.0,0,NNW,0.0,22.0,74.0,58.0,1016.2,1011.4,0.0,7.0,3.8,7.6,No,0.0,0.78,50.96195652173913,1.14,0.261,0.3865546218487395
2692,3.2,10.9,8.4,0.0,0.0,NW,54.0,NW,NW,30.0,28.0,82.0,68.0,1012.4,1013.0,2.0,8.0,6.6,8.6,Yes,4.0,0.83,50.96195652173913,1.33,0.261,0.7596899224806202
2698,3.3,14.9,0.0,0.0,0.0,W,43.0,NW,NNW,20.0,20.0,76.0,65.0,1019.0,1017.4,0.0,4.0,9.7,14.0,No,0.0,0.86,50.96195652173913,1.28,0.261,0.2396694214876033
2699,5.9,13.9,0.0,0.0,0.0,NNW,46.0,N,NW,20.0,19.0,88.0,90.0,1018.0,1013.7,6.0,8.0,9.6,10.2,No,1.33,1.02,50.96195652173913,1.77,0.261,0.6296296296296297
2708,4.4,16.4,2.0,0.0,0.0,NW,61.0,NNW,WNW,30.0,37.0,88.0,45.0,1015.1,1013.4,7.0,1.0,10.4,14.2,Yes,0.14,0.51,50.96195652173913,0.88,0.261,0.5357142857142857
2718,4.1,10.4,7.6,0.0,0.0,W,54.0,W,WNW,22.0,30.0,66.0,66.0,1014.9,1014.4,6.0,1.0,7.0,8.7,Yes,0.17,1.0,50.96195652173913,1.3,0.261,0.7596899224806202
2722,5.6,10.7,0.2,0.0,0.0,ESE,24.0,SSE,E,11.0,13.0,79.0,70.0,1015.3,1010.2,8.0,7.0,8.5,9.7,No,0.88,0.89,50.96195652173913,1.37,0.261,0.31519274376417233
2729,8.3,16.7,9.8,0.0,0.0,NNW,54.0,NNW,NW,26.0,24.0,99.0,79.0,1018.6,1014.8,8.0,6.0,12.7,16.0,Yes,0.75,0.8,50.96195652173913,1.55,0.261,0.7555555555555555
2731,5.6,10.5,0.0,0.0,0.0,SE,28.0,SE,S,11.0,9.0,77.0,99.0,1012.6,1006.4,6.0,8.0,9.3,10.2,No,1.33,1.29,50.96195652173913,1.94,0.261,0.87248322147651
2732,9.1,14.6,53.6,0.0,0.0,WNW,50.0,NW,NW,19.0,30.0,99.0,84.0,999.2,1006.6,7.0,8.0,9.2,11.6,Yes,1.14,0.85,50.96195652173913,1.65,0.261,0.8609271523178808
2733,4.9,13.9,1.0,0.0,0.0,NW,46.0,NW,NNW,19.0,35.0,69.0,65.0,1021.9,1023.0,0.0,0.0,10.3,12.5,No,0.0,0.94,50.96195652173913,1.28,0.261,0.2396694214876033
2738,5.2,17.4,0.0,0.0,0.0,NNW,48.0,NNW,NNE,6.0,13.0,70.0,79.0,1020.2,1015.5,8.0,8.0,14.6,14.5,No,1.0,1.13,50.96195652173913,1.55,0.261,0.8018018018018018
2739,9.5,14.3,15.2,0.0,0.0,NW,44.0,NW,WNW,30.0,26.0,88.0,73.0,1011.0,1012.6,8.0,8.0,11.3,12.7,Yes,1.0,0.83,50.96195652173913,1.43,0.261,0.640074211502783
2742,5.7,17.5,0.0,0.0,0.0,NE,30.0,ESE,NE,9.0,13.0,81.0,59.0,1021.9,1018.3,8.0,8.0,12.0,16.5,No,1.0,0.73,50.96195652173913,1.16,0.261,0.22767857142857142
2743,10.1,18.3,0.0,0.0,0.0,N,56.0,N,W,20.0,20.0,79.0,78.0,1013.4,1009.6,8.0,6.0,14.9,13.3,No,0.75,0.99,50.96195652173913,1.53,0.261,0.8018018018018018
2744,6.0,12.9,5.2,0.0,0.0,WNW,69.0,NNW,NW,37.0,46.0,92.0,85.0,1009.4,1008.8,8.0,8.0,7.0,10.5,Yes,1.0,0.92,50.96195652173913,1.67,0.261,0.8609271523178808
2747,4.4,13.1,0.0,0.0,0.0,SSE,26.0,SW,SE,2.0,9.0,84.0,91.0,1012.3,1005.4,8.0,8.0,10.4,11.0,No,1.0,1.08,50.96195652173913,1.79,0.261,0.87248322147651
2748,6.4,14.6,6.6,0.0,0.0,NNW,48.0,NW,NNW,20.0,31.0,92.0,68.0,1011.1,1010.1,8.0,0.0,9.3,13.4,Yes,0.0,0.74,50.96195652173913,1.33,0.261,0.7596899224806202
2750,6.7,11.7,6.8,0.0,0.0,S,35.0,ESE,WNW,9.0,7.0,95.0,98.0,1012.0,1008.1,8.0,8.0,9.2,10.6,Yes,1.0,1.03,50.96195652173913,1.92,0.261,0.8900523560209425
2753,2.7,19.2,0.0,0.0,0.0,NW,33.0,NW,NW,6.0,22.0,75.0,56.0,1013.4,1008.7,0.0,7.0,12.3,18.3,No,0.0,0.75,50.96195652173913,1.1,0.261,0.31519274376417233
2754,10.2,18.3,0.0,0.0,0.0,W,41.0,NW,WNW,17.0,22.0,67.0,53.0,1007.3,1007.1,0.0,1.0,14.0,16.2,No,0.0,0.79,50.96195652173913,1.04,0.261,0.36585365853658536
2756,3.3,14.3,1.6,0.0,0.0,NW,52.0,NW,WNW,28.0,28.0,60.0,47.0,1009.2,1009.6,8.0,6.0,10.7,12.3,Yes,0.75,0.78,50.96195652173913,0.92,0.261,0.5294117647058824
2757,-1.1,16.9,0.0,0.0,0.0,NNW,26.0,SW,NNW,2.0,17.0,68.0,43.0,1015.0,1009.8,0.0,0.0,8.7,16.4,No,0.0,0.63,50.96195652173913,0.84,0.261,0.35514018691588783
2758,4.9,14.7,13.4,0.0,0.0,NNW,59.0,NNE,NW,28.0,39.0,91.0,48.0,995.7,994.1,8.0,7.0,10.6,12.8,Yes,0.88,0.53,50.96195652173913,0.94,0.261,0.5294117647058824
2759,4.9,12.1,19.0,0.0,0.0,NNW,67.0,NNW,NW,35.0,31.0,91.0,72.0,995.4,995.6,8.0,8.0,7.8,10.5,Yes,1.0,0.79,50.96195652173913,1.41,0.261,0.8387096774193549
2760,6.5,14.1,2.0,0.0,0.0,NW,54.0,NNW,NW,31.0,35.0,83.0,75.0,1004.9,1006.4,8.0,8.0,11.5,11.4,Yes,1.0,0.9,50.96195652173913,1.47,0.261,0.6176470588235294
2761,5.3,19.4,0.2,0.0,0.0,NW,41.0,NW,NNW,19.0,28.0,72.0,54.0,1012.7,1008.4,0.0,0.0,12.3,19.0,No,0.0,0.75,50.96195652173913,1.06,0.261,0.36585365853658536
2762,7.3,14.3,8.8,0.0,0.0,NW,72.0,WNW,W,26.0,26.0,73.0,68.0,999.2,1000.2,8.0,6.0,12.6,11.4,Yes,0.75,0.93,50.96195652173913,1.33,0.261,0.7596899224806202
2763,6.5,14.0,1.4,0.0,0.0,WNW,96.0,WNW,NW,31.0,39.0,68.0,77.0,1006.1,1003.7,8.0,8.0,8.7,12.1,Yes,1.0,1.13,50.96195652173913,1.51,0.261,0.6176470588235294
2764,3.6,14.6,8.4,0.0,0.0,W,59.0,WNW,WNW,26.0,35.0,54.0,43.0,1015.6,1014.9,0.0,7.0,8.3,13.4,Yes,0.0,0.8,50.96195652173913,0.84,0.261,0.5294117647058824
2767,8.5,18.9,0.0,0.0,0.0,ENE,35.0,NNE,E,15.0,28.0,64.0,70.0,1016.0,1017.0,0.0,8.0,16.5,15.0,No,0.0,1.09,50.96195652173913,1.37,0.261,0.22767857142857142
2768,1.4,17.4,0.0,0.0,0.0,W,28.0,S,NW,9.0,13.0,81.0,65.0,1021.5,1015.6,0.0,8.0,9.4,15.1,No,0.0,0.8,50.96195652173913,1.28,0.261,0.22767857142857142
2769,6.2,18.6,0.0,0.0,0.0,WNW,61.0,NW,NNW,24.0,39.0,77.0,81.0,1008.7,1009.8,8.0,0.0,16.4,10.2,No,0.0,1.05,50.96195652173913,1.59,0.261,0.6176470588235294
2776,9.7,16.1,5.4,0.0,0.0,NW,48.0,NNW,WNW,31.0,33.0,90.0,56.0,1006.4,1006.8,8.0,0.0,10.1,15.9,Yes,0.0,0.62,50.96195652173913,1.1,0.261,0.544973544973545
2777,5.2,17.5,0.0,0.0,0.0,NW,65.0,NW,WNW,28.0,37.0,60.0,52.0,1012.1,1011.1,0.0,7.0,12.2,16.1,No,0.0,0.87,50.96195652173913,1.02,0.261,0.6691176470588235
2781,10.4,13.8,7.4,0.0,0.0,NNW,52.0,NNW,SE,30.0,15.0,94.0,65.0,1010.0,1011.0,8.0,7.0,10.5,10.3,Yes,0.88,0.69,50.96195652173913,1.28,0.261,0.544973544973545
2782,0.7,16.4,5.4,0.0,0.0,S,50.0,S,NNW,19.0,13.0,61.0,34.0,1019.8,1017.3,0.0,8.0,8.9,14.6,Yes,0.0,0.56,50.96195652173913,0.67,0.261,0.3741496598639456
2787,8.9,18.6,0.0,0.0,0.0,ENE,26.0,SSW,SE,2.0,11.0,74.0,67.0,1020.4,1017.4,8.0,8.0,11.3,16.4,No,1.0,0.91,50.96195652173913,1.31,0.261,0.22767857142857142
2788,11.0,24.0,0.0,0.0,0.0,NE,33.0,SSW,N,4.0,11.0,82.0,59.0,1020.1,1016.2,8.0,7.0,15.2,21.3,No,0.88,0.72,50.96195652173913,1.16,0.261,0.22767857142857142
2789,10.2,22.4,0.0,0.0,0.0,NW,72.0,0,NW,0.0,44.0,81.0,67.0,1011.4,1006.7,8.0,2.0,18.4,20.7,No,0.25,0.83,50.96195652173913,1.31,0.261,0.6691176470588235
2790,5.6,16.5,2.6,0.0,0.0,NW,50.0,WNW,WNW,24.0,28.0,37.0,30.0,1011.5,1011.1,0.0,0.0,10.0,16.1,Yes,0.0,0.81,50.96195652173913,0.59,0.261,0.3741496598639456
2797,6.5,25.3,0.0,0.0,0.0,N,59.0,NW,NW,22.0,35.0,50.0,38.0,1010.6,1006.5,0.0,0.0,17.1,24.0,No,0.0,0.76,50.96195652173913,0.75,0.261,0.5476190476190477
2799,11.7,24.8,8.4,0.0,0.0,NE,50.0,ENE,NW,11.0,19.0,86.0,45.0,1012.6,1007.7,7.0,1.0,14.6,24.0,Yes,0.14,0.52,50.96195652173913,0.88,0.261,0.5357142857142857
2800,10.6,24.0,6.2,0.0,0.0,WNW,50.0,NNW,WNW,11.0,31.0,81.0,36.0,1009.2,1007.0,5.0,0.0,15.9,22.9,Yes,0.0,0.44,50.96195652173913,0.71,0.261,0.5357142857142857
2801,8.5,26.1,0.0,0.0,0.0,N,39.0,NNE,N,11.0,20.0,70.0,38.0,1012.1,1007.5,0.0,0.0,15.9,25.3,No,0.0,0.54,50.96195652173913,0.75,0.261,0.35514018691588783
2802,14.6,26.5,19.4,0.0,0.0,WNW,74.0,WNW,WNW,13.0,52.0,85.0,37.0,1002.3,998.4,8.0,1.0,17.6,26.4,Yes,0.12,0.44,50.96195652173913,0.73,0.261,0.5357142857142857
2803,10.1,18.6,0.0,0.0,0.0,0,0.0,WNW,NW,26.0,46.0,68.0,47.0,999.2,996.9,7.0,8.0,13.3,16.4,No,1.14,0.69,50.96195652173913,0.92,0.261,0.2354948805460751
2804,7.9,19.8,8.6,0.0,0.0,0,0.0,WNW,W,13.0,20.0,62.0,69.0,1002.7,1004.8,0.0,0.0,14.6,15.4,Yes,0.0,1.11,50.96195652173913,1.35,0.261,0.45652173913043476
2811,14.4,30.2,9.4,0.0,0.0,NW,50.0,E,WNW,2.0,30.0,72.0,36.0,1018.4,1015.5,0.0,0.0,21.0,29.6,Yes,0.0,0.5,50.96195652173913,0.71,0.261,0.3741496598639456
2813,13.4,20.4,0.0,0.0,0.0,0,0.0,0,NNW,0.0,26.0,77.0,90.0,1010.6,1008.8,8.0,8.0,17.0,15.0,No,1.0,1.17,50.96195652173913,1.77,0.261,0.87248322147651
2814,2.5,21.2,4.2,0.0,0.0,WNW,43.0,SSW,NNW,13.0,22.0,59.0,52.0,1013.5,1011.0,0.0,8.0,11.8,19.4,Yes,0.0,0.88,50.96195652173913,1.02,0.261,0.23722627737226276
2818,14.7,27.7,0.0,0.0,0.0,NNW,50.0,NW,WNW,13.0,24.0,68.0,28.0,1014.6,1010.9,4.0,0.0,19.3,26.8,No,0.0,0.41,50.96195652173913,0.55,0.261,0.3586206896551724
2819,7.9,28.0,0.0,0.0,0.0,WNW,39.0,SW,NW,9.0,22.0,67.0,20.0,1012.4,1009.3,0.0,7.0,18.1,27.2,No,0.0,0.3,50.96195652173913,0.39,0.261,0.35514018691588783
2826,16.9,23.1,13.4,0.0,0.0,NNW,37.0,W,NW,11.0,28.0,93.0,71.0,1012.2,1010.1,8.0,6.0,18.9,21.5,Yes,0.75,0.76,50.96195652173913,1.39,0.261,0.23684210526315788
2829,11.0,21.6,2.0,0.0,0.0,0,0.0,NW,NW,28.0,33.0,50.0,36.0,1007.5,1009.8,0.0,0.0,14.8,19.7,Yes,0.0,0.72,50.96195652173913,0.71,0.261,0.23722627737226276
2834,21.6,28.6,0.0,0.0,0.0,0,0.0,WNW,NNW,26.0,33.0,30.0,59.0,1008.7,1009.6,1.0,8.0,27.8,24.1,No,8.0,1.97,50.96195652173913,1.16,0.261,0.31519274376417233
2835,12.8,14.8,3.0,0.0,0.0,E,30.0,S,E,9.0,15.0,92.0,79.0,1016.4,1015.8,8.0,7.0,12.9,14.3,Yes,0.88,0.86,50.96195652173913,1.55,0.261,0.64
2836,12.3,20.1,5.8,0.0,0.0,SE,19.0,S,ENE,9.0,15.0,94.0,85.0,1012.9,1007.8,8.0,8.0,13.6,17.2,Yes,1.0,0.9,50.96195652173913,1.67,0.261,0.8609271523178808
2837,13.5,27.9,11.4,0.0,0.0,W,69.0,NW,WNW,28.0,39.0,81.0,34.0,1007.2,1005.3,1.0,2.0,19.8,25.6,Yes,2.0,0.42,50.96195652173913,0.67,0.261,0.5357142857142857
2846,14.0,31.5,0.0,0.0,0.0,NW,50.0,WSW,WNW,7.0,20.0,69.0,38.0,1014.2,1010.8,0.0,1.0,22.6,29.3,No,0.0,0.55,50.96195652173913,0.75,0.261,0.3586206896551724
2848,16.3,31.9,0.2,0.0,0.0,NW,46.0,0,NW,0.0,24.0,69.0,32.0,1012.4,1008.7,1.0,3.0,23.1,30.4,No,3.0,0.46,50.96195652173913,0.63,0.261,0.3586206896551724
2850,20.3,32.8,2.2,0.0,0.0,SSW,50.0,N,W,7.0,30.0,83.0,53.0,1004.5,1001.6,8.0,8.0,22.8,30.2,Yes,1.0,0.64,50.96195652173913,1.04,0.261,0.544973544973545
2856,0.3,7.2,3.8,0.0,0.0,NNW,24.0,NNW,SW,4.0,6.0,100.0,99.0,1012.1,1007.7,0.0,0.0,4.0,6.5,Yes,0.0,0.99,48.47802197802198,2.04,0.253,0.6310679611650486
2857,3.9,12.2,10.8,0.0,0.0,SSE,54.0,NNW,NNE,11.0,6.0,86.0,79.0,1005.8,1006.5,0.0,0.0,7.2,11.1,Yes,0.0,0.92,48.47802197802198,1.63,0.253,0.640074211502783
2858,7.1,13.9,1.8,0.0,0.0,S,48.0,SSE,S,24.0,19.0,69.0,53.0,1019.9,1019.8,0.0,0.0,11.1,13.6,Yes,0.0,0.77,48.47802197802198,1.09,0.253,0.3986013986013986
2859,7.2,11.3,0.0,0.0,0.0,SSE,24.0,SSE,S,11.0,13.0,75.0,80.0,1022.4,1020.4,0.0,0.0,8.5,10.6,No,0.0,1.07,48.47802197802198,1.65,0.253,0.334841628959276
2863,6.4,10.7,0.0,0.0,0.0,W,78.0,N,NW,11.0,22.0,81.0,65.0,1010.1,1005.5,0.0,0.0,8.3,9.6,No,0.0,0.8,48.47802197802198,1.34,0.253,0.6691176470588235
2864,1.2,6.2,3.2,0.0,0.0,WNW,61.0,WNW,W,22.0,24.0,65.0,53.0,1015.9,1020.2,0.0,0.0,3.4,5.3,Yes,0.0,0.82,48.47802197802198,1.09,0.253,0.3986013986013986
2869,-0.1,17.2,0.2,0.0,0.0,NW,50.0,0,NW,0.0,19.0,99.0,65.0,1026.0,1022.8,0.0,0.0,2.5,15.5,No,0.0,0.66,48.47802197802198,1.34,0.253,0.2396694214876033
2871,9.8,14.9,6.8,0.0,0.0,SW,17.0,WSW,NNW,2.0,6.0,100.0,78.0,1022.3,1021.5,0.0,0.0,10.3,14.5,Yes,0.0,0.78,48.47802197802198,1.61,0.253,0.3674698795180723
2872,8.7,14.5,0.0,0.0,0.0,NNE,15.0,WSW,NNE,2.0,7.0,93.0,78.0,1021.8,1017.2,0.0,0.0,10.6,13.1,No,0.0,0.84,48.47802197802198,1.61,0.253,0.437125748502994
2873,7.7,16.8,0.2,0.0,0.0,NW,67.0,NNW,NNW,20.0,19.0,93.0,87.0,1008.0,998.4,0.0,0.0,14.2,15.8,No,0.0,0.94,48.47802197802198,1.79,0.253,0.5209580838323353
2874,4.7,10.7,11.4,0.0,0.0,W,85.0,WNW,W,24.0,22.0,74.0,56.0,1001.9,1006.4,0.0,0.0,6.7,8.1,Yes,0.0,0.76,48.47802197802198,1.16,0.253,0.3986013986013986
2876,2.9,10.1,7.6,0.0,0.0,NW,44.0,NW,WNW,15.0,22.0,77.0,64.0,1011.7,1012.5,0.0,0.0,6.2,8.3,Yes,0.0,0.83,48.47802197802198,1.32,0.253,0.3869047619047619
2881,0.7,11.2,0.0,0.0,0.0,NNE,19.0,0,N,0.0,11.0,99.0,65.0,1025.1,1021.0,0.0,0.0,3.5,10.5,No,0.0,0.66,48.47802197802198,1.34,0.253,0.2891566265060241
2883,3.3,13.8,0.0,0.0,0.0,WNW,33.0,N,NW,11.0,13.0,89.0,76.0,1017.7,1013.4,0.0,0.0,9.3,10.3,No,0.0,0.85,48.47802197802198,1.57,0.253,0.437125748502994
2892,5.2,15.9,2.4,0.0,0.0,NW,50.0,NW,WNW,22.0,24.0,81.0,42.0,1014.3,1013.1,0.0,0.0,11.5,14.4,Yes,0.0,0.52,48.47802197802198,0.87,0.253,0.5357142857142857
2902,4.2,9.9,4.8,0.0,0.0,W,50.0,WNW,WNW,17.0,24.0,60.0,59.0,1014.3,1013.8,0.0,0.0,7.7,8.3,Yes,0.0,0.98,48.47802197802198,1.22,0.253,0.3986013986013986
2915,5.5,10.7,0.0,0.0,0.0,S,26.0,SSW,SSW,4.0,7.0,77.0,96.0,1012.3,1006.3,0.0,0.0,9.8,9.4,No,0.0,1.25,48.47802197802198,1.98,0.253,0.6990291262135923
2916,8.9,15.6,48.2,0.0,0.0,WSW,44.0,NNW,WNW,9.0,19.0,100.0,70.0,998.8,1006.2,0.0,0.0,9.8,12.3,Yes,0.0,0.7,48.47802197802198,1.44,0.253,0.6138613861386139
2922,5.4,14.0,0.0,0.0,0.0,NE,28.0,0,0,0.0,0.0,82.0,95.0,1020.1,1015.2,0.0,0.0,12.9,13.5,No,0.0,1.16,48.47802197802198,1.96,0.253,0.6990291262135923
2923,9.5,14.5,16.6,0.0,0.0,NW,41.0,N,SW,11.0,6.0,86.0,74.0,1010.3,1012.2,0.0,0.0,12.0,13.1,Yes,0.0,0.86,48.47802197802198,1.53,0.253,0.640074211502783
2927,10.0,16.6,0.0,0.0,0.0,NNE,44.0,N,W,9.0,13.0,83.0,79.0,1013.0,1009.3,0.0,0.0,13.8,13.4,No,0.0,0.95,48.47802197802198,1.63,0.253,0.7218543046357616
2928,4.9,12.7,4.4,0.0,0.0,0,0.0,NNW,NW,22.0,20.0,90.0,72.0,1008.8,1008.6,0.0,0.0,6.7,12.5,Yes,0.0,0.8,48.47802197802198,1.49,0.253,0.640074211502783
2931,5.5,11.9,0.0,0.0,0.0,SSE,20.0,W,S,6.0,6.0,81.0,92.0,1012.1,1005.2,0.0,0.0,9.8,11.1,No,0.0,1.14,48.47802197802198,1.9,0.253,0.6990291262135923
2932,5.0,16.7,8.2,0.0,0.0,N,39.0,NW,N,9.0,24.0,71.0,62.0,1010.7,1009.0,0.0,0.0,10.6,14.2,Yes,0.0,0.87,48.47802197802198,1.28,0.253,0.23722627737226276
2934,7.4,11.8,6.6,0.0,0.0,W,44.0,E,WNW,9.0,6.0,97.0,94.0,1012.1,1008.0,0.0,0.0,9.1,10.4,Yes,0.0,0.97,48.47802197802198,1.94,0.253,0.8609271523178808
2937,2.7,18.7,0.0,0.0,0.0,NW,35.0,NW,NNW,6.0,19.0,71.0,47.0,1012.9,1008.1,0.0,0.0,12.8,18.0,No,0.0,0.66,48.47802197802198,0.97,0.253,0.35514018691588783
2939,0.8,16.4,0.0,0.0,0.0,WNW,39.0,NNW,WNW,4.0,24.0,69.0,41.0,1013.0,1009.7,0.0,0.0,9.1,14.0,No,0.0,0.59,48.47802197802198,0.85,0.253,0.35514018691588783
2942,5.6,14.3,21.8,0.0,0.0,WNW,48.0,NNE,NW,13.0,20.0,98.0,49.0,995.8,993.5,0.0,0.0,9.9,13.6,Yes,0.0,0.5,48.47802197802198,1.01,0.253,0.544973544973545
2943,5.2,12.1,22.2,0.0,0.0,WNW,54.0,NNW,WNW,22.0,19.0,91.0,70.0,994.9,995.0,0.0,0.0,7.7,10.7,Yes,0.0,0.77,48.47802197802198,1.44,0.253,0.7596899224806202
2944,6.2,19.3,0.0,0.0,0.0,N,35.0,WNW,NNW,15.0,19.0,70.0,47.0,1012.4,1007.7,0.0,0.0,11.8,18.8,Null,0.0,0.67,48.47802197802198,0.97,0.253,0.23722627737226276
2945,9.0,14.2,9.8,0.0,0.0,W,57.0,WNW,NW,17.0,30.0,66.0,50.0,997.9,999.4,0.0,0.0,13.0,12.2,Yes,0.0,0.76,48.47802197802198,1.03,0.253,0.3986013986013986
2946,7.0,13.1,2.2,0.0,0.0,WSW,65.0,WNW,NW,28.0,24.0,65.0,78.0,1005.3,1003.3,0.0,0.0,8.5,11.2,Yes,0.0,1.2,48.47802197802198,1.61,0.253,0.8387096774193549
2947,4.6,14.3,11.6,0.0,0.0,W,50.0,NW,WNW,24.0,28.0,58.0,48.0,1014.9,1014.0,0.0,0.0,8.3,12.1,Yes,0.0,0.83,48.47802197802198,0.99,0.253,0.5294117647058824
2950,10.3,19.3,0.0,0.0,0.0,ESE,35.0,SSW,E,13.0,19.0,68.0,63.0,1015.9,1016.7,0.0,0.0,15.3,16.6,No,0.0,0.93,48.47802197802198,1.3,0.253,0.2891566265060241
2958,9.5,16.0,3.8,0.0,0.0,WNW,50.0,N,W,15.0,24.0,92.0,49.0,1006.1,1006.2,0.0,0.0,10.1,15.7,Yes,0.0,0.53,48.47802197802198,1.01,0.253,0.544973544973545
2963,10.0,12.5,4.0,0.0,0.0,W,37.0,WSW,S,13.0,19.0,80.0,64.0,1009.4,1010.7,0.0,0.0,10.1,10.4,Yes,0.0,0.8,48.47802197802198,1.32,0.253,0.3869047619047619
2969,9.5,18.8,0.0,0.0,0.0,ENE,30.0,SSW,NE,6.0,11.0,64.0,65.0,1020.1,1017.1,0.0,0.0,11.4,16.4,No,0.0,1.02,48.47802197802198,1.34,0.253,0.2891566265060241
2971,11.4,21.9,1.6,0.0,0.0,NNW,43.0,E,NW,4.0,26.0,84.0,59.0,1011.2,1006.1,0.0,0.0,17.6,21.2,Yes,0.0,0.7,48.47802197802198,1.22,0.253,0.3755274261603376
2972,6.2,16.8,3.0,0.0,0.0,WSW,41.0,SW,SW,17.0,15.0,27.0,24.0,1011.1,1010.7,0.0,0.0,10.7,16.0,Yes,0.0,0.89,48.47802197802198,0.5,0.253,0.23722627737226276
2981,12.8,23.8,4.2,0.0,0.0,NE,43.0,NE,NW,9.0,15.0,83.0,49.0,1012.3,1007.1,0.0,0.0,14.8,23.5,Yes,0.0,0.59,48.47802197802198,1.01,0.253,0.22748815165876776
2982,13.7,24.7,0.0,0.0,0.0,WNW,43.0,NW,W,9.0,22.0,75.0,30.0,1008.5,1006.2,0.0,0.0,16.9,24.3,No,0.0,0.4,48.47802197802198,0.62,0.253,0.35514018691588783
2983,7.9,26.9,0.0,0.0,0.0,ENE,39.0,NW,N,9.0,15.0,69.0,31.0,1011.5,1006.6,0.0,0.0,15.9,25.2,No,0.0,0.45,48.47802197802198,0.64,0.253,0.35514018691588783
2984,14.4,26.3,15.0,0.0,0.0,WNW,61.0,NW,WNW,7.0,30.0,83.0,36.0,1001.8,997.6,0.0,0.0,17.8,25.6,Yes,0.0,0.43,48.47802197802198,0.74,0.253,0.5357142857142857
2986,8.1,19.1,13.4,0.0,0.0,SSE,41.0,N,WNW,2.0,7.0,65.0,47.0,1002.1,1004.0,0.0,0.0,14.4,17.9,Yes,0.0,0.72,48.47802197802198,0.97,0.253,0.23722627737226276
2992,12.7,30.2,0.0,0.0,0.0,ESE,43.0,W,WSW,2.0,9.0,74.0,66.0,1019.5,1017.2,0.0,0.0,19.0,21.6,No,0.0,0.89,48.47802197802198,1.36,0.253,0.2396694214876033
2995,15.6,20.2,0.0,0.0,0.0,W,37.0,NNE,NNW,2.0,13.0,70.0,99.0,1009.9,1008.1,0.0,0.0,17.6,15.5,No,0.0,1.41,48.47802197802198,2.04,0.253,0.6990291262135923
2996,3.4,22.4,5.6,0.0,0.0,WSW,35.0,S,N,7.0,15.0,58.0,45.0,1012.8,1010.2,0.0,0.0,11.4,19.5,Yes,0.0,0.78,48.47802197802198,0.93,0.253,0.23722627737226276
3008,17.3,22.9,29.6,0.0,0.0,NW,33.0,NW,N,7.0,17.0,100.0,64.0,1011.8,1009.4,0.0,0.0,18.7,22.1,Yes,0.0,0.64,48.47802197802198,1.32,0.253,0.22748815165876776
3010,9.4,30.3,0.0,0.0,0.0,WNW,59.0,WNW,NW,6.0,28.0,71.0,30.0,1005.8,997.8,0.0,0.0,17.7,29.5,No,0.0,0.42,48.47802197802198,0.62,0.253,0.5476190476190477
3017,11.7,14.6,6.0,0.0,0.0,NE,22.0,SW,NE,6.0,11.0,100.0,88.0,1016.2,1015.6,0.0,0.0,12.0,14.0,Yes,0.0,0.88,48.47802197802198,1.82,0.253,0.7237569060773481
3018,11.8,19.8,7.0,0.0,0.0,SSW,17.0,SSW,WNW,7.0,6.0,99.0,95.0,1012.6,1007.6,0.0,0.0,13.4,16.3,Yes,0.0,0.96,48.47802197802198,1.96,0.253,0.8609271523178808
3019,13.2,27.3,12.0,0.0,0.0,W,61.0,NNW,W,11.0,26.0,80.0,32.0,1006.5,1005.0,0.0,0.0,19.7,26.3,Yes,0.0,0.4,48.47802197802198,0.66,0.253,0.5357142857142857
3032,20.5,32.2,4.4,0.0,0.0,W,48.0,N,WNW,9.0,19.0,85.0,55.0,1004.0,1001.4,0.0,0.0,22.9,30.2,Yes,0.0,0.65,48.47802197802198,1.13,0.253,0.544973544973545
3034,-4.2,-0.1,11.2,0.0,0.0,S,43.0,SW,SSW,9.0,15.0,98.0,99.0,0.0,0.0,0.0,0.0,-3.7,-0.5,Yes,0.0,1.01,73.52459016393442,1.35,0.366,0.6310679611650486
3035,-3.8,2.9,0.2,0.0,0.0,SW,50.0,SSW,SW,24.0,28.0,98.0,98.0,0.0,0.0,0.0,0.0,-1.3,-0.6,No,0.0,1.0,73.52459016393442,1.33,0.366,0.39520958083832336
3036,-3.7,5.4,0.0,0.0,0.0,SW,35.0,WSW,WSW,17.0,17.0,38.0,90.0,0.0,0.0,0.0,0.0,2.6,2.5,No,0.0,2.37,73.52459016393442,1.22,0.366,0.39520958083832336
3038,-0.3,0.4,2.6,0.0,0.0,NW,39.0,ENE,WNW,17.0,4.0,100.0,100.0,0.0,0.0,0.0,0.0,0.1,0.3,Yes,0.0,1.0,73.52459016393442,1.36,0.366,0.6310679611650486
3039,-2.3,3.8,16.2,0.0,0.0,SSE,57.0,SW,S,19.0,30.0,100.0,100.0,0.0,0.0,0.0,0.0,-1.0,3.0,Yes,0.0,1.0,73.52459016393442,1.36,0.366,0.6310679611650486
3040,-1.1,2.9,3.4,0.0,0.0,SSE,56.0,SE,ESE,13.0,9.0,100.0,99.0,0.0,0.0,0.0,0.0,1.1,2.6,Yes,0.0,0.99,73.52459016393442,1.35,0.366,0.6310679611650486
3041,-0.1,3.2,0.6,0.0,0.0,E,33.0,E,E,19.0,11.0,100.0,100.0,0.0,0.0,0.0,0.0,1.3,2.2,No,0.0,1.0,73.52459016393442,1.36,0.366,0.39520958083832336
3042,0.7,5.7,3.0,0.0,0.0,E,17.0,WNW,NE,4.0,2.0,100.0,100.0,0.0,0.0,0.0,0.0,2.3,2.8,Yes,0.0,1.0,73.52459016393442,1.36,0.366,0.6310679611650486
3043,0.1,1.9,1.2,0.0,0.0,N,52.0,N,NNE,6.0,13.0,100.0,100.0,0.0,0.0,0.0,0.0,0.8,1.4,Yes,0.0,1.0,73.52459016393442,1.36,0.366,0.6310679611650486
3044,0.0,2.6,12.2,0.0,0.0,NW,78.0,NNW,WNW,31.0,20.0,100.0,100.0,0.0,0.0,0.0,0.0,1.8,1.6,Yes,0.0,1.0,73.52459016393442,1.36,0.366,0.6310679611650486
3045,-0.9,-0.5,2.6,0.0,0.0,W,89.0,NW,WNW,19.0,35.0,100.0,100.0,0.0,0.0,0.0,0.0,-0.8,-1.0,Yes,0.0,1.0,73.52459016393442,1.36,0.366,0.6310679611650486
3046,-7.5,-4.8,5.6,0.0,0.0,WSW,74.0,WSW,WSW,24.0,17.0,97.0,98.0,0.0,0.0,0.0,0.0,-7.2,-5.4,Yes,0.0,1.01,73.52459016393442,1.33,0.366,0.6310679611650486
3047,-7.3,3.2,1.0,0.0,0.0,SW,61.0,SW,SW,22.0,22.0,98.0,100.0,0.0,0.0,0.0,0.0,-5.6,-2.6,No,0.0,1.02,73.52459016393442,1.36,0.366,0.39520958083832336
3049,1.7,9.7,2.6,0.0,0.0,N,15.0,SSE,SW,2.0,6.0,44.0,66.0,0.0,0.0,0.0,0.0,7.5,7.2,Yes,0.0,1.5,73.52459016393442,0.9,0.366,0.45652173913043476
3051,1.7,8.5,0.0,0.0,0.0,W,61.0,WSW,W,28.0,26.0,31.0,98.0,0.0,0.0,0.0,0.0,6.6,5.4,No,0.0,3.16,73.52459016393442,1.33,0.366,0.39520958083832336
3052,4.4,7.7,5.2,0.0,0.0,W,50.0,WSW,W,22.0,17.0,98.0,98.0,0.0,0.0,0.0,0.0,7.0,7.1,Yes,0.0,1.0,73.52459016393442,1.33,0.366,0.9321739130434783
3053,2.8,7.7,3.6,0.0,0.0,W,35.0,ESE,N,6.0,6.0,76.0,96.0,0.0,0.0,0.0,0.0,5.5,5.7,Yes,0.0,1.26,73.52459016393442,1.31,0.366,0.6310679611650486
3054,2.6,7.4,0.0,0.0,0.0,W,43.0,N,W,9.0,19.0,98.0,98.0,0.0,0.0,0.0,0.0,4.1,4.9,No,0.0,1.0,73.52459016393442,1.33,0.366,0.39520958083832336
3055,4.1,8.6,6.4,0.0,0.0,NW,107.0,NW,WNW,37.0,41.0,98.0,98.0,0.0,0.0,0.0,0.0,7.4,8.5,Yes,0.0,1.0,73.52459016393442,1.33,0.366,0.6310679611650486
3056,-3.7,-2.2,50.4,0.0,0.0,W,94.0,W,W,28.0,22.0,98.0,99.0,0.0,0.0,0.0,0.0,-2.9,-3.8,Yes,0.0,1.01,73.52459016393442,1.35,0.366,0.6310679611650486
3057,-7.0,-2.5,2.0,0.0,0.0,WSW,50.0,W,W,13.0,17.0,98.0,99.0,0.0,0.0,0.0,0.0,-5.2,-3.7,Yes,0.0,1.01,73.52459016393442,1.35,0.366,0.6310679611650486
3058,-5.3,-1.1,19.2,0.0,0.0,WNW,50.0,WSW,WNW,13.0,19.0,100.0,100.0,0.0,0.0,0.0,0.0,-2.5,-1.6,Yes,0.0,1.0,73.52459016393442,1.36,0.366,0.6310679611650486
3059,-6.1,-1.8,23.0,0.0,0.0,WSW,59.0,W,W,20.0,20.0,99.0,100.0,0.0,0.0,0.0,0.0,-4.5,-3.1,Yes,0.0,1.01,73.52459016393442,1.36,0.366,0.6310679611650486
3060,-4.6,-0.1,23.2,0.0,0.0,W,52.0,W,WSW,19.0,22.0,100.0,100.0,0.0,0.0,0.0,0.0,-1.8,-0.5,Yes,0.0,1.0,73.52459016393442,1.36,0.366,0.6310679611650486
3061,-3.6,-0.3,1.4,0.0,0.0,SW,56.0,SW,SW,17.0,30.0,100.0,100.0,0.0,0.0,0.0,0.0,-1.3,-0.8,Yes,0.0,1.0,73.52459016393442,1.36,0.366,0.6310679611650486
3062,-3.4,2.0,0.0,0.0,0.0,SW,52.0,SW,WSW,24.0,24.0,96.0,100.0,0.0,0.0,0.0,0.0,-2.6,0.4,No,0.0,1.04,73.52459016393442,1.36,0.366,0.39520958083832336
3064,-0.9,3.3,0.0,0.0,0.0,WSW,67.0,W,WSW,28.0,20.0,98.0,100.0,0.0,0.0,0.0,0.0,1.0,2.6,No,0.0,1.02,73.52459016393442,1.36,0.366,0.39520958083832336
3065,0.3,1.9,0.0,0.0,0.0,W,65.0,W,W,20.0,20.0,100.0,100.0,0.0,0.0,0.0,0.0,1.7,0.2,No,0.0,1.0,73.52459016393442,1.36,0.366,0.39520958083832336
3066,-3.3,0.2,7.2,0.0,0.0,ESE,52.0,SSE,ESE,17.0,9.0,100.0,100.0,0.0,0.0,0.0,0.0,-3.3,-1.9,Yes,0.0,1.0,73.52459016393442,1.36,0.366,0.6310679611650486
3068,-4.0,1.5,0.0,0.0,0.0,SE,50.0,ESE,ESE,11.0,7.0,99.0,92.0,0.0,0.0,0.0,0.0,-1.6,0.8,No,0.0,0.93,73.52459016393442,1.25,0.366,0.39520958083832336
3069,-3.0,3.9,0.0,0.0,0.0,ESE,33.0,WSW,W,6.0,6.0,0.0,87.0,0.0,0.0,0.0,0.0,-0.5,3.1,No,0.0,0.0,73.52459016393442,1.18,0.366,0.39520958083832336
3070,-2.4,2.0,0.0,0.0,0.0,NW,31.0,WNW,WNW,17.0,4.0,100.0,97.0,0.0,0.0,0.0,0.0,-0.8,0.9,No,0.0,0.97,73.52459016393442,1.32,0.366,0.39520958083832336
3071,-2.1,2.2,0.0,0.0,0.0,NNW,31.0,NE,NNE,4.0,4.0,100.0,100.0,0.0,0.0,0.0,0.0,-0.9,0.5,No,0.0,1.0,73.52459016393442,1.36,0.366,0.39520958083832336
3074,1.2,3.4,6.8,0.0,0.0,NW,76.0,W,WNW,26.0,35.0,100.0,79.0,0.0,0.0,0.0,0.0,2.1,3.0,Yes,0.0,0.79,73.52459016393442,1.07,0.366,0.8387096774193549
3077,-4.1,3.9,0.0,0.0,0.0,SW,52.0,WSW,WSW,26.0,24.0,0.0,83.0,0.0,0.0,0.0,0.0,-0.8,2.6,No,0.0,0.0,73.52459016393442,1.13,0.366,0.4396551724137931
3081,1.0,4.2,0.2,0.0,0.0,W,54.0,W,W,24.0,22.0,100.0,100.0,0.0,0.0,0.0,0.0,2.8,2.5,No,0.0,1.0,73.52459016393442,1.36,0.366,0.39520958083832336
3083,1.4,7.5,0.0,0.0,0.0,NNW,72.0,NNW,NNW,24.0,30.0,98.0,88.0,0.0,0.0,0.0,0.0,4.4,5.6,No,0.0,0.9,73.52459016393442,1.2,0.366,0.39520958083832336
3084,-3.8,-1.0,12.4,0.0,0.0,WSW,57.0,W,W,24.0,26.0,100.0,100.0,0.0,0.0,0.0,0.0,-3.7,-2.9,Yes,0.0,1.0,73.52459016393442,1.36,0.366,0.6310679611650486
3085,-4.0,0.0,7.6,0.0,0.0,WSW,54.0,W,W,20.0,24.0,100.0,100.0,0.0,0.0,0.0,0.0,-1.1,-0.3,Yes,0.0,1.0,73.52459016393442,1.36,0.366,0.6310679611650486
3086,-1.3,0.3,1.2,0.0,0.0,W,41.0,W,NNE,11.0,9.0,100.0,100.0,0.0,0.0,0.0,0.0,-0.2,0.0,Yes,0.0,1.0,73.52459016393442,1.36,0.366,0.6310679611650486
3087,-1.9,2.4,3.6,0.0,0.0,SSE,28.0,SSE,SW,11.0,6.0,100.0,96.0,0.0,0.0,0.0,0.0,-1.6,2.4,Yes,0.0,0.96,73.52459016393442,1.31,0.366,0.6310679611650486
3088,-1.7,0.6,0.0,0.0,0.0,SSE,24.0,ENE,NE,9.0,4.0,100.0,100.0,0.0,0.0,0.0,0.0,0.0,0.3,No,0.0,1.0,73.52459016393442,1.36,0.366,0.39520958083832336
3089,-3.8,1.6,9.0,0.0,0.0,SW,37.0,SW,WSW,17.0,13.0,100.0,85.0,0.0,0.0,0.0,0.0,-1.9,-0.6,Yes,0.0,0.85,73.52459016393442,1.16,0.366,0.6310679611650486
3091,-3.5,4.8,0.0,0.0,0.0,W,41.0,WSW,W,9.0,20.0,48.0,83.0,0.0,0.0,0.0,0.0,1.0,3.0,No,0.0,1.73,73.52459016393442,1.13,0.366,0.23243243243243245
3092,-3.6,3.1,0.0,0.0,0.0,SW,56.0,SW,WSW,20.0,26.0,100.0,89.0,0.0,0.0,0.0,0.0,-1.6,2.3,No,0.0,0.89,73.52459016393442,1.21,0.366,0.39520958083832336
3095,4.8,6.4,20.8,0.0,0.0,NW,70.0,WNW,W,24.0,19.0,100.0,100.0,0.0,0.0,0.0,0.0,5.4,5.1,Yes,0.0,1.0,73.52459016393442,1.36,0.366,0.9321739130434783
3096,0.7,9.8,6.8,0.0,0.0,W,39.0,WSW,WNW,17.0,13.0,99.0,88.0,0.0,0.0,0.0,0.0,3.7,5.8,Yes,0.0,0.89,73.52459016393442,1.2,0.366,0.6310679611650486
3097,1.6,4.4,0.0,0.0,0.0,E,52.0,E,E,15.0,20.0,100.0,100.0,0.0,0.0,0.0,0.0,2.7,2.6,No,0.0,1.0,73.52459016393442,1.36,0.366,0.39520958083832336
3098,1.7,2.8,45.4,0.0,0.0,W,72.0,SSW,W,26.0,28.0,100.0,100.0,0.0,0.0,0.0,0.0,1.8,1.6,Yes,0.0,1.0,73.52459016393442,1.36,0.366,0.6310679611650486
3099,-1.6,11.3,2.8,0.0,0.0,WSW,46.0,SW,WSW,19.0,17.0,100.0,89.0,0.0,0.0,0.0,0.0,0.0,4.9,Yes,0.0,0.89,73.52459016393442,1.21,0.366,0.6310679611650486
3103,4.3,10.0,0.0,0.0,0.0,NW,41.0,NW,NNW,15.0,15.0,98.0,94.0,0.0,0.0,0.0,0.0,5.1,6.5,No,0.0,0.96,73.52459016393442,1.28,0.366,0.5209580838323353
3104,3.7,6.8,0.0,0.0,0.0,N,74.0,N,NNE,24.0,28.0,98.0,98.0,0.0,0.0,0.0,0.0,4.9,6.1,No,0.0,1.0,73.52459016393442,1.33,0.366,0.39520958083832336
3105,1.9,4.5,46.6,0.0,0.0,NNW,48.0,W,WSW,19.0,20.0,97.0,97.0,0.0,0.0,0.0,0.0,3.3,3.0,Yes,0.0,1.0,73.52459016393442,1.32,0.366,0.6310679611650486
3106,-0.6,7.5,11.2,0.0,0.0,SW,41.0,WSW,WSW,11.0,13.0,65.0,78.0,0.0,0.0,0.0,0.0,4.5,5.9,Yes,0.0,1.2,73.52459016393442,1.06,0.366,0.640074211502783
3108,1.3,6.4,0.0,0.0,0.0,NNE,41.0,ENE,NNE,19.0,11.0,98.0,98.0,0.0,0.0,0.0,0.0,3.3,5.7,No,0.0,1.0,73.52459016393442,1.33,0.366,0.39520958083832336
3109,3.3,6.8,2.8,0.0,0.0,NNW,57.0,NNW,WNW,20.0,22.0,98.0,97.0,0.0,0.0,0.0,0.0,6.3,1.4,Yes,0.0,0.99,73.52459016393442,1.32,0.366,0.6310679611650486
3110,-2.2,1.1,24.2,0.0,0.0,WNW,63.0,WNW,W,19.0,33.0,97.0,97.0,0.0,0.0,0.0,0.0,-1.7,0.6,Yes,0.0,1.0,73.52459016393442,1.32,0.366,0.6310679611650486
3111,-1.7,3.5,6.4,0.0,0.0,W,54.0,WSW,W,20.0,24.0,97.0,93.0,0.0,0.0,0.0,0.0,0.3,2.3,Yes,0.0,0.96,73.52459016393442,1.26,0.366,0.6310679611650486
3113,1.6,3.7,0.0,0.0,0.0,ENE,37.0,NE,E,11.0,13.0,98.0,98.0,0.0,0.0,0.0,0.0,3.1,3.3,No,0.0,1.0,73.52459016393442,1.33,0.366,0.39520958083832336
3114,-0.3,7.5,10.0,0.0,0.0,S,35.0,SW,SW,11.0,13.0,97.0,72.0,0.0,0.0,0.0,0.0,1.5,5.6,Yes,0.0,0.74,73.52459016393442,0.98,0.366,0.640074211502783
3116,1.0,4.2,6.0,0.0,0.0,WNW,41.0,NE,WNW,15.0,11.0,98.0,98.0,0.0,0.0,0.0,0.0,1.8,2.5,Yes,0.0,1.0,73.52459016393442,1.33,0.366,0.6310679611650486
3117,0.8,4.5,13.8,0.0,0.0,SSE,54.0,SSW,SSW,20.0,28.0,98.0,98.0,0.0,0.0,0.0,0.0,2.0,3.6,Yes,0.0,1.0,73.52459016393442,1.33,0.366,0.6310679611650486
3119,2.2,10.4,5.2,0.0,0.0,NW,37.0,NW,NW,9.0,13.0,98.0,94.0,0.0,0.0,0.0,0.0,5.7,7.1,Yes,0.0,0.96,73.52459016393442,1.28,0.366,0.6310679611650486
3120,1.8,5.9,0.0,0.0,0.0,WSW,48.0,WSW,SW,20.0,19.0,98.0,98.0,0.0,0.0,0.0,0.0,4.4,4.3,No,0.0,1.0,73.52459016393442,1.33,0.366,0.39520958083832336
3121,-3.2,5.4,0.0,0.0,0.0,WSW,41.0,WSW,WSW,19.0,19.0,95.0,87.0,0.0,0.0,0.0,0.0,0.8,1.2,No,0.0,0.92,73.52459016393442,1.18,0.366,0.39520958083832336
3122,-1.9,5.5,6.0,0.0,0.0,WSW,63.0,W,WSW,15.0,28.0,97.0,74.0,0.0,0.0,0.0,0.0,-1.6,2.4,Yes,0.0,0.76,73.52459016393442,1.01,0.366,0.8387096774193549
3124,1.4,3.8,18.0,0.0,0.0,NNW,70.0,NNE,WNW,22.0,22.0,98.0,96.0,0.0,0.0,0.0,0.0,2.6,2.5,Yes,0.0,0.98,73.52459016393442,1.31,0.366,0.6310679611650486
3125,-1.7,2.5,0.0,0.0,0.0,WSW,72.0,W,W,26.0,22.0,97.0,97.0,0.0,0.0,0.0,0.0,1.0,1.6,Null,0.0,1.0,73.52459016393442,1.32,0.366,0.6310679611650486
3126,-0.6,9.5,5.0,0.0,0.0,NNW,61.0,W,NW,17.0,19.0,97.0,56.0,0.0,0.0,0.0,0.0,2.4,9.4,Yes,0.0,0.58,73.52459016393442,0.76,0.366,0.5294117647058824
3127,2.2,2.6,22.0,0.0,0.0,WNW,80.0,WSW,W,20.0,30.0,98.0,94.0,0.0,0.0,0.0,0.0,2.2,0.8,Yes,0.0,0.96,73.52459016393442,1.28,0.366,0.6310679611650486
3128,-2.2,1.5,13.0,0.0,0.0,NW,96.0,W,WNW,26.0,28.0,98.0,98.0,0.0,0.0,0.0,0.0,-1.5,0.9,Yes,0.0,1.0,73.52459016393442,1.33,0.366,0.6310679611650486
3129,-4.7,2.4,14.4,0.0,0.0,WSW,78.0,WSW,WSW,26.0,31.0,98.0,94.0,0.0,0.0,0.0,0.0,-3.3,1.3,Yes,0.0,0.96,73.52459016393442,1.28,0.366,0.6310679611650486
3134,6.5,6.5,0.0,0.0,0.0,W,74.0,W,W,20.0,20.0,98.0,99.0,0.0,0.0,0.0,0.0,6.5,0.7,No,0.0,1.01,73.52459016393442,1.35,0.366,0.9321739130434783
3135,-4.6,3.9,5.8,0.0,0.0,WSW,61.0,WSW,WSW,19.0,19.0,97.0,66.0,0.0,0.0,0.0,0.0,-3.6,2.4,Yes,0.0,0.68,73.52459016393442,0.9,0.366,0.5294117647058824
3136,-3.7,4.2,0.0,0.0,0.0,SW,44.0,WSW,WSW,7.0,22.0,98.0,89.0,0.0,0.0,0.0,0.0,-1.1,2.8,No,0.0,0.91,73.52459016393442,1.21,0.366,0.39520958083832336
3137,-4.6,7.0,1.4,0.0,0.0,SSE,33.0,SE,ENE,13.0,6.0,94.0,64.0,0.0,0.0,0.0,0.0,-1.9,5.0,Yes,0.0,0.68,73.52459016393442,0.87,0.366,0.3484848484848485
3141,0.6,4.3,13.4,0.0,0.0,WNW,89.0,WNW,SW,19.0,20.0,98.0,98.0,0.0,0.0,0.0,0.0,0.9,2.2,Yes,0.0,1.0,73.52459016393442,1.33,0.366,0.6310679611650486
3142,-0.6,3.8,2.4,0.0,0.0,NW,70.0,W,W,28.0,26.0,98.0,97.0,0.0,0.0,0.0,0.0,1.0,3.5,Yes,0.0,0.99,73.52459016393442,1.32,0.366,0.6310679611650486
3143,-4.0,7.6,3.6,0.0,0.0,WSW,65.0,SW,WSW,19.0,9.0,94.0,41.0,0.0,0.0,0.0,0.0,-1.2,6.2,Yes,0.0,0.44,73.52459016393442,0.56,0.366,0.5294117647058824
3146,3.1,4.1,2.4,0.0,0.0,WSW,46.0,WNW,WSW,13.0,17.0,99.0,95.0,0.0,0.0,0.0,0.0,3.3,1.7,Yes,0.0,0.96,73.52459016393442,1.29,0.366,0.6310679611650486
3147,-3.4,7.4,1.4,0.0,0.0,S,83.0,SSW,SW,11.0,9.0,94.0,57.0,0.0,0.0,0.0,0.0,-1.3,5.8,Yes,0.0,0.61,73.52459016393442,0.78,0.366,0.5294117647058824
3154,8.0,11.0,0.8,0.0,0.0,NW,72.0,NNW,WNW,28.0,33.0,99.0,99.0,0.0,0.0,0.0,0.0,10.0,8.9,No,0.0,1.0,73.52459016393442,1.35,0.366,0.9321739130434783
3155,-4.8,6.2,21.6,0.0,0.0,WSW,74.0,WSW,W,26.0,19.0,59.0,50.0,0.0,0.0,0.0,0.0,-1.3,5.5,Yes,0.0,0.85,73.52459016393442,0.68,0.366,0.5294117647058824
3167,8.3,15.2,13.4,0.0,0.0,W,83.0,NW,W,20.0,31.0,99.0,78.0,0.0,0.0,0.0,0.0,9.7,14.2,Yes,0.0,0.79,73.52459016393442,1.06,0.366,0.8387096774193549
3168,2.3,4.3,3.8,0.0,0.0,WNW,74.0,W,WNW,24.0,39.0,97.0,98.0,0.0,0.0,0.0,0.0,2.8,2.8,Yes,0.0,1.01,73.52459016393442,1.33,0.366,0.6310679611650486
3169,1.0,8.8,23.2,0.0,0.0,SW,50.0,SW,SW,28.0,17.0,98.0,97.0,0.0,0.0,0.0,0.0,3.7,6.9,Yes,0.0,0.99,73.52459016393442,1.32,0.366,0.6310679611650486
3170,1.4,12.9,2.6,0.0,0.0,WSW,33.0,WSW,NNW,11.0,7.0,94.0,73.0,0.0,0.0,0.0,0.0,5.2,9.5,Yes,0.0,0.78,73.52459016393442,0.99,0.366,0.640074211502783
3176,9.2,22.5,8.4,0.0,0.0,N,50.0,NW,W,20.0,15.0,59.0,46.0,0.0,0.0,0.0,0.0,16.3,21.6,Yes,0.0,0.78,73.52459016393442,0.63,0.366,0.3741496598639456
3178,9.5,9.7,0.0,0.0,0.0,W,57.0,WSW,WNW,13.0,17.0,97.0,98.0,0.0,0.0,0.0,0.0,9.6,7.1,No,0.0,1.01,73.52459016393442,1.33,0.366,0.9321739130434783
3179,-1.1,12.1,6.4,0.0,0.0,S,52.0,S,WSW,13.0,17.0,69.0,47.0,0.0,0.0,0.0,0.0,6.0,11.0,Yes,0.0,0.68,73.52459016393442,0.64,0.366,0.5294117647058824
3191,11.0,14.2,34.0,0.0,0.0,W,56.0,W,W,19.0,19.0,99.0,88.0,0.0,0.0,0.0,0.0,11.8,12.9,Yes,0.0,0.89,73.52459016393442,1.2,0.366,0.8609271523178808
3194,1.1,11.4,3.4,0.0,0.0,WSW,63.0,WSW,WSW,17.0,15.0,75.0,60.0,0.0,0.0,0.0,0.0,3.7,9.9,Yes,0.0,0.8,73.52459016393442,0.82,0.366,0.5294117647058824
3199,13.5,15.9,0.0,0.0,0.0,NW,61.0,W,W,26.0,13.0,64.0,98.0,0.0,0.0,0.0,0.0,15.4,12.4,No,0.0,1.53,73.52459016393442,1.33,0.366,0.9321739130434783
3200,7.3,8.8,4.6,0.0,0.0,ENE,30.0,NE,NE,9.0,9.0,98.0,98.0,0.0,0.0,0.0,0.0,7.4,7.7,Yes,0.0,1.0,73.52459016393442,1.33,0.366,0.8900523560209425
3201,5.8,12.0,4.2,0.0,0.0,ENE,39.0,ENE,NNE,20.0,11.0,97.0,97.0,0.0,0.0,0.0,0.0,7.3,9.4,Yes,0.0,1.0,73.52459016393442,1.32,0.366,0.8900523560209425
3202,7.0,16.3,7.2,0.0,0.0,W,70.0,WSW,W,19.0,33.0,97.0,50.0,0.0,0.0,0.0,0.0,9.9,15.2,Yes,0.0,0.52,73.52459016393442,0.68,0.366,0.5357142857142857
3210,10.3,21.2,3.6,0.0,0.0,NE,30.0,NE,NE,11.0,11.0,67.0,45.0,0.0,0.0,0.0,0.0,15.9,20.7,Yes,0.0,0.67,73.52459016393442,0.61,0.366,0.23722627737226276
3212,12.7,21.8,0.0,0.0,0.0,ENE,39.0,NW,N,11.0,13.0,79.0,87.0,0.0,0.0,0.0,0.0,15.5,16.6,No,0.0,1.1,73.52459016393442,1.18,0.366,0.6990291262135923
3214,12.8,17.9,0.8,0.0,0.0,NW,56.0,WNW,W,17.0,19.0,78.0,95.0,0.0,0.0,0.0,0.0,14.0,15.5,No,0.0,1.22,73.52459016393442,1.29,0.366,0.9321739130434783
3215,14.0,18.5,15.0,0.0,0.0,WSW,72.0,NW,WNW,20.0,22.0,98.0,98.0,0.0,0.0,0.0,0.0,15.4,17.2,Yes,0.0,1.0,73.52459016393442,1.33,0.366,0.9321739130434783
3216,11.4,21.2,18.0,0.0,0.0,W,48.0,WSW,W,15.0,19.0,87.0,49.0,0.0,0.0,0.0,0.0,14.8,20.3,Yes,0.0,0.56,73.52459016393442,0.67,0.366,0.5357142857142857
3217,2.4,9.1,15.4,0.0,0.0,WSW,43.0,SW,W,13.0,20.0,99.0,96.0,1020.5,1021.9,8.0,8.0,6.5,8.8,Yes,1.0,0.97,68.80434782608695,1.4,0.397,0.6310679611650486
3218,5.5,11.5,1.2,0.0,0.0,W,43.0,N,W,11.0,24.0,100.0,98.0,1026.5,1025.7,8.0,8.0,7.5,10.3,Yes,1.0,0.98,68.80434782608695,1.42,0.397,0.8900523560209425
3219,6.9,11.5,0.4,0.0,0.0,NNW,46.0,N,NNW,20.0,26.0,100.0,95.0,1025.0,1021.9,8.0,8.0,8.0,10.7,No,1.0,0.95,68.80434782608695,1.38,0.397,0.5209580838323353
3220,6.4,8.1,0.0,0.0,0.0,N,46.0,N,N,24.0,26.0,100.0,98.0,1016.9,1013.0,8.0,7.0,6.5,7.6,No,0.88,0.98,68.80434782608695,1.42,0.397,0.6296296296296297
3221,5.5,8.4,1.4,0.0,0.0,S,48.0,S,S,15.0,22.0,100.0,100.0,1013.5,1012.5,7.0,8.0,6.0,7.5,Yes,1.14,1.0,68.80434782608695,1.45,0.397,0.9321739130434783
3222,6.0,9.7,10.8,0.0,0.0,S,44.0,S,S,31.0,28.0,100.0,100.0,1018.6,1020.0,8.0,8.0,8.3,9.3,Yes,1.0,1.0,68.80434782608695,1.45,0.397,0.8900523560209425
3223,7.4,9.5,3.4,0.0,0.0,S,37.0,SE,SE,22.0,22.0,100.0,99.0,1023.2,1021.0,8.0,8.0,8.1,9.2,Yes,1.0,0.99,68.80434782608695,1.44,0.397,0.8900523560209425
3224,5.7,11.1,6.0,0.0,0.0,N,22.0,N,N,9.0,13.0,100.0,91.0,1021.6,1021.4,6.0,3.0,7.6,10.4,Yes,0.5,0.91,68.80434782608695,1.32,0.397,0.7237569060773481
3225,0.2,11.8,0.2,0.0,0.0,WSW,50.0,E,W,6.0,6.0,100.0,66.0,1025.7,1023.2,8.0,0.0,4.0,10.9,No,0.0,0.66,68.80434782608695,0.96,0.397,0.2396694214876033
3226,4.0,9.0,0.0,0.0,0.0,NNE,78.0,NNE,N,30.0,48.0,100.0,100.0,1019.5,1012.2,8.0,8.0,7.7,7.9,No,1.0,1.0,68.80434782608695,1.45,0.397,0.39520958083832336
3227,7.0,9.7,8.2,0.0,0.0,N,69.0,N,N,39.0,41.0,98.0,90.0,1002.6,1000.7,8.0,8.0,7.7,9.5,Yes,1.0,0.92,68.80434782608695,1.31,0.397,0.8609271523178808
3228,6.7,7.9,3.6,0.0,0.0,NNW,91.0,NNW,W,56.0,35.0,86.0,98.0,995.8,999.5,8.0,8.0,7.3,1.7,Yes,1.0,1.14,68.80434782608695,1.42,0.397,0.9321739130434783
3229,0.3,7.0,4.0,0.0,0.0,WNW,69.0,WSW,SW,28.0,20.0,98.0,95.0,1017.3,1022.6,8.0,8.0,2.1,5.2,Yes,1.0,0.97,68.80434782608695,1.38,0.397,0.6310679611650486
3231,3.6,10.0,0.6,0.0,0.0,WNW,30.0,WNW,W,13.0,17.0,100.0,93.0,1032.7,1031.3,8.0,8.0,7.0,9.4,No,1.0,0.93,68.80434782608695,1.35,0.397,0.39520958083832336
3233,1.6,10.9,0.4,0.0,0.0,NNE,57.0,N,N,28.0,37.0,99.0,83.0,1029.0,1025.2,8.0,8.0,5.0,9.9,No,1.0,0.84,68.80434782608695,1.21,0.397,0.4896907216494845
3234,4.9,13.3,0.0,0.0,0.0,NNE,54.0,N,N,35.0,31.0,100.0,98.0,1020.6,1018.0,7.0,7.0,7.2,12.9,No,1.0,0.98,68.80434782608695,1.42,0.397,0.9321739130434783
3235,7.1,11.7,0.0,0.0,0.0,N,17.0,0,SW,0.0,11.0,100.0,98.0,1022.8,1021.6,8.0,8.0,8.1,11.1,No,1.0,0.98,68.80434782608695,1.42,0.397,0.6296296296296297
3236,6.6,13.7,2.4,0.0,0.0,S,24.0,SSE,SE,13.0,13.0,100.0,71.0,1023.2,1021.5,7.0,4.0,8.6,13.5,Yes,0.57,0.71,68.80434782608695,1.03,0.397,0.22330097087378642
3237,3.4,13.8,1.0,0.0,0.0,NNE,61.0,N,NNE,22.0,26.0,98.0,99.0,1016.7,1012.9,8.0,8.0,9.1,11.2,No,1.0,1.01,68.80434782608695,1.44,0.397,0.39520958083832336
3238,9.0,12.5,4.4,0.0,0.0,N,74.0,NNW,WNW,37.0,31.0,99.0,97.0,999.2,996.3,8.0,8.0,11.2,10.1,Yes,1.0,0.98,68.80434782608695,1.41,0.397,0.9321739130434783
3239,3.3,7.2,10.8,0.0,0.0,WNW,61.0,WSW,W,20.0,31.0,96.0,96.0,1005.7,1009.3,8.0,5.0,3.9,6.2,Yes,0.62,1.0,68.80434782608695,1.4,0.397,0.6310679611650486
3240,0.0,7.9,1.4,0.0,0.0,N,65.0,N,NNW,26.0,28.0,100.0,99.0,1010.6,1005.5,8.0,8.0,2.5,6.5,Yes,1.0,0.99,68.80434782608695,1.44,0.397,0.6310679611650486
3241,2.5,10.0,1.0,0.0,0.0,NNW,78.0,WNW,N,20.0,44.0,99.0,98.0,1009.9,1004.7,8.0,8.0,6.2,8.0,No,1.0,0.99,68.80434782608695,1.42,0.397,0.39520958083832336
3242,1.0,6.6,6.6,0.0,0.0,NNW,61.0,N,N,24.0,30.0,100.0,98.0,1013.1,1009.7,8.0,8.0,1.8,5.7,Yes,1.0,0.98,68.80434782608695,1.42,0.397,0.6310679611650486
3243,1.8,7.9,2.2,0.0,0.0,SW,44.0,SW,W,22.0,30.0,99.0,97.0,1014.5,1019.1,8.0,8.0,6.1,6.5,Yes,1.0,0.98,68.80434782608695,1.41,0.397,0.6310679611650486
3245,6.0,10.7,0.0,0.0,0.0,NNW,43.0,N,WNW,31.0,20.0,100.0,100.0,1022.5,1021.0,8.0,8.0,8.3,9.5,No,1.0,1.0,68.80434782608695,1.45,0.397,0.6296296296296297
3246,7.6,9.2,4.2,0.0,0.0,N,57.0,N,N,31.0,37.0,100.0,99.0,1021.1,1016.3,8.0,8.0,8.0,8.8,Yes,1.0,0.99,68.80434782608695,1.44,0.397,0.9321739130434783
3247,4.3,12.4,2.6,0.0,0.0,N,44.0,NNE,N,6.0,22.0,100.0,69.0,1017.4,1014.9,8.0,1.0,7.4,12.3,Yes,0.12,0.69,68.80434782608695,1.0,0.397,0.6138613861386139
3248,7.3,10.5,3.2,0.0,0.0,N,44.0,N,N,20.0,20.0,100.0,100.0,1011.5,1010.1,8.0,7.0,9.2,9.9,Yes,0.88,1.0,68.80434782608695,1.45,0.397,0.8900523560209425
3249,3.3,9.8,3.6,0.0,0.0,S,48.0,S,SSW,26.0,26.0,91.0,82.0,1021.2,1021.9,0.0,8.0,5.9,9.2,Yes,0.0,0.9,68.80434782608695,1.19,0.397,0.7555555555555555
3250,5.8,10.0,0.4,0.0,0.0,S,39.0,S,S,20.0,26.0,99.0,93.0,1026.9,1026.8,7.0,8.0,6.7,8.1,No,1.14,0.94,68.80434782608695,1.35,0.397,0.5209580838323353
3255,0.1,10.4,0.0,0.0,0.0,N,56.0,N,N,22.0,41.0,87.0,70.0,1024.4,1020.4,8.0,3.0,5.7,10.0,No,0.38,0.8,68.80434782608695,1.02,0.397,0.2396694214876033
3256,5.7,12.7,0.0,0.0,0.0,NNE,65.0,NNE,N,33.0,43.0,92.0,87.0,1014.9,1008.4,8.0,8.0,7.7,10.3,No,1.0,0.95,68.80434782608695,1.26,0.397,0.5209580838323353
3257,4.5,9.5,4.2,0.0,0.0,NNW,61.0,N,N,28.0,39.0,98.0,93.0,1010.7,1008.5,5.0,8.0,6.0,8.8,Yes,1.6,0.95,68.80434782608695,1.35,0.397,0.8609271523178808
3258,1.4,11.0,5.6,0.0,0.0,WNW,37.0,N,NW,17.0,24.0,98.0,71.0,1019.3,1020.1,5.0,6.0,3.8,9.3,Yes,1.2,0.72,68.80434782608695,1.03,0.397,0.6138613861386139
3259,3.7,10.1,0.0,0.0,0.0,N,52.0,N,N,30.0,37.0,100.0,98.0,1021.1,1016.9,8.0,8.0,5.9,9.5,No,1.0,0.98,68.80434782608695,1.42,0.397,0.39520958083832336
3260,0.9,11.5,4.6,0.0,0.0,WNW,35.0,N,NNW,19.0,20.0,100.0,93.0,1022.1,1021.1,6.0,8.0,5.1,10.2,Yes,1.33,0.93,68.80434782608695,1.35,0.397,0.6310679611650486
3264,8.1,14.3,2.4,0.0,0.0,W,52.0,SW,W,11.0,6.0,100.0,56.0,1023.9,1022.6,8.0,0.0,9.3,14.2,Yes,0.0,0.56,68.80434782608695,0.81,0.397,0.5357142857142857
3265,4.7,18.0,0.0,0.0,0.0,N,69.0,N,N,31.0,41.0,86.0,66.0,1017.6,1012.6,0.0,7.0,11.3,16.6,No,0.0,0.77,68.80434782608695,0.96,0.397,0.3865546218487395
3266,9.0,9.2,8.8,0.0,0.0,N,67.0,NNW,N,28.0,28.0,100.0,98.0,1006.8,1006.4,8.0,8.0,9.2,8.4,Yes,1.0,0.98,68.80434782608695,1.42,0.397,0.9321739130434783
3267,2.1,9.7,8.4,0.0,0.0,W,52.0,NNW,W,30.0,28.0,98.0,83.0,1012.3,1012.8,5.0,8.0,4.8,9.0,Yes,1.6,0.85,68.80434782608695,1.21,0.397,0.640074211502783
3268,4.6,10.8,5.2,0.0,0.0,NW,37.0,N,NW,20.0,28.0,100.0,98.0,1016.3,1013.4,7.0,8.0,7.5,9.8,Yes,1.14,0.98,68.80434782608695,1.42,0.397,0.8900523560209425
3269,4.0,12.4,2.4,0.0,0.0,W,37.0,NNE,SSW,15.0,9.0,99.0,74.0,1014.3,1012.5,2.0,8.0,8.6,10.6,Yes,4.0,0.75,68.80434782608695,1.08,0.397,0.640074211502783
3270,3.5,11.0,0.8,0.0,0.0,S,30.0,SSE,S,15.0,13.0,99.0,63.0,1017.9,1016.9,0.0,3.0,6.4,10.7,No,0.0,0.64,68.80434782608695,0.92,0.397,0.2891566265060241
3271,0.5,9.6,0.4,0.0,0.0,S,30.0,S,SSW,15.0,17.0,100.0,84.0,1016.3,1013.8,8.0,8.0,4.5,8.6,No,1.0,0.84,68.80434782608695,1.22,0.397,0.39520958083832336
3272,3.0,10.2,1.2,0.0,0.0,SSW,41.0,WSW,SSW,15.0,20.0,100.0,69.0,1015.9,1016.3,8.0,8.0,5.0,9.6,Yes,1.0,0.69,68.80434782608695,1.0,0.397,0.6138613861386139
3273,1.5,9.2,3.4,0.0,0.0,W,30.0,W,W,11.0,17.0,100.0,70.0,1022.7,1021.3,2.0,8.0,5.3,8.5,Yes,4.0,0.7,68.80434782608695,1.02,0.397,0.3484848484848485
3277,9.2,12.3,0.0,0.0,0.0,N,69.0,NNE,NNE,35.0,39.0,80.0,99.0,1019.2,1014.2,8.0,7.0,10.2,10.3,No,0.88,1.24,68.80434782608695,1.44,0.397,0.9321739130434783
3278,9.1,14.4,6.8,0.0,0.0,W,41.0,NNW,W,17.0,26.0,99.0,81.0,1014.8,1014.6,8.0,5.0,11.1,13.0,Yes,0.62,0.82,68.80434782608695,1.18,0.397,0.640074211502783
3279,8.4,13.6,1.4,0.0,0.0,SE,28.0,WSW,SSW,2.0,9.0,100.0,74.0,1018.9,1015.5,8.0,8.0,9.3,12.0,Yes,1.0,0.74,68.80434782608695,1.08,0.397,0.4563106796116505
3280,6.8,12.3,0.0,0.0,0.0,SSE,43.0,SE,SE,26.0,22.0,98.0,77.0,1013.1,1007.7,8.0,4.0,9.0,11.9,No,0.5,0.79,68.80434782608695,1.12,0.397,0.23243243243243245
3282,5.3,12.3,1.6,0.0,0.0,WSW,31.0,WNW,NW,19.0,20.0,99.0,84.0,1023.2,1024.5,7.0,8.0,8.0,12.1,Yes,1.14,0.85,68.80434782608695,1.22,0.397,0.7237569060773481
3286,9.4,18.2,0.0,0.0,0.0,NNE,59.0,N,NNE,39.0,41.0,98.0,72.0,1021.4,1016.1,2.0,7.0,12.4,17.1,No,3.5,0.73,68.80434782608695,1.05,0.397,0.4563106796116505
3287,10.6,13.2,34.2,0.0,0.0,N,56.0,NE,N,22.0,24.0,100.0,100.0,1009.2,1008.7,8.0,8.0,11.6,11.9,Yes,1.0,1.0,68.80434782608695,1.45,0.397,0.9321739130434783
3288,7.0,12.0,15.4,0.0,0.0,SW,48.0,SSW,WSW,22.0,17.0,93.0,77.0,1017.5,1017.0,8.0,8.0,7.9,11.2,Yes,1.0,0.83,68.80434782608695,1.12,0.397,0.7555555555555555
3290,6.6,12.4,4.8,0.0,0.0,SE,33.0,NW,SW,11.0,9.0,100.0,72.0,1021.5,1020.0,8.0,8.0,7.3,11.6,Yes,1.0,0.72,68.80434782608695,1.05,0.397,0.3674698795180723
3291,6.2,11.5,17.2,0.0,0.0,NE,61.0,SSE,NE,7.0,15.0,100.0,100.0,1018.3,1014.2,8.0,8.0,7.9,9.9,Yes,1.0,1.0,68.80434782608695,1.45,0.397,0.9321739130434783
3292,7.7,9.9,54.0,0.0,0.0,NE,50.0,N,NNE,37.0,30.0,98.0,99.0,1004.8,1002.8,8.0,8.0,8.7,7.9,Yes,1.0,1.01,68.80434782608695,1.44,0.397,0.9321739130434783
3293,5.7,11.3,7.0,0.0,0.0,WSW,44.0,WSW,WSW,20.0,24.0,100.0,84.0,1008.0,1010.5,7.0,8.0,8.2,10.5,Yes,1.14,0.84,68.80434782608695,1.22,0.397,0.8609271523178808
3294,5.4,11.6,1.2,0.0,0.0,NNW,33.0,WNW,NNW,15.0,24.0,90.0,75.0,1017.5,1016.7,8.0,7.0,7.2,10.7,Yes,0.88,0.83,68.80434782608695,1.09,0.397,0.4563106796116505
3295,6.6,15.6,0.0,0.0,0.0,N,46.0,NNE,N,30.0,31.0,98.0,74.0,1018.1,1014.2,7.0,8.0,9.3,14.5,No,1.14,0.76,68.80434782608695,1.08,0.397,0.4563106796116505
3296,5.9,10.1,2.0,0.0,0.0,SSW,43.0,SSW,SSW,17.0,22.0,99.0,77.0,1012.0,1010.3,8.0,8.0,6.3,8.7,Yes,1.0,0.78,68.80434782608695,1.12,0.397,0.4563106796116505
3297,5.2,12.1,0.4,0.0,0.0,N,31.0,SW,N,13.0,20.0,98.0,64.0,1013.9,1011.5,7.0,7.0,7.9,11.4,No,1.0,0.65,68.80434782608695,0.93,0.397,0.22767857142857142
3298,3.7,14.9,0.0,0.0,0.0,NNE,52.0,N,NNE,39.0,31.0,87.0,67.0,1014.2,1011.4,0.0,8.0,9.6,13.6,No,0.0,0.77,68.80434782608695,0.97,0.397,0.3865546218487395
3299,6.8,14.6,0.0,0.0,0.0,SW,46.0,SE,S,13.0,28.0,92.0,72.0,1010.7,1009.3,2.0,8.0,10.5,13.4,No,4.0,0.78,68.80434782608695,1.05,0.397,0.4563106796116505
3300,5.2,10.9,2.6,0.0,0.0,SSW,39.0,SSW,SSW,22.0,20.0,98.0,76.0,1018.0,1017.2,8.0,7.0,7.1,10.0,Yes,0.88,0.78,68.80434782608695,1.1,0.397,0.3674698795180723
3301,3.1,15.7,0.2,0.0,0.0,N,30.0,ESE,N,15.0,20.0,77.0,70.0,1016.3,1012.0,0.0,7.0,10.0,15.4,No,0.0,0.91,68.80434782608695,1.02,0.397,0.22767857142857142
3302,4.8,15.1,0.2,0.0,0.0,N,52.0,NNE,N,31.0,28.0,88.0,85.0,1009.0,1006.3,0.0,7.0,11.2,12.2,No,0.0,0.97,68.80434782608695,1.24,0.397,0.5209580838323353
3304,3.6,13.5,0.8,0.0,0.0,W,43.0,NNW,N,17.0,24.0,98.0,69.0,1012.9,1009.2,1.0,8.0,9.9,11.9,No,8.0,0.7,68.80434782608695,1.0,0.397,0.35514018691588783
3307,6.9,11.2,13.0,0.0,0.0,NE,80.0,NNW,N,30.0,20.0,94.0,99.0,989.4,987.3,8.0,8.0,8.5,7.0,Yes,1.0,1.05,68.80434782608695,1.44,0.397,0.9321739130434783
3308,5.8,12.9,8.8,0.0,0.0,W,43.0,WSW,W,19.0,22.0,100.0,82.0,992.0,994.1,8.0,8.0,7.5,11.3,Yes,1.0,0.82,68.80434782608695,1.19,0.397,0.640074211502783
3309,6.6,13.3,4.0,0.0,0.0,WNW,50.0,W,NW,31.0,30.0,99.0,75.0,1004.2,1004.8,7.0,8.0,9.5,12.8,Yes,1.14,0.76,68.80434782608695,1.09,0.397,0.640074211502783
3311,6.4,10.9,38.0,0.0,0.0,NW,67.0,NNW,NW,30.0,43.0,99.0,78.0,995.1,994.8,8.0,8.0,6.9,10.6,Yes,1.0,0.79,68.80434782608695,1.13,0.397,0.8387096774193549
3312,5.8,12.5,4.2,0.0,0.0,WNW,81.0,N,W,30.0,44.0,100.0,91.0,998.7,1001.6,8.0,8.0,8.5,7.6,Yes,1.0,0.91,68.80434782608695,1.32,0.397,0.8609271523178808
3313,2.7,14.1,5.6,0.0,0.0,NW,57.0,N,NW,26.0,35.0,99.0,79.0,1013.6,1013.4,8.0,8.0,5.6,12.3,Yes,1.0,0.8,68.80434782608695,1.15,0.397,0.640074211502783
3315,9.7,17.5,0.0,0.0,0.0,N,46.0,N,N,24.0,24.0,60.0,71.0,1013.9,1013.3,8.0,8.0,13.6,16.0,No,1.0,1.18,68.80434782608695,1.03,0.397,0.3865546218487395
3318,6.6,12.3,2.2,0.0,0.0,WSW,69.0,WNW,WSW,24.0,44.0,82.0,71.0,1008.6,1009.2,8.0,8.0,8.7,8.4,Yes,1.0,0.87,68.80434782608695,1.03,0.397,0.6853146853146853
3319,3.7,11.7,3.6,0.0,0.0,WSW,50.0,WSW,WSW,17.0,26.0,99.0,71.0,1016.7,1017.2,8.0,8.0,5.0,10.5,Yes,1.0,0.72,68.80434782608695,1.03,0.397,0.6853146853146853
3320,5.0,12.0,1.2,0.0,0.0,W,44.0,W,SSW,22.0,26.0,100.0,96.0,1017.6,1018.0,7.0,8.0,7.3,11.2,Yes,1.14,0.96,68.80434782608695,1.4,0.397,0.7237569060773481
3324,10.5,16.2,0.0,0.0,0.0,N,59.0,NNE,NNW,24.0,28.0,81.0,84.0,1002.2,1000.8,8.0,8.0,11.9,13.5,No,1.0,1.04,68.80434782608695,1.22,0.397,0.9321739130434783
3326,6.8,12.5,3.8,0.0,0.0,W,54.0,WNW,0,26.0,0.0,85.0,96.0,1009.2,1010.9,1.0,8.0,8.9,6.4,Yes,8.0,1.13,68.80434782608695,1.4,0.397,0.9321739130434783
3328,2.7,18.8,1.2,0.0,0.0,NNE,69.0,NNE,N,35.0,46.0,63.0,48.0,1018.0,1014.5,0.0,0.0,10.0,17.2,Yes,0.0,0.76,68.80434782608695,0.7,0.397,0.3741496598639456
3329,9.9,11.2,0.2,0.0,0.0,NNE,78.0,N,WSW,24.0,17.0,88.0,99.0,1011.1,1013.3,8.0,6.0,11.1,7.0,No,0.75,1.12,68.80434782608695,1.44,0.397,0.9321739130434783
3330,1.7,11.1,17.4,0.0,0.0,S,54.0,SSW,SSW,22.0,33.0,98.0,66.0,1019.2,1020.6,8.0,7.0,5.0,11.0,Yes,0.88,0.67,68.80434782608695,0.96,0.397,0.5294117647058824
3334,11.2,16.4,0.0,0.0,0.0,NW,43.0,SSW,SSW,7.0,17.0,77.0,98.0,1008.8,1012.9,8.0,7.0,13.7,13.2,No,0.88,1.27,68.80434782608695,1.42,0.397,0.87248322147651
3339,1.1,13.4,1.4,0.0,0.0,WNW,57.0,WNW,W,26.0,26.0,84.0,60.0,1012.7,1013.0,8.0,8.0,7.0,12.2,Yes,1.0,0.71,68.80434782608695,0.87,0.397,0.5294117647058824
3340,2.5,15.1,1.2,0.0,0.0,W,61.0,N,WNW,19.0,26.0,98.0,73.0,1012.0,1010.3,8.0,8.0,8.2,13.3,Yes,1.0,0.74,68.80434782608695,1.06,0.397,0.4563106796116505
3341,4.1,13.7,3.0,0.0,0.0,W,41.0,W,WSW,24.0,19.0,85.0,70.0,1015.7,1016.3,8.0,8.0,9.3,13.3,Yes,1.0,0.82,68.80434782608695,1.02,0.397,0.3869047619047619
3342,3.6,19.2,0.0,0.0,0.0,NNW,30.0,WSW,NW,17.0,17.0,84.0,63.0,1019.0,1017.2,7.0,1.0,9.4,17.4,No,0.14,0.75,68.80434782608695,0.92,0.397,0.2891566265060241
3344,4.8,13.5,0.0,0.0,0.0,WSW,61.0,WSW,WSW,35.0,37.0,94.0,62.0,1011.6,1012.4,8.0,0.0,7.4,11.8,No,0.0,0.66,68.80434782608695,0.9,0.397,0.3865546218487395
3345,6.8,19.1,0.0,0.0,0.0,W,46.0,WSW,WNW,20.0,20.0,90.0,60.0,1011.9,1010.6,8.0,2.0,10.0,16.6,No,0.25,0.67,68.80434782608695,0.87,0.397,0.2354948805460751
3346,9.9,19.1,0.0,0.0,0.0,N,50.0,N,N,33.0,17.0,81.0,77.0,1003.2,1002.9,7.0,1.0,13.6,15.8,No,0.14,0.95,68.80434782608695,1.12,0.397,0.4396551724137931
3347,6.1,16.3,1.0,0.0,0.0,SSW,35.0,S,SSW,17.0,15.0,75.0,57.0,1011.0,1010.6,7.0,7.0,9.3,14.9,No,1.0,0.76,68.80434782608695,0.83,0.397,0.2354948805460751
3348,4.6,16.7,0.2,0.0,0.0,ESE,31.0,SSE,SSE,19.0,13.0,99.0,67.0,1013.3,1011.3,4.0,5.0,9.4,14.4,No,1.25,0.68,68.80434782608695,0.97,0.397,0.2891566265060241
3350,6.3,23.6,0.0,0.0,0.0,ESE,46.0,SE,N,9.0,11.0,80.0,47.0,1011.4,1007.5,0.0,0.0,12.7,21.9,No,0.0,0.59,68.80434782608695,0.68,0.397,0.3586206896551724
3351,12.3,18.8,5.6,0.0,0.0,NNW,61.0,N,NW,35.0,48.0,100.0,61.0,997.0,996.6,8.0,8.0,15.0,16.3,Yes,1.0,0.61,68.80434782608695,0.89,0.397,0.5357142857142857
3352,7.8,14.2,2.2,0.0,0.0,SW,59.0,NNW,SW,30.0,30.0,99.0,100.0,992.5,994.3,7.0,8.0,8.7,12.7,Yes,1.14,1.01,68.80434782608695,1.45,0.397,0.9321739130434783
3353,7.4,14.1,16.2,0.0,0.0,SW,57.0,SSW,SSW,24.0,24.0,99.0,70.0,1011.1,1013.4,8.0,0.0,7.9,12.1,Yes,0.0,0.71,68.80434782608695,1.02,0.397,0.6853146853146853
3357,10.7,18.8,0.0,0.0,0.0,S,31.0,SE,S,11.0,19.0,98.0,77.0,1015.4,1016.0,8.0,8.0,15.2,17.7,No,1.0,0.79,68.80434782608695,1.12,0.397,0.4563106796116505
3360,18.3,31.0,0.0,0.0,0.0,WNW,91.0,N,N,35.0,26.0,66.0,36.0,1011.2,1006.4,3.0,1.0,22.0,30.1,No,0.33,0.55,68.80434782608695,0.52,0.397,0.5476190476190477
3361,11.0,13.5,2.0,0.0,0.0,E,31.0,SW,S,11.0,17.0,100.0,100.0,1015.5,1015.0,8.0,8.0,11.1,11.6,Yes,1.0,1.0,68.80434782608695,1.45,0.397,0.8900523560209425
3366,7.9,20.4,0.0,0.0,0.0,S,35.0,S,S,22.0,19.0,92.0,65.0,1019.6,1017.0,8.0,2.0,9.7,18.6,No,0.25,0.71,68.80434782608695,0.94,0.397,0.2891566265060241
3369,8.5,21.4,0.0,0.0,0.0,SSW,39.0,SE,S,24.0,19.0,99.0,62.0,1009.0,1008.3,8.0,8.0,11.8,19.9,No,1.0,0.63,68.80434782608695,0.9,0.397,0.2354948805460751
3370,7.6,25.1,0.0,0.0,0.0,NW,33.0,N,W,4.0,11.0,81.0,37.0,1008.5,1005.8,0.0,4.0,14.9,23.0,No,0.0,0.46,68.80434782608695,0.54,0.397,0.35514018691588783
3373,8.8,28.9,0.0,0.0,0.0,NNW,70.0,NNE,N,28.0,26.0,37.0,31.0,1010.2,1006.8,0.0,8.0,21.6,28.7,No,0.0,0.84,68.80434782608695,0.45,0.397,0.5476190476190477
3377,13.5,18.9,12.0,0.0,0.0,W,72.0,N,W,35.0,37.0,0.0,52.0,996.6,999.5,8.0,8.0,15.4,18.7,Yes,1.0,0.0,68.80434782608695,0.76,0.397,0.3741496598639456
3379,7.8,17.5,0.0,0.0,0.0,S,31.0,S,S,9.0,13.0,75.0,63.0,1023.2,1022.2,8.0,5.0,9.9,15.2,No,0.62,0.84,68.80434782608695,0.92,0.397,0.2891566265060241
3382,12.4,31.7,0.2,0.0,0.0,NW,63.0,N,NW,31.0,39.0,32.0,17.0,1010.7,1006.0,0.0,7.0,21.2,31.0,No,0.0,0.53,68.80434782608695,0.25,0.397,0.2184873949579832
3385,7.4,25.3,0.0,0.0,0.0,SE,46.0,N,N,24.0,22.0,70.0,44.0,1010.3,1006.7,0.0,2.0,17.6,23.2,No,0.0,0.63,68.80434782608695,0.64,0.397,0.3586206896551724
3395,19.9,25.9,0.0,0.0,0.0,NNE,43.0,N,ENE,13.0,19.0,44.0,99.0,1009.6,1010.1,8.0,8.0,24.7,18.6,No,1.0,2.25,68.80434782608695,1.44,0.397,0.87248322147651
3396,14.3,26.3,3.8,0.0,0.0,ESE,50.0,NNE,NE,20.0,24.0,98.0,86.0,1011.5,1009.9,8.0,8.0,20.0,22.6,Yes,1.0,0.88,68.80434782608695,1.25,0.397,0.8609271523178808
3397,20.0,34.4,2.4,0.0,0.0,N,89.0,NNE,NNW,22.0,54.0,73.0,54.0,1002.6,999.7,8.0,0.0,20.9,30.8,Yes,0.0,0.74,68.80434782608695,0.78,0.397,0.3741496598639456
3398,19.3,31.1,3.0,0.0,0.0,W,61.0,N,W,30.0,35.0,88.0,73.0,1004.1,1002.1,8.0,8.0,24.6,24.6,Yes,1.0,0.83,68.80434782608695,1.06,0.397,0.8387096774193549
3400,10.4,24.8,0.0,0.0,0.0,SW,31.0,WSW,SSE,17.0,9.0,87.0,58.0,1006.4,1005.7,8.0,0.0,13.9,22.2,No,0.0,0.67,68.80434782608695,0.84,0.397,0.2354948805460751
3404,8.6,11.6,0.2,0.0,0.0,NNE,30.0,N,NNE,15.0,20.0,79.0,78.0,1018.4,1014.2,8.0,8.0,9.2,10.1,No,1.0,0.99,52.77173913043478,1.48,0.299,0.437125748502994
3405,6.8,12.0,1.6,0.0,0.0,SSW,33.0,0,WSW,0.0,11.0,87.0,78.0,1012.5,1010.5,8.0,8.0,8.6,10.6,Yes,1.0,0.9,52.77173913043478,1.48,0.299,0.437125748502994
3407,9.4,12.2,15.2,0.0,0.0,SSE,33.0,SSE,ESE,13.0,13.0,95.0,81.0,1021.8,1019.9,8.0,8.0,9.4,12.0,Yes,1.0,0.85,52.77173913043478,1.53,0.299,0.3674698795180723
3408,3.8,13.3,3.6,0.0,0.0,W,17.0,0,W,0.0,7.0,98.0,71.0,1021.9,1021.0,8.0,0.0,8.1,13.1,Yes,0.0,0.72,52.77173913043478,1.35,0.299,0.3484848484848485
3410,5.6,11.2,0.2,0.0,0.0,NNE,54.0,NE,NNE,15.0,22.0,99.0,95.0,1021.0,1015.0,8.0,8.0,8.3,9.3,No,1.0,0.96,52.77173913043478,1.8,0.299,0.5209580838323353
3411,8.2,13.7,11.8,0.0,0.0,NNW,56.0,NNW,NNW,22.0,26.0,85.0,64.0,1005.4,1003.2,0.0,8.0,10.3,13.2,Yes,0.0,0.75,52.77173913043478,1.21,0.299,0.6853146853146853
3412,7.7,10.6,0.0,0.0,0.0,NW,74.0,NNW,WNW,30.0,28.0,74.0,78.0,1001.3,1001.8,8.0,8.0,9.2,7.1,No,1.0,1.05,52.77173913043478,1.48,0.299,0.6176470588235294
3413,2.5,9.8,4.6,0.0,0.0,WNW,50.0,WNW,WSW,17.0,22.0,83.0,61.0,1019.0,1023.2,8.0,8.0,3.9,9.6,Yes,1.0,0.73,52.77173913043478,1.16,0.299,0.6853146853146853
3418,3.8,13.2,0.0,0.0,0.0,NNE,20.0,NNE,NNE,9.0,17.0,99.0,96.0,1022.7,1019.2,8.0,8.0,8.3,12.8,No,1.0,0.97,52.77173913043478,1.82,0.299,0.39520958083832336
3419,8.3,17.3,2.0,0.0,0.0,S,15.0,0,W,0.0,7.0,99.0,65.0,1022.4,1020.9,2.0,6.0,11.9,15.7,Yes,3.0,0.66,52.77173913043478,1.23,0.299,0.3484848484848485
3420,8.2,15.5,0.2,0.0,0.0,SSE,28.0,SSE,SSE,17.0,13.0,76.0,67.0,1022.2,1020.4,6.0,8.0,10.7,14.8,No,1.33,0.88,52.77173913043478,1.27,0.299,0.22767857142857142
3421,4.5,15.9,0.0,0.0,0.0,NNE,31.0,E,N,6.0,13.0,88.0,78.0,1017.5,1013.5,8.0,8.0,10.1,15.3,No,1.0,0.89,52.77173913043478,1.48,0.299,0.437125748502994
3422,10.0,14.5,14.6,0.0,0.0,NW,63.0,NW,NW,17.0,20.0,93.0,76.0,1001.1,997.5,7.0,8.0,13.3,14.3,Yes,1.14,0.82,52.77173913043478,1.44,0.299,0.8387096774193549
3423,6.7,10.8,8.8,0.0,0.0,WNW,63.0,WSW,W,22.0,22.0,65.0,43.0,1006.7,1010.0,0.0,2.0,7.5,10.6,Yes,0.0,0.66,52.77173913043478,0.81,0.299,0.5294117647058824
3424,-0.7,10.9,0.2,0.0,0.0,NW,56.0,0,N,0.0,20.0,98.0,65.0,1012.4,1006.9,8.0,6.0,2.5,10.7,No,0.75,0.66,52.77173913043478,1.23,0.299,0.5362318840579711
3425,2.4,11.8,5.2,0.0,0.0,NNW,57.0,WNW,NNW,13.0,30.0,94.0,77.0,1011.4,1008.5,8.0,8.0,6.9,10.3,Yes,1.0,0.82,52.77173913043478,1.46,0.299,0.640074211502783
3426,2.4,10.3,4.6,0.0,0.0,NNW,48.0,NW,NNW,13.0,19.0,92.0,70.0,1015.3,1011.6,8.0,8.0,4.6,9.4,Yes,1.0,0.76,52.77173913043478,1.33,0.299,0.7596899224806202
3429,8.0,11.2,0.4,0.0,0.0,NNW,37.0,NW,NW,19.0,13.0,90.0,95.0,1024.3,1021.9,7.0,8.0,8.8,10.5,No,1.14,1.06,52.77173913043478,1.8,0.299,0.8900523560209425
3430,8.7,12.8,3.8,0.0,0.0,NNE,39.0,NNW,N,13.0,19.0,98.0,75.0,1022.7,1018.4,8.0,8.0,9.2,12.5,Yes,1.0,0.77,52.77173913043478,1.42,0.299,0.3674698795180723
3431,9.1,15.4,1.2,0.0,0.0,NE,30.0,0,NNE,0.0,17.0,88.0,68.0,1017.4,1015.2,7.0,1.0,11.3,14.8,Yes,0.14,0.77,52.77173913043478,1.29,0.299,0.3869047619047619
3432,10.1,11.4,10.4,0.0,0.0,SSW,31.0,N,NW,17.0,9.0,96.0,96.0,1012.7,1010.7,7.0,8.0,10.2,11.2,Yes,1.14,1.0,52.77173913043478,1.82,0.299,0.8900523560209425
3439,0.0,12.5,0.2,0.0,0.0,NNE,28.0,E,NE,6.0,19.0,83.0,67.0,1025.6,1022.2,5.0,0.0,5.7,12.0,No,0.0,0.81,52.77173913043478,1.27,0.299,0.2891566265060241
3440,3.7,15.4,0.0,0.0,0.0,N,56.0,ENE,N,19.0,20.0,87.0,61.0,1017.0,1010.5,8.0,7.0,8.0,14.9,No,0.88,0.7,52.77173913043478,1.16,0.299,0.5362318840579711
3441,3.9,13.0,2.2,0.0,0.0,NW,50.0,NNW,NNW,9.0,22.0,84.0,63.0,1013.4,1011.1,0.0,6.0,7.2,12.3,Yes,0.0,0.75,52.77173913043478,1.19,0.299,0.6853146853146853
3443,2.4,12.2,0.0,0.0,0.0,N,35.0,0,N,0.0,26.0,85.0,70.0,1022.9,1019.1,8.0,7.0,6.8,11.1,No,0.88,0.82,52.77173913043478,1.33,0.299,0.22767857142857142
3444,2.8,13.4,0.6,0.0,0.0,WNW,35.0,N,NW,2.0,17.0,99.0,65.0,1022.9,1021.9,7.0,8.0,7.1,12.3,No,1.14,0.66,52.77173913043478,1.23,0.299,0.22767857142857142
3450,10.7,12.4,1.4,0.0,0.0,NNE,57.0,N,NNW,20.0,13.0,79.0,90.0,1008.1,1008.2,8.0,8.0,12.4,8.7,Yes,1.0,1.14,52.77173913043478,1.71,0.299,0.9321739130434783
3452,5.7,14.4,0.6,0.0,0.0,W,41.0,NNW,NNW,13.0,22.0,93.0,69.0,1017.8,1014.4,8.0,8.0,8.2,13.0,No,1.0,0.74,52.77173913043478,1.31,0.299,0.56
3461,9.8,12.7,0.6,0.0,0.0,NNE,41.0,NE,ENE,13.0,17.0,87.0,95.0,1021.5,1016.7,8.0,8.0,9.9,10.7,No,1.0,1.09,52.77173913043478,1.8,0.299,0.8900523560209425
3462,9.8,16.5,19.0,0.0,0.0,WNW,37.0,NW,NW,11.0,11.0,94.0,91.0,1015.6,1015.1,7.0,8.0,12.6,13.9,Yes,1.14,0.97,52.77173913043478,1.72,0.299,0.7237569060773481
3463,5.5,15.0,1.0,0.0,0.0,NNW,17.0,0,NNE,0.0,11.0,99.0,63.0,1018.8,1015.5,8.0,8.0,10.2,14.5,No,1.0,0.64,52.77173913043478,1.19,0.299,0.22767857142857142
3465,6.9,14.5,0.0,0.0,0.0,W,41.0,SW,WNW,19.0,20.0,74.0,57.0,1008.1,1010.0,0.0,7.0,9.8,13.2,No,0.0,0.77,52.77173913043478,1.08,0.299,0.31519274376417233
3466,4.5,14.2,2.8,0.0,0.0,WSW,30.0,WNW,WNW,7.0,15.0,97.0,65.0,1024.2,1025.1,8.0,8.0,8.8,13.4,Yes,1.0,0.67,52.77173913043478,1.23,0.299,0.22330097087378642
3471,13.5,14.3,22.6,0.0,0.0,NNE,44.0,NNE,NNW,15.0,11.0,98.0,90.0,1010.6,1008.8,8.0,8.0,13.8,13.9,Yes,1.0,0.92,52.77173913043478,1.71,0.299,0.8609271523178808
3472,8.7,14.7,5.0,0.0,0.0,WSW,50.0,SW,SW,19.0,15.0,71.0,61.0,1016.2,1016.9,0.0,8.0,11.1,13.9,Yes,0.0,0.86,52.77173913043478,1.16,0.299,0.6853146853146853
3475,9.4,14.1,20.0,0.0,0.0,ENE,35.0,ESE,SE,13.0,13.0,97.0,95.0,1018.2,1013.7,8.0,5.0,9.8,12.8,Yes,0.62,0.98,52.77173913043478,1.8,0.299,0.8900523560209425
3476,9.4,11.4,43.8,0.0,0.0,N,52.0,NNW,NNW,20.0,26.0,83.0,85.0,1006.8,1004.7,8.0,8.0,10.2,9.9,Yes,1.0,1.02,52.77173913043478,1.61,0.299,0.9321739130434783
3477,6.1,15.1,12.8,0.0,0.0,W,44.0,W,W,15.0,22.0,83.0,70.0,1008.7,1010.6,8.0,8.0,9.9,13.1,Yes,1.0,0.84,52.77173913043478,1.33,0.299,0.3869047619047619
3478,4.1,14.2,0.0,0.0,0.0,W,28.0,SW,NW,6.0,20.0,75.0,59.0,1018.0,1017.6,7.0,8.0,10.6,13.5,No,1.14,0.79,52.77173913043478,1.12,0.299,0.22767857142857142
3480,9.3,12.4,3.2,0.0,0.0,SW,37.0,SSW,S,11.0,17.0,93.0,71.0,1010.5,1009.0,8.0,8.0,9.6,10.3,Yes,1.0,0.76,52.77173913043478,1.35,0.299,0.3869047619047619
3483,9.7,16.5,1.4,0.0,0.0,SW,37.0,SSE,SSE,15.0,20.0,94.0,59.0,1009.4,1007.7,8.0,8.0,10.9,15.3,Yes,1.0,0.63,52.77173913043478,1.12,0.299,0.22748815165876776
3488,5.3,17.4,0.0,0.0,0.0,W,43.0,NW,NNW,9.0,22.0,68.0,51.0,1013.7,1010.2,4.0,8.0,11.7,16.2,No,2.0,0.75,52.77173913043478,0.97,0.299,0.35514018691588783
3490,2.4,16.8,0.0,0.0,0.0,NNE,50.0,NE,NNE,9.0,31.0,75.0,56.0,1013.0,1004.5,0.0,8.0,11.4,15.4,No,0.0,0.75,52.77173913043478,1.06,0.299,0.5362318840579711
3491,8.1,14.1,15.2,0.0,0.0,N,63.0,NW,NNE,20.0,28.0,77.0,88.0,991.4,988.6,8.0,8.0,9.5,8.9,Yes,1.0,1.14,52.77173913043478,1.67,0.299,0.9321739130434783
3492,6.4,14.9,13.8,0.0,0.0,WNW,43.0,SW,WSW,13.0,24.0,85.0,78.0,992.1,994.9,8.0,8.0,9.8,12.2,Yes,1.0,0.92,52.77173913043478,1.48,0.299,0.640074211502783
3494,5.8,20.1,0.0,0.0,0.0,NNE,57.0,NE,NE,19.0,35.0,77.0,52.0,1006.7,998.7,0.0,1.0,12.0,19.6,No,0.0,0.68,52.77173913043478,0.99,0.299,0.3586206896551724
3495,7.8,13.2,20.4,0.0,0.0,NW,65.0,NW,NW,24.0,24.0,87.0,76.0,997.9,997.8,7.0,4.0,8.4,11.8,Yes,0.57,0.87,52.77173913043478,1.44,0.299,0.8387096774193549
3496,7.8,15.5,6.2,0.0,0.0,W,83.0,NNW,W,24.0,33.0,94.0,62.0,1002.0,1001.9,8.0,5.0,9.4,13.2,Yes,0.62,0.66,52.77173913043478,1.17,0.299,0.6853146853146853
3497,2.6,16.2,8.6,0.0,0.0,NW,52.0,N,NW,11.0,22.0,98.0,65.0,1016.4,1015.5,8.0,8.0,6.5,15.0,Yes,1.0,0.66,52.77173913043478,1.23,0.299,0.6853146853146853
3501,7.2,21.9,0.0,0.0,0.0,NNE,65.0,ENE,NNE,20.0,35.0,81.0,57.0,1013.3,1005.3,0.0,0.0,12.2,19.7,No,0.0,0.7,52.77173913043478,1.08,0.299,0.6691176470588235
3502,9.3,15.2,0.0,0.0,0.0,WSW,57.0,NW,W,22.0,20.0,76.0,68.0,1010.2,1010.3,7.0,4.0,11.2,12.5,No,0.57,0.89,52.77173913043478,1.29,0.299,0.5362318840579711
3504,5.1,17.0,1.6,0.0,0.0,SW,50.0,W,W,15.0,20.0,82.0,57.0,1018.3,1017.0,3.0,8.0,10.0,15.5,Yes,2.67,0.7,52.77173913043478,1.08,0.299,0.6853146853146853
3509,6.8,16.2,8.0,0.0,0.0,W,50.0,WNW,WNW,13.0,26.0,79.0,48.0,1009.2,1009.8,2.0,4.0,10.4,15.4,Yes,2.0,0.61,52.77173913043478,0.91,0.299,0.5357142857142857
3510,9.8,16.2,1.2,0.0,0.0,SW,56.0,NW,WSW,13.0,19.0,91.0,62.0,1010.5,1010.5,8.0,7.0,10.4,13.4,Yes,0.88,0.68,52.77173913043478,1.17,0.299,0.6853146853146853
3513,10.9,18.1,0.0,0.0,0.0,NE,39.0,NE,SSW,11.0,17.0,63.0,72.0,1011.9,1011.8,2.0,8.0,14.3,15.2,No,4.0,1.14,52.77173913043478,1.36,0.299,0.437125748502994
3514,4.5,14.0,4.8,0.0,0.0,SSW,57.0,SSW,S,26.0,24.0,69.0,64.0,1019.0,1019.6,0.0,7.0,8.0,12.0,Yes,0.0,0.93,52.77173913043478,1.21,0.299,0.6853146853146853
3518,12.9,24.1,0.0,0.0,0.0,W,43.0,NNE,WSW,4.0,20.0,54.0,49.0,1009.6,1010.4,5.0,8.0,16.3,21.8,No,1.6,0.91,52.77173913043478,0.93,0.299,0.2354948805460751
3524,2.6,18.1,0.2,0.0,0.0,W,46.0,WNW,NNW,15.0,26.0,69.0,48.0,1013.3,1010.8,3.0,8.0,11.9,15.8,No,2.67,0.7,52.77173913043478,0.91,0.299,0.3586206896551724
3527,5.2,28.9,0.0,0.0,0.0,WNW,63.0,N,NW,11.0,22.0,48.0,17.0,1013.5,1007.1,0.0,0.0,17.2,28.0,No,0.0,0.35,52.77173913043478,0.32,0.299,0.2184873949579832
3530,8.7,28.5,0.0,0.0,0.0,W,65.0,N,SW,26.0,28.0,40.0,49.0,1005.2,1003.4,1.0,7.0,20.5,18.0,No,7.0,1.23,52.77173913043478,0.93,0.299,0.5476190476190477
3535,14.7,22.1,6.6,0.0,0.0,W,54.0,NNE,WNW,19.0,26.0,89.0,45.0,998.1,997.9,8.0,8.0,16.3,20.2,Yes,1.0,0.51,52.77173913043478,0.85,0.299,0.5357142857142857
3536,10.0,16.4,1.8,0.0,0.0,WSW,59.0,NW,W,24.0,24.0,89.0,91.0,995.7,994.5,7.0,8.0,10.2,14.2,Yes,1.14,1.02,52.77173913043478,1.72,0.299,0.9321739130434783
3537,9.9,17.9,12.8,0.0,0.0,SSW,52.0,SSW,SW,30.0,28.0,58.0,49.0,1009.8,1012.4,0.0,7.0,12.6,16.7,Yes,0.0,0.84,52.77173913043478,0.93,0.299,0.3741496598639456
3544,18.7,36.9,0.0,0.0,0.0,N,59.0,ENE,N,13.0,22.0,64.0,21.0,1011.7,1006.6,6.0,8.0,22.1,33.2,No,1.33,0.33,52.77173913043478,0.4,0.299,0.2184873949579832
3545,16.6,20.1,5.2,0.0,0.0,SW,35.0,NNW,SW,6.0,13.0,92.0,83.0,1014.4,1013.7,8.0,7.0,17.1,18.5,Yes,0.88,0.9,52.77173913043478,1.57,0.299,0.640074211502783
3546,11.2,17.3,11.0,0.0,0.0,SW,56.0,SW,SSW,15.0,28.0,73.0,57.0,1014.7,1015.3,8.0,2.0,13.1,14.0,Yes,0.25,0.78,52.77173913043478,1.08,0.299,0.6853146853146853
3557,13.9,33.8,0.0,0.0,0.0,WNW,69.0,ENE,NNE,9.0,31.0,33.0,27.0,1010.9,1005.9,1.0,7.0,22.2,31.2,No,7.0,0.82,52.77173913043478,0.51,0.299,0.5476190476190477
3558,17.1,25.9,3.2,0.0,0.0,SW,35.0,SSW,SW,19.0,11.0,82.0,36.0,1009.6,1009.7,7.0,5.0,18.4,24.1,Yes,0.71,0.44,52.77173913043478,0.68,0.299,0.22748815165876776
3561,16.6,21.7,4.4,0.0,0.0,WSW,63.0,N,W,13.0,35.0,88.0,36.0,998.7,999.4,8.0,1.0,17.6,21.6,Yes,0.12,0.41,52.77173913043478,0.68,0.299,0.5357142857142857
3566,14.6,37.0,0.2,0.0,0.0,WNW,61.0,NNE,NW,13.0,28.0,30.0,12.0,1011.4,1005.7,0.0,2.0,23.7,35.8,No,0.0,0.4,52.77173913043478,0.23,0.299,0.2184873949579832
3569,10.5,24.2,0.0,0.0,0.0,SSE,30.0,E,NNW,11.0,2.0,70.0,57.0,1010.6,1007.4,8.0,8.0,16.7,22.0,No,1.0,0.81,52.77173913043478,1.08,0.299,0.31519274376417233
3577,18.2,33.9,0.2,0.0,0.0,NNE,61.0,0,NNE,0.0,35.0,63.0,23.0,1011.0,1010.3,3.0,0.0,22.0,31.9,No,0.0,0.37,52.77173913043478,0.44,0.299,0.2184873949579832
3580,18.3,28.0,2.4,0.0,0.0,SE,35.0,SE,ESE,13.0,15.0,83.0,75.0,1011.2,1009.1,8.0,8.0,20.9,25.3,Yes,1.0,0.9,52.77173913043478,1.42,0.299,0.640074211502783
3581,20.7,37.6,0.2,0.0,0.0,N,70.0,NE,NNW,19.0,39.0,38.0,27.0,1003.2,999.7,7.0,2.0,27.5,36.6,No,0.29,0.71,52.77173913043478,0.51,0.299,0.5476190476190477
3582,23.0,33.2,0.4,0.0,0.0,NNE,65.0,N,N,20.0,17.0,70.0,70.0,1004.1,1000.5,8.0,8.0,26.7,28.3,No,1.0,1.0,52.77173913043478,1.33,0.299,0.6691176470588235
3583,21.5,30.3,10.2,0.0,0.0,W,54.0,WSW,W,20.0,31.0,52.0,32.0,1001.5,1000.3,6.0,0.0,23.1,28.9,Yes,0.0,0.62,52.77173913043478,0.61,0.299,0.3741496598639456
3585,3.6,13.4,3.2,0.0,0.0,W,44.0,W,W,26.0,26.0,90.0,75.0,1016.7,1019.1,6.0,8.0,8.8,12.0,Yes,1.33,0.83,58.3756906077348,1.28,0.21,0.3674698795180723
3588,1.7,10.9,0.0,0.0,0.0,WNW,17.0,SSE,ENE,6.0,9.0,94.0,77.0,1018.9,1015.5,5.0,6.0,5.2,10.8,No,1.2,0.82,58.3756906077348,1.32,0.21,0.437125748502994
3589,5.2,12.9,0.0,0.0,0.0,WSW,26.0,WNW,NW,9.0,13.0,93.0,85.0,1012.3,1008.9,8.0,8.0,7.0,12.0,No,1.0,0.91,58.3756906077348,1.46,0.21,0.5209580838323353
3590,7.0,12.4,27.8,0.0,0.0,S,54.0,S,S,35.0,30.0,93.0,95.0,1013.5,1015.8,8.0,8.0,12.4,11.2,Yes,1.0,1.02,58.3756906077348,1.63,0.21,0.9321739130434783
3591,10.8,14.9,25.6,0.0,0.0,ESE,39.0,SSE,ESE,11.0,24.0,96.0,75.0,1023.2,1022.3,8.0,1.0,11.8,13.8,Yes,0.12,0.78,58.3756906077348,1.28,0.21,0.3674698795180723
3594,4.4,12.3,0.0,0.0,0.0,ENE,28.0,0,ESE,0.0,6.0,99.0,93.0,1022.7,1016.0,8.0,7.0,6.7,11.1,No,0.88,0.94,58.3756906077348,1.59,0.21,0.5209580838323353
3595,6.4,17.3,1.6,0.0,0.0,NW,69.0,NNE,NW,19.0,41.0,81.0,39.0,1004.1,1000.0,3.0,0.0,11.3,16.7,Yes,0.0,0.48,58.3756906077348,0.67,0.21,0.21656050955414013
3597,5.0,10.7,1.8,0.0,0.0,WNW,87.0,W,WNW,50.0,28.0,70.0,77.0,1011.6,1017.4,8.0,8.0,6.0,8.4,Yes,1.0,1.1,58.3756906077348,1.32,0.21,0.4896907216494845
3598,5.2,13.7,2.0,0.0,0.0,WNW,74.0,WNW,WNW,30.0,52.0,60.0,52.0,1026.0,1024.0,0.0,1.0,10.6,13.0,Yes,0.0,0.87,58.3756906077348,0.89,0.21,0.5294117647058824
3603,7.6,15.4,0.0,0.0,0.0,0,0.0,W,WSW,17.0,19.0,77.0,71.0,1020.1,1020.1,8.0,8.0,13.5,14.4,No,1.0,0.92,58.3756906077348,1.22,0.21,0.22767857142857142
3605,3.8,16.7,0.2,0.0,0.0,NE,19.0,WNW,SW,6.0,9.0,99.0,82.0,1017.5,1012.7,8.0,8.0,6.1,12.7,No,1.0,0.83,58.3756906077348,1.4,0.21,0.7218543046357616
3606,6.1,16.8,3.6,0.0,0.0,W,76.0,E,WNW,13.0,35.0,92.0,52.0,996.4,992.8,8.0,2.0,12.7,16.6,Yes,0.25,0.57,58.3756906077348,0.89,0.21,0.21656050955414013
3607,6.1,8.7,27.4,0.0,0.0,WNW,91.0,W,WNW,46.0,41.0,80.0,75.0,999.9,1004.8,8.0,2.0,7.8,7.8,Yes,0.25,0.94,58.3756906077348,1.28,0.21,0.8387096774193549
3608,-0.2,12.8,5.2,0.0,0.0,WNW,50.0,NE,NW,6.0,28.0,92.0,53.0,1011.4,1007.0,0.0,2.0,4.3,12.1,Yes,0.0,0.58,58.3756906077348,0.91,0.21,0.5294117647058824
3610,6.3,11.9,2.4,0.0,0.0,WNW,61.0,NW,WNW,22.0,28.0,57.0,49.0,1011.3,1009.2,0.0,6.0,9.3,11.6,Yes,0.0,0.86,58.3756906077348,0.84,0.21,0.5294117647058824
3616,2.5,13.0,0.0,0.0,0.0,WSW,28.0,WNW,N,7.0,13.0,94.0,87.0,1011.7,1009.3,8.0,8.0,7.3,12.2,No,1.0,0.93,58.3756906077348,1.49,0.21,0.39520958083832336
3619,2.1,14.0,0.0,0.0,0.0,E,28.0,WNW,SE,9.0,13.0,98.0,84.0,1031.5,1030.9,1.0,4.0,7.9,12.1,No,4.0,0.86,58.3756906077348,1.44,0.21,0.39520958083832336
3626,4.7,14.0,1.4,0.0,0.0,WNW,63.0,WNW,W,13.0,28.0,68.0,59.0,1016.7,1017.5,1.0,7.0,10.5,13.0,Yes,7.0,0.87,58.3756906077348,1.01,0.21,0.3986013986013986
3632,6.1,17.1,0.0,0.0,0.0,SW,52.0,WSW,WSW,11.0,30.0,82.0,65.0,1021.2,1020.8,8.0,0.0,13.3,15.6,No,0.0,0.79,58.3756906077348,1.11,0.21,0.2396694214876033
3634,8.9,18.7,0.0,0.0,0.0,NNE,50.0,NE,WSW,31.0,20.0,59.0,79.0,1008.2,1004.5,0.0,8.0,16.5,13.8,No,0.0,1.34,58.3756906077348,1.35,0.21,0.8018018018018018
3635,3.5,13.1,4.0,0.0,0.0,WNW,56.0,WNW,W,15.0,37.0,77.0,55.0,1011.0,1010.2,7.0,8.0,8.8,12.2,Yes,1.14,0.71,58.3756906077348,0.94,0.21,0.5294117647058824
3636,5.2,16.7,0.0,0.0,0.0,NW,41.0,W,W,20.0,15.0,72.0,69.0,1014.6,1012.8,7.0,8.0,12.3,13.9,No,1.14,0.96,58.3756906077348,1.18,0.21,0.3865546218487395
3637,8.0,15.8,5.0,0.0,0.0,WSW,39.0,NW,WSW,7.0,28.0,84.0,64.0,1015.0,1013.0,8.0,8.0,10.5,12.2,Yes,1.0,0.76,58.3756906077348,1.1,0.21,0.3869047619047619
3638,4.5,13.9,0.8,0.0,0.0,W,22.0,W,0,15.0,0.0,76.0,62.0,1017.7,1016.3,0.0,8.0,10.2,12.3,No,0.0,0.82,58.3756906077348,1.06,0.21,0.22767857142857142
3639,0.9,14.0,0.2,0.0,0.0,SSE,24.0,W,SSE,13.0,17.0,98.0,73.0,1016.8,1013.0,0.0,7.0,5.6,11.5,No,0.0,0.74,58.3756906077348,1.25,0.21,0.437125748502994
3640,4.1,12.4,0.0,0.0,0.0,SW,54.0,WNW,W,20.0,33.0,85.0,69.0,1013.5,1013.7,1.0,8.0,8.5,11.6,No,8.0,0.81,58.3756906077348,1.18,0.21,0.3865546218487395
3645,4.0,13.2,0.0,0.0,0.0,ENE,24.0,ENE,ESE,7.0,11.0,94.0,89.0,1022.2,1018.4,6.0,8.0,8.0,12.5,No,1.33,0.95,58.3756906077348,1.52,0.21,0.39520958083832336
3646,8.0,18.7,3.8,0.0,0.0,W,37.0,NW,WSW,9.0,20.0,98.0,72.0,1013.4,1011.5,8.0,8.0,12.1,16.3,Yes,1.0,0.73,58.3756906077348,1.23,0.21,0.640074211502783
3647,8.1,17.6,2.2,0.0,0.0,WSW,31.0,WSW,SE,17.0,19.0,89.0,76.0,1018.3,1015.1,8.0,5.0,12.4,14.7,Yes,0.62,0.85,58.3756906077348,1.3,0.21,0.3674698795180723
3648,9.6,13.2,1.6,0.0,0.0,ESE,33.0,SE,SE,9.0,20.0,95.0,84.0,1015.0,1009.3,8.0,8.0,11.8,12.5,Yes,1.0,0.88,58.3756906077348,1.44,0.21,0.8609271523178808
3649,10.4,14.8,17.8,0.0,0.0,W,57.0,WSW,W,20.0,39.0,95.0,63.0,1004.7,1006.8,8.0,3.0,11.1,13.8,Yes,0.38,0.66,58.3756906077348,1.08,0.21,0.544973544973545
3655,12.4,18.1,0.0,0.0,0.0,WSW,44.0,NE,NE,15.0,19.0,70.0,75.0,1012.6,1007.7,8.0,8.0,15.9,18.0,No,1.0,1.07,58.3756906077348,1.28,0.21,0.437125748502994
3656,11.9,15.7,3.6,0.0,0.0,WSW,65.0,W,WSW,15.0,31.0,90.0,58.0,1012.5,1014.3,8.0,5.0,13.6,14.7,Yes,0.62,0.64,58.3756906077348,0.99,0.21,0.21656050955414013
3658,9.1,14.0,0.0,0.0,0.0,SSE,31.0,WSW,SE,9.0,17.0,88.0,82.0,1022.0,1020.9,8.0,8.0,10.8,11.5,No,1.0,0.93,58.3756906077348,1.4,0.21,0.334841628959276
3659,10.5,17.7,0.2,0.0,0.0,E,41.0,ENE,E,30.0,30.0,81.0,71.0,1021.7,1017.4,8.0,5.0,14.0,17.3,No,0.62,0.88,58.3756906077348,1.22,0.21,0.2396694214876033
3660,6.3,16.5,0.0,0.0,0.0,0,0.0,WNW,W,17.0,35.0,72.0,61.0,1005.3,1006.0,8.0,3.0,11.3,15.8,Null,0.38,0.85,58.3756906077348,1.04,0.21,0.23722627737226276
3663,7.5,12.7,1.0,0.0,0.0,W,33.0,WSW,WSW,17.0,17.0,90.0,88.0,1010.5,1008.9,8.0,7.0,11.7,11.2,No,0.88,0.98,58.3756906077348,1.51,0.21,0.8900523560209425
3664,6.2,15.6,0.8,0.0,0.0,WSW,41.0,W,WSW,24.0,24.0,81.0,60.0,1013.2,1010.9,7.0,0.0,11.2,15.2,No,0.0,0.74,58.3756906077348,1.03,0.21,0.36585365853658536
3667,9.6,14.5,2.6,0.0,0.0,0,0.0,WSW,SW,15.0,24.0,95.0,72.0,1013.7,1014.6,8.0,8.0,11.8,14.4,Yes,1.0,0.76,58.3756906077348,1.23,0.21,0.640074211502783
3668,9.3,16.7,0.4,0.0,0.0,E,31.0,W,ESE,9.0,20.0,80.0,67.0,1018.0,1014.0,8.0,1.0,12.7,16.2,No,0.12,0.84,58.3756906077348,1.15,0.21,0.2891566265060241
3670,10.3,15.8,0.0,0.0,0.0,WSW,54.0,W,WSW,31.0,35.0,74.0,54.0,1008.9,1009.9,7.0,1.0,13.2,14.4,No,0.14,0.73,58.3756906077348,0.93,0.21,0.2354948805460751
3672,5.7,15.9,2.4,0.0,0.0,W,46.0,W,W,28.0,26.0,76.0,59.0,1010.8,1010.7,8.0,6.0,10.1,15.0,Yes,0.75,0.78,58.3756906077348,1.01,0.21,0.23722627737226276
3673,3.2,18.7,0.0,0.0,0.0,E,50.0,WNW,E,7.0,35.0,78.0,51.0,1013.3,1006.3,0.0,0.0,12.4,17.0,No,0.0,0.65,58.3756906077348,0.87,0.21,0.3586206896551724
3674,9.8,17.3,0.0,0.0,0.0,NNW,48.0,ENE,NW,30.0,24.0,77.0,43.0,989.3,989.4,8.0,2.0,14.7,16.8,No,0.25,0.56,58.3756906077348,0.74,0.21,0.2354948805460751
3675,5.7,16.7,0.8,0.0,0.0,W,41.0,N,WSW,11.0,22.0,77.0,62.0,991.6,992.6,8.0,3.0,12.2,15.3,No,0.38,0.81,58.3756906077348,1.06,0.21,0.36585365853658536
3678,9.7,17.3,0.0,0.0,0.0,W,93.0,NW,W,31.0,52.0,69.0,69.0,998.8,997.5,8.0,8.0,11.7,12.1,No,1.0,1.0,58.3756906077348,1.18,0.21,0.6691176470588235
3679,6.1,16.8,8.0,0.0,0.0,NW,72.0,WNW,NW,41.0,46.0,59.0,47.0,1011.8,1009.4,0.0,1.0,12.4,16.1,Yes,0.0,0.8,58.3756906077348,0.81,0.21,0.21656050955414013
3681,15.5,27.3,0.0,0.0,0.0,WNW,72.0,NW,WNW,20.0,37.0,38.0,37.0,1010.9,1010.1,0.0,0.0,22.8,24.3,No,0.0,0.97,58.3756906077348,0.63,0.21,0.5476190476190477
3683,5.3,25.3,0.0,0.0,0.0,NNW,74.0,N,N,7.0,20.0,79.0,37.0,1013.4,1001.1,8.0,8.0,9.9,23.7,No,1.0,0.47,58.3756906077348,0.63,0.21,0.5476190476190477
3684,6.8,13.8,0.0,0.0,0.0,W,63.0,W,W,30.0,37.0,80.0,65.0,1014.8,1014.9,7.0,7.0,9.1,12.3,Null,1.0,0.81,58.3756906077348,1.11,0.21,0.544973544973545
3685,7.9,14.9,0.0,0.0,0.0,W,57.0,WNW,SSW,26.0,26.0,70.0,88.0,1015.0,1015.5,8.0,8.0,12.2,11.0,No,1.0,1.26,58.3756906077348,1.51,0.21,0.9321739130434783
3688,2.9,25.4,0.0,0.0,0.0,NW,50.0,N,WNW,7.0,30.0,69.0,33.0,1017.8,1011.1,1.0,1.0,14.7,23.9,No,1.0,0.48,58.3756906077348,0.57,0.21,0.3586206896551724
3690,8.3,17.8,16.6,0.0,0.0,W,57.0,W,WSW,35.0,33.0,72.0,48.0,1006.4,1006.5,0.0,0.0,12.5,16.9,Yes,0.0,0.67,58.3756906077348,0.82,0.21,0.21656050955414013
3694,7.4,27.0,0.0,0.0,0.0,WNW,65.0,NNW,S,11.0,24.0,48.0,73.0,1009.7,1010.4,8.0,8.0,17.8,17.2,No,1.0,1.52,58.3756906077348,1.25,0.21,0.8018018018018018
3695,7.4,14.0,10.2,0.0,0.0,SSW,61.0,W,SSW,26.0,31.0,74.0,82.0,1015.4,1015.4,0.0,8.0,10.1,8.9,Yes,0.0,1.11,58.3756906077348,1.4,0.21,0.8387096774193549
3696,6.7,14.8,17.2,0.0,0.0,WSW,39.0,WSW,SSW,15.0,9.0,77.0,64.0,1023.7,1023.0,2.0,7.0,11.3,12.9,Yes,3.5,0.83,58.3756906077348,1.1,0.21,0.22330097087378642
3700,8.8,17.4,0.0,0.0,0.0,SE,39.0,SW,SSE,20.0,20.0,63.0,57.0,1019.8,1019.8,1.0,1.0,13.8,16.7,No,1.0,0.9,58.3756906077348,0.98,0.21,0.31208053691275167
3703,10.8,28.5,0.0,0.0,0.0,WSW,87.0,N,NW,7.0,43.0,87.0,39.0,999.8,995.7,8.0,3.0,17.7,26.7,No,0.38,0.45,58.3756906077348,0.67,0.21,0.5476190476190477
3708,4.8,27.7,0.0,0.0,0.0,WSW,83.0,NW,NW,7.0,33.0,98.0,25.0,1011.4,1004.1,1.0,0.0,12.0,27.6,No,0.0,0.26,58.3756906077348,0.43,0.21,0.5476190476190477
3711,8.6,29.6,0.0,0.0,0.0,NNW,78.0,ESE,WNW,11.0,31.0,53.0,29.0,1003.1,999.2,0.0,7.0,20.6,26.1,No,0.0,0.55,58.3756906077348,0.5,0.21,0.5476190476190477
3712,11.9,20.1,0.0,0.0,0.0,E,37.0,N,E,9.0,19.0,75.0,48.0,1010.5,1010.0,8.0,0.0,13.7,18.6,No,0.0,0.64,58.3756906077348,0.82,0.21,0.2354948805460751
3713,11.9,18.8,0.0,0.0,0.0,SE,39.0,ESE,ESE,13.0,24.0,70.0,58.0,1014.6,1011.4,8.0,3.0,14.5,18.0,No,0.38,0.83,58.3756906077348,0.99,0.21,0.3865546218487395
3714,12.1,16.5,0.0,0.0,0.0,SSW,26.0,SSW,WNW,11.0,9.0,91.0,72.0,1012.2,1011.7,8.0,8.0,12.2,15.6,No,1.0,0.79,58.3756906077348,1.23,0.21,0.437125748502994
3716,12.1,25.0,0.0,0.0,0.0,NW,46.0,ENE,S,9.0,15.0,78.0,61.0,999.7,993.5,1.0,2.0,17.6,23.2,No,2.0,0.78,58.3756906077348,1.04,0.21,0.36585365853658536
3717,11.1,19.6,0.2,0.0,0.0,NW,44.0,NW,NW,22.0,28.0,59.0,47.0,993.8,993.1,8.0,8.0,15.8,18.2,No,1.0,0.8,58.3756906077348,0.81,0.21,0.2354948805460751
3718,11.1,19.1,13.8,0.0,0.0,W,52.0,SSW,WSW,19.0,31.0,76.0,60.0,1007.7,1009.9,8.0,6.0,14.5,17.6,Yes,0.75,0.79,58.3756906077348,1.03,0.21,0.544973544973545
3719,9.5,18.2,2.0,0.0,0.0,SW,57.0,WSW,WSW,30.0,35.0,73.0,66.0,1017.6,1017.1,8.0,8.0,14.0,17.3,Yes,1.0,0.9,58.3756906077348,1.13,0.21,0.3986013986013986
3720,12.2,21.4,0.0,0.0,0.0,W,46.0,W,ESE,26.0,22.0,75.0,66.0,1023.4,1022.9,8.0,1.0,15.1,20.6,No,0.12,0.88,58.3756906077348,1.13,0.21,0.2396694214876033
3722,13.6,22.1,0.0,0.0,0.0,W,37.0,W,SE,20.0,17.0,74.0,69.0,1014.7,1015.4,4.0,7.0,17.5,18.9,No,1.75,0.93,58.3756906077348,1.18,0.21,0.31208053691275167
3725,12.3,37.0,0.0,0.0,0.0,NW,52.0,WNW,NW,4.0,35.0,72.0,21.0,1011.0,1006.6,0.0,0.0,24.1,36.4,No,0.0,0.29,58.3756906077348,0.36,0.21,0.3586206896551724
3726,15.8,17.5,4.6,0.0,0.0,W,52.0,WNW,S,13.0,19.0,93.0,94.0,1014.6,1015.3,8.0,8.0,16.0,13.7,Yes,1.0,1.01,58.3756906077348,1.61,0.21,0.9321739130434783
3727,9.7,15.4,28.4,0.0,0.0,W,37.0,NNW,SSW,11.0,9.0,96.0,88.0,1015.5,1013.8,8.0,7.0,10.0,12.6,Yes,0.88,0.92,58.3756906077348,1.51,0.21,0.8609271523178808
3728,9.2,18.7,3.2,0.0,0.0,W,59.0,W,SSW,19.0,20.0,86.0,78.0,1017.5,1015.1,7.0,8.0,12.8,15.9,Yes,1.14,0.91,58.3756906077348,1.34,0.21,0.7555555555555555
3729,10.7,18.3,0.0,0.0,0.0,W,61.0,W,W,30.0,37.0,63.0,59.0,1016.1,1016.5,2.0,8.0,14.2,17.1,No,4.0,0.94,58.3756906077348,1.01,0.21,0.31208053691275167
3730,9.4,17.7,0.0,0.0,0.0,W,54.0,WSW,WSW,26.0,33.0,70.0,62.0,1019.4,1018.5,8.0,8.0,13.5,17.3,No,1.0,0.89,58.3756906077348,1.06,0.21,0.31208053691275167
3731,9.1,19.9,0.0,0.0,0.0,W,37.0,W,E,22.0,22.0,72.0,65.0,1019.8,1017.4,4.0,1.0,14.5,19.2,No,0.25,0.9,58.3756906077348,1.11,0.21,0.2396694214876033
3733,10.2,20.4,0.0,0.0,0.0,ESE,33.0,NNE,ESE,4.0,22.0,77.0,66.0,1013.6,1012.3,8.0,4.0,14.8,18.5,No,0.5,0.86,58.3756906077348,1.13,0.21,0.2891566265060241
3734,11.7,23.9,0.0,0.0,0.0,SW,41.0,SSW,S,6.0,22.0,77.0,65.0,1009.2,1006.3,7.0,1.0,17.7,22.9,No,0.14,0.84,58.3756906077348,1.11,0.21,0.36585365853658536
3736,12.4,23.7,0.0,0.0,0.0,WSW,43.0,W,W,13.0,19.0,80.0,45.0,1010.3,1011.1,8.0,0.0,17.1,23.2,No,0.0,0.56,58.3756906077348,0.77,0.21,0.2354948805460751
3738,10.3,27.6,0.0,0.0,0.0,NW,37.0,NNE,E,4.0,20.0,79.0,51.0,1012.4,1007.9,0.0,0.0,16.2,26.0,No,0.0,0.65,58.3756906077348,0.87,0.21,0.35514018691588783
3742,10.0,27.0,0.0,0.0,0.0,WNW,67.0,W,W,6.0,28.0,79.0,89.0,997.8,997.5,7.0,0.0,19.0,13.8,No,0.0,1.13,58.3756906077348,1.52,0.21,0.9321739130434783
3743,10.1,17.9,6.2,0.0,0.0,W,65.0,W,WSW,33.0,39.0,67.0,40.0,1012.6,1015.9,0.0,0.0,12.2,16.9,Yes,0.0,0.6,58.3756906077348,0.69,0.21,0.21656050955414013
3747,11.9,35.1,0.0,0.0,0.0,NW,59.0,WSW,NW,6.0,35.0,58.0,19.0,1009.7,1004.9,0.0,7.0,23.8,33.2,No,0.0,0.33,58.3756906077348,0.33,0.21,0.2184873949579832
3750,9.1,23.7,0.0,0.0,0.0,ESE,28.0,ENE,ESE,9.0,19.0,69.0,55.0,1012.1,1006.9,0.0,7.0,15.7,23.1,No,0.0,0.8,58.3756906077348,0.94,0.21,0.35514018691588783
3754,13.3,22.5,0.0,0.0,0.0,W,54.0,WSW,WSW,22.0,30.0,68.0,49.0,1004.9,1007.9,0.0,7.0,18.1,20.5,No,0.0,0.72,58.3756906077348,0.84,0.21,0.3586206896551724
3759,13.9,34.8,0.0,0.0,0.0,E,46.0,NNW,ESE,6.0,30.0,73.0,35.0,1014.0,1011.0,0.0,0.0,22.9,32.6,No,0.0,0.48,58.3756906077348,0.6,0.21,0.3586206896551724
3760,14.7,35.4,0.0,0.0,0.0,WNW,65.0,N,SSE,7.0,30.0,48.0,54.0,1007.1,1008.3,0.0,7.0,27.6,26.9,No,0.0,1.12,58.3756906077348,0.93,0.21,0.5476190476190477
3761,17.5,24.4,12.0,0.0,0.0,E,46.0,E,E,31.0,15.0,77.0,84.0,1013.5,1012.1,8.0,8.0,22.2,22.6,Yes,1.0,1.09,58.3756906077348,1.44,0.21,0.8900523560209425
3763,20.7,33.5,0.0,0.0,0.0,S,52.0,E,NW,17.0,13.0,75.0,55.0,1004.2,1001.0,8.0,0.0,24.9,33.1,No,0.0,0.73,58.3756906077348,0.94,0.21,0.2354948805460751
3764,19.9,26.5,3.4,0.0,0.0,SSE,33.0,E,SSE,7.0,20.0,80.0,76.0,999.6,999.7,8.0,8.0,25.2,21.1,Yes,1.0,0.95,58.3756906077348,1.3,0.21,0.640074211502783
3765,16.8,26.8,0.2,0.0,0.0,E,39.0,W,ESE,13.0,17.0,70.0,56.0,1005.6,1004.5,8.0,0.0,19.3,24.6,No,0.0,0.8,58.3756906077348,0.96,0.21,0.2354948805460751
3766,5.7,13.1,3.6,2.4,3.1,SW,48.0,WSW,SW,22.0,20.0,86.0,61.0,1019.4,1021.2,8.0,7.0,9.6,12.2,Yes,0.88,0.71,54.03260869565217,1.13,0.326,0.6853146853146853
3769,9.3,11.6,0.0,3.0,0.0,NNE,43.0,NNE,NNE,9.0,20.0,75.0,68.0,1017.8,1014.3,7.0,7.0,10.1,11.2,No,1.0,0.91,54.03260869565217,1.26,0.326,0.56
3770,6.8,11.9,2.0,1.8,0.0,S,39.0,SW,S,17.0,15.0,93.0,94.0,1013.2,1010.7,8.0,8.0,8.1,10.5,Yes,1.0,1.01,54.03260869565217,1.74,0.326,0.8900523560209425
3771,8.0,11.8,24.0,0.6,0.0,S,52.0,S,S,30.0,28.0,86.0,86.0,1017.4,1018.9,8.0,8.0,11.5,11.5,Yes,1.0,1.0,54.03260869565217,1.59,0.326,0.9321739130434783
3772,9.7,12.2,10.6,1.0,0.0,S,30.0,S,SE,13.0,17.0,96.0,85.0,1023.2,1020.9,8.0,8.0,9.8,12.1,Yes,1.0,0.89,54.03260869565217,1.57,0.326,0.7237569060773481
3775,5.6,12.4,0.0,1.4,0.0,NNE,85.0,N,NNE,30.0,44.0,87.0,82.0,1020.0,1013.1,8.0,8.0,10.5,10.9,No,1.0,0.94,54.03260869565217,1.52,0.326,0.6176470588235294
3776,10.4,14.7,3.0,2.2,4.6,N,70.0,N,N,41.0,31.0,68.0,61.0,1002.3,1001.6,1.0,7.0,11.8,13.1,Yes,7.0,0.9,54.03260869565217,1.13,0.326,0.6853146853146853
3777,9.7,12.7,0.0,2.6,7.1,NW,83.0,NNW,NNW,41.0,26.0,58.0,59.0,997.3,998.9,5.0,5.0,10.9,9.8,No,1.0,1.02,54.03260869565217,1.09,0.326,0.6691176470588235
3783,9.0,18.7,0.0,4.6,5.1,N,69.0,N,NNW,43.0,24.0,74.0,72.0,1018.8,1017.1,7.0,6.0,12.8,15.1,No,0.86,0.97,54.03260869565217,1.33,0.326,0.8018018018018018
3784,10.9,15.2,0.0,1.8,0.2,N,22.0,NNW,S,13.0,7.0,85.0,71.0,1022.1,1021.0,7.0,8.0,12.5,14.3,No,1.14,0.84,54.03260869565217,1.31,0.326,0.22767857142857142
3785,7.9,15.1,1.0,0.2,6.3,S,19.0,NNW,SSW,7.0,9.0,83.0,63.0,1023.2,1021.3,7.0,4.0,10.6,14.9,No,0.57,0.76,54.03260869565217,1.17,0.326,0.2891566265060241
3786,5.6,17.5,2.6,2.0,4.5,N,80.0,N,N,28.0,26.0,88.0,69.0,1016.3,1011.8,7.0,2.0,11.9,16.5,Yes,0.29,0.78,54.03260869565217,1.28,0.326,0.6853146853146853
3787,11.8,17.3,8.4,1.4,1.8,N,83.0,NW,W,22.0,52.0,72.0,76.0,997.8,995.9,7.0,7.0,15.6,11.4,Yes,1.0,1.06,54.03260869565217,1.41,0.326,0.8387096774193549
3788,6.0,10.6,1.2,3.4,5.9,WNW,67.0,W,W,26.0,33.0,61.0,70.0,1005.1,1009.2,3.0,7.0,7.6,7.8,Yes,2.33,1.15,54.03260869565217,1.3,0.326,0.7596899224806202
3789,2.2,11.4,0.4,1.4,6.9,N,56.0,N,N,33.0,33.0,81.0,69.0,1010.6,1006.5,1.0,7.0,4.9,9.5,No,7.0,0.85,54.03260869565217,1.28,0.326,0.5362318840579711
3790,4.9,13.5,0.0,2.6,4.7,W,76.0,NNW,NNW,19.0,35.0,73.0,51.0,1009.3,1005.3,6.0,7.0,8.8,12.3,No,1.17,0.7,54.03260869565217,0.94,0.326,0.5620915032679739
3791,4.4,10.2,2.6,2.2,1.0,N,57.0,N,N,24.0,30.0,72.0,60.0,1013.4,1009.9,8.0,7.0,6.4,9.3,Yes,0.88,0.83,54.03260869565217,1.11,0.326,0.6853146853146853
3794,7.7,14.2,0.0,2.2,0.5,NW,48.0,N,NW,30.0,15.0,79.0,74.0,1021.7,1020.0,7.0,7.0,11.1,13.3,No,1.0,0.94,54.03260869565217,1.37,0.326,0.4896907216494845
3795,7.3,13.7,2.2,1.6,3.0,N,80.0,N,N,33.0,33.0,81.0,78.0,1020.9,1016.7,6.0,7.0,11.1,11.7,Yes,1.17,0.96,54.03260869565217,1.44,0.326,0.7555555555555555
3797,10.3,13.2,2.6,2.6,0.0,N,52.0,N,N,35.0,28.0,90.0,89.0,1010.6,1009.5,7.0,7.0,11.5,11.8,Yes,1.0,0.99,54.03260869565217,1.65,0.326,0.9321739130434783
3799,6.8,12.4,2.4,0.8,3.3,SSE,46.0,SSW,SSE,17.0,22.0,96.0,82.0,1026.6,1026.8,7.0,7.0,8.5,10.2,Yes,1.0,0.85,54.03260869565217,1.52,0.326,0.3674698795180723
3805,8.9,16.8,0.0,5.2,5.2,N,89.0,N,NNE,54.0,37.0,67.0,51.0,1013.9,1008.3,7.0,7.0,11.1,16.5,No,1.0,0.76,54.03260869565217,0.94,0.326,0.5620915032679739
3806,7.3,14.8,0.6,4.0,7.2,N,67.0,N,N,31.0,39.0,63.0,54.0,1010.9,1009.2,1.0,7.0,10.4,12.5,No,7.0,0.86,54.03260869565217,1.0,0.326,0.5620915032679739
3813,10.8,15.0,0.4,3.6,4.5,N,54.0,SW,SSE,17.0,17.0,82.0,74.0,1023.2,1022.8,7.0,4.0,12.3,13.2,No,0.57,0.9,54.03260869565217,1.37,0.326,0.4896907216494845
3815,13.5,15.8,0.0,7.2,0.8,NNE,70.0,N,N,24.0,15.0,58.0,81.0,1006.0,1006.9,7.0,8.0,15.3,9.3,No,1.14,1.4,54.03260869565217,1.5,0.326,0.8018018018018018
3816,4.9,12.6,6.0,2.0,9.7,W,56.0,NW,WNW,20.0,20.0,65.0,61.0,1012.0,1012.6,3.0,3.0,8.8,11.8,Yes,1.0,0.94,54.03260869565217,1.13,0.326,0.6853146853146853
3817,8.2,14.1,0.4,2.4,0.8,NNW,37.0,N,NNW,19.0,17.0,75.0,66.0,1016.0,1013.2,7.0,7.0,11.3,13.5,No,1.0,0.88,54.03260869565217,1.22,0.326,0.56
3818,8.6,16.4,1.8,1.6,5.1,N,37.0,N,SE,24.0,17.0,81.0,76.0,1014.4,1012.4,5.0,7.0,10.3,10.9,Yes,1.4,0.94,54.03260869565217,1.41,0.326,0.437125748502994
3828,9.1,15.0,1.0,3.4,1.2,SSW,28.0,WNW,S,9.0,13.0,94.0,91.0,1018.9,1015.6,7.0,7.0,11.1,11.8,No,1.0,0.97,54.03260869565217,1.68,0.326,0.5209580838323353
3829,8.9,13.5,4.4,2.0,0.3,S,31.0,S,S,9.0,20.0,91.0,72.0,1014.3,1008.1,7.0,7.0,10.9,13.0,Yes,1.0,0.79,54.03260869565217,1.33,0.326,0.640074211502783
3836,14.2,15.4,1.4,5.4,0.0,N,70.0,N,N,28.0,13.0,91.0,93.0,1010.1,1008.4,8.0,8.0,14.5,14.7,Yes,1.0,1.02,54.03260869565217,1.72,0.326,0.9321739130434783
3837,9.2,13.8,13.4,3.0,1.4,SW,46.0,SW,SE,24.0,13.0,76.0,65.0,1016.7,1016.8,8.0,7.0,11.0,13.0,Yes,0.88,0.86,54.03260869565217,1.2,0.326,0.3869047619047619
3840,8.9,13.1,12.4,3.6,0.0,S,28.0,NE,ESE,7.0,15.0,96.0,91.0,1019.8,1015.9,8.0,8.0,9.6,11.7,Yes,1.0,0.95,54.03260869565217,1.68,0.326,0.7237569060773481
3841,9.6,15.0,20.4,1.2,5.3,N,59.0,N,N,15.0,41.0,80.0,64.0,1005.3,1004.0,6.0,6.0,12.7,12.8,Yes,1.0,0.8,54.03260869565217,1.18,0.326,0.6853146853146853
3842,6.7,14.2,3.2,3.2,1.0,WSW,57.0,W,WSW,24.0,39.0,80.0,70.0,1007.0,1009.3,6.0,7.0,11.6,13.0,Yes,1.17,0.88,54.03260869565217,1.3,0.326,0.7596899224806202
3845,9.3,11.7,0.4,5.4,0.2,N,44.0,SW,SSE,17.0,11.0,87.0,71.0,1012.3,1010.0,8.0,8.0,9.3,11.2,No,1.0,0.82,54.03260869565217,1.31,0.326,0.31519274376417233
3848,9.6,15.7,3.0,5.2,2.0,S,41.0,0,S,0.0,20.0,92.0,70.0,1010.7,1008.6,7.0,7.0,10.7,14.3,Yes,1.0,0.76,54.03260869565217,1.3,0.326,0.3869047619047619
3849,8.3,12.3,2.2,2.2,0.2,SW,50.0,SW,S,28.0,28.0,79.0,71.0,1017.5,1017.2,7.0,7.0,9.8,11.4,Yes,1.0,0.9,54.03260869565217,1.31,0.326,0.7596899224806202
3851,7.1,19.4,0.0,3.4,7.9,N,54.0,N,N,24.0,39.0,70.0,45.0,1009.9,1005.8,5.0,7.0,13.6,18.5,No,1.4,0.64,54.03260869565217,0.83,0.326,0.2354948805460751
3856,11.5,16.2,4.4,5.6,5.4,NNE,76.0,NW,N,20.0,24.0,67.0,48.0,989.7,988.2,7.0,7.0,12.4,14.4,Yes,1.0,0.72,54.03260869565217,0.89,0.326,0.3741496598639456
3857,6.3,15.2,1.8,4.4,5.6,NNE,37.0,N,W,17.0,15.0,69.0,66.0,991.7,993.4,7.0,6.0,11.8,13.7,Yes,0.86,0.96,54.03260869565217,1.22,0.326,0.45652173913043476
3858,8.9,17.7,2.0,2.6,4.9,W,54.0,W,NW,31.0,19.0,75.0,59.0,1003.1,1004.4,7.0,7.0,13.0,15.8,Yes,1.0,0.79,54.03260869565217,1.09,0.326,0.6853146853146853
3859,10.3,22.1,0.0,7.2,6.9,N,93.0,N,NNE,65.0,61.0,70.0,39.0,1003.2,997.9,6.0,1.0,12.8,22.1,No,0.17,0.56,54.03260869565217,0.72,0.326,0.5620915032679739
3860,8.1,15.6,11.4,6.4,9.6,NW,63.0,NNW,NW,22.0,43.0,70.0,54.0,995.7,995.4,6.0,7.0,10.9,13.7,Yes,1.17,0.77,54.03260869565217,1.0,0.326,0.6853146853146853
3861,9.4,16.6,0.4,5.0,5.4,W,81.0,N,W,35.0,33.0,70.0,66.0,998.5,1000.0,3.0,4.0,12.5,13.7,No,1.33,0.94,54.03260869565217,1.22,0.326,0.6691176470588235
3862,5.9,16.0,2.8,4.8,0.0,NNW,57.0,N,NW,30.0,26.0,78.0,52.0,1014.5,1013.6,7.0,7.0,8.3,14.4,Yes,1.0,0.67,54.03260869565217,0.96,0.326,0.5357142857142857
3866,6.7,20.3,0.0,5.8,2.2,N,107.0,N,N,61.0,57.0,65.0,51.0,1009.6,1001.8,8.0,7.0,13.1,18.7,No,0.88,0.78,54.03260869565217,0.94,0.326,0.5620915032679739
3867,10.9,16.0,0.6,5.6,5.9,W,76.0,N,SW,20.0,43.0,64.0,49.0,1008.7,1009.0,7.0,2.0,12.3,13.1,No,0.29,0.77,54.03260869565217,0.91,0.326,0.5620915032679739
3868,5.2,14.9,3.8,4.4,7.7,WSW,50.0,W,SSW,26.0,19.0,68.0,69.0,1016.7,1017.0,1.0,5.0,9.1,11.6,Yes,5.0,1.01,54.03260869565217,1.28,0.326,0.6853146853146853
3869,7.9,16.1,0.2,4.8,2.2,WSW,61.0,WNW,S,20.0,28.0,73.0,94.0,1017.1,1018.0,7.0,8.0,11.4,11.0,No,1.14,1.29,54.03260869565217,1.74,0.326,0.9321739130434783
3873,14.1,21.4,0.0,11.6,0.8,N,93.0,N,NNW,41.0,15.0,61.0,48.0,1002.5,999.3,8.0,8.0,15.4,20.0,No,1.0,0.79,54.03260869565217,0.89,0.326,0.5620915032679739
3875,9.5,16.1,0.6,5.6,4.7,SW,59.0,W,WNW,9.0,17.0,80.0,55.0,1009.3,1010.0,6.0,7.0,11.1,14.3,No,1.17,0.69,54.03260869565217,1.02,0.326,0.6691176470588235
3878,12.3,16.3,0.0,12.2,0.1,N,100.0,N,S,41.0,13.0,53.0,96.0,1010.5,1012.3,7.0,8.0,15.8,11.3,No,1.14,1.81,54.03260869565217,1.78,0.326,0.9321739130434783
3879,4.7,11.9,13.2,2.2,5.2,SSW,69.0,WSW,S,31.0,33.0,72.0,82.0,1018.6,1019.7,6.0,7.0,8.5,11.5,Yes,1.17,1.14,54.03260869565217,1.52,0.326,0.7555555555555555
3880,5.7,13.2,24.8,5.6,6.0,SSE,48.0,SSW,S,19.0,24.0,85.0,53.0,1026.0,1025.3,7.0,7.0,8.6,12.2,Yes,1.0,0.62,54.03260869565217,0.98,0.326,0.5294117647058824
3882,8.4,24.1,0.0,6.0,8.4,N,70.0,N,N,50.0,46.0,58.0,34.0,1013.8,1010.0,6.0,6.0,14.3,22.4,No,1.0,0.59,54.03260869565217,0.63,0.326,0.5620915032679739
3883,14.0,19.3,0.0,7.2,1.5,N,50.0,WSW,SSE,17.0,20.0,84.0,84.0,1009.7,1012.0,7.0,8.0,14.3,14.8,No,1.14,1.0,54.03260869565217,1.55,0.326,0.9321739130434783
3887,11.6,26.0,0.0,7.0,7.1,W,87.0,N,NW,41.0,35.0,55.0,30.0,999.0,999.1,3.0,7.0,21.6,22.4,No,2.33,0.55,54.03260869565217,0.56,0.326,0.5620915032679739
3895,13.6,25.4,0.0,7.0,5.1,N,74.0,N,NW,52.0,28.0,50.0,69.0,1003.0,1003.6,7.0,7.0,18.8,15.8,No,1.0,1.38,54.03260869565217,1.28,0.326,0.6691176470588235
3899,5.0,21.9,0.0,3.8,11.5,W,35.0,S,S,11.0,20.0,69.0,44.0,1012.8,1008.0,1.0,1.0,13.1,21.2,No,1.0,0.64,54.03260869565217,0.81,0.326,0.35514018691588783
3900,11.3,24.3,3.8,4.8,4.5,NW,61.0,N,NW,28.0,35.0,75.0,34.0,997.0,996.3,7.0,6.0,19.0,23.3,Yes,0.86,0.45,54.03260869565217,0.63,0.326,0.5357142857142857
3901,10.4,19.1,2.2,7.2,1.7,SSW,57.0,NNW,WNW,33.0,9.0,69.0,55.0,993.6,992.6,7.0,7.0,12.7,18.2,Yes,1.0,0.8,54.03260869565217,1.02,0.326,0.6853146853146853
3902,9.5,16.6,11.2,3.2,3.2,SSW,54.0,SW,S,28.0,31.0,78.0,57.0,1010.6,1013.6,8.0,7.0,11.2,14.6,Yes,0.88,0.73,54.03260869565217,1.05,0.326,0.6853146853146853
3906,13.8,20.1,0.0,10.0,0.7,SSW,35.0,S,S,6.0,20.0,78.0,67.0,1016.8,1016.8,8.0,7.0,16.3,18.3,No,0.88,0.86,54.03260869565217,1.24,0.326,0.22767857142857142
3909,16.9,34.3,0.0,11.2,6.2,WNW,83.0,N,N,43.0,33.0,52.0,28.0,1010.8,1006.1,7.0,7.0,24.0,31.8,No,1.0,0.54,54.03260869565217,0.52,0.326,0.5620915032679739
3910,13.3,13.9,8.2,9.4,0.0,SW,26.0,SSW,S,13.0,17.0,97.0,97.0,1015.5,1016.4,8.0,8.0,13.5,12.6,Yes,1.0,1.0,54.03260869565217,1.8,0.326,0.8900523560209425
3911,10.4,16.4,8.0,1.0,5.2,SW,56.0,SSW,SSW,19.0,13.0,75.0,86.0,1015.4,1016.8,7.0,7.0,13.5,9.7,Yes,1.0,1.15,54.03260869565217,1.59,0.326,0.9321739130434783
3915,10.8,18.5,0.0,5.2,4.3,SSE,30.0,SSW,SSE,17.0,17.0,75.0,68.0,1020.2,1018.3,8.0,7.0,12.6,16.0,No,0.88,0.91,54.03260869565217,1.26,0.326,0.22767857142857142
3918,10.1,20.4,0.0,6.4,3.2,S,33.0,S,S,17.0,20.0,82.0,61.0,1009.8,1009.1,8.0,6.0,14.9,19.1,No,0.75,0.74,54.03260869565217,1.13,0.326,0.31519274376417233
3919,9.1,24.6,0.0,4.0,8.3,SSE,33.0,S,SSE,6.0,24.0,73.0,47.0,1008.9,1005.3,7.0,7.0,15.1,24.1,No,1.0,0.64,54.03260869565217,0.87,0.326,0.2354948805460751
3922,9.1,31.7,0.0,5.6,4.8,N,70.0,SSE,N,6.0,22.0,53.0,28.0,1009.8,1006.1,7.0,8.0,21.4,30.4,No,1.14,0.53,54.03260869565217,0.52,0.326,0.5620915032679739
3926,15.1,23.4,3.2,12.2,6.1,N,80.0,N,W,43.0,50.0,90.0,29.0,996.7,998.2,8.0,6.0,16.3,22.2,Yes,0.75,0.32,54.03260869565217,0.54,0.326,0.5357142857142857
3927,8.2,18.3,2.2,8.2,5.8,SW,50.0,SSW,S,35.0,22.0,56.0,43.0,1015.6,1018.4,7.0,7.0,12.5,16.4,Yes,1.0,0.77,54.03260869565217,0.8,0.326,0.3741496598639456
3929,11.7,20.9,1.4,6.4,8.9,S,35.0,SSW,SSE,13.0,20.0,87.0,49.0,1024.2,1022.2,7.0,1.0,13.9,19.3,Yes,0.14,0.56,54.03260869565217,0.91,0.326,0.22748815165876776
3931,16.4,35.9,0.0,11.6,1.5,N,65.0,N,WNW,43.0,33.0,23.0,11.0,1010.0,1004.6,7.0,8.0,25.9,34.6,No,1.14,0.48,54.03260869565217,0.2,0.326,0.5620915032679739
3944,25.5,30.0,0.0,5.356814357823893,2.4,N,59.0,N,S,37.0,17.0,35.0,54.0,1008.0,1011.0,7.0,8.0,28.6,21.3,No,1.14,1.54,54.03260869565217,1.0,0.326,0.5620915032679739
3945,16.7,28.0,1.6,2.6,0.0,NNW,28.0,NE,NNE,7.0,20.0,85.0,67.0,1012.3,1009.9,8.0,8.0,18.9,26.0,Yes,1.0,0.79,54.03260869565217,1.24,0.326,0.23684210526315788
3947,24.9,34.7,0.0,5.356814357823893,3.4,NW,65.0,N,NW,37.0,30.0,59.0,96.0,1002.9,1002.6,7.0,8.0,28.8,23.3,No,1.14,1.63,54.03260869565217,1.78,0.326,0.9321739130434783
3949,16.0,25.2,0.0,8.6,11.9,SSE,41.0,SW,SSE,11.0,20.0,59.0,48.0,1006.3,1005.4,6.0,1.0,18.6,23.5,No,0.17,0.81,54.03260869565217,0.89,0.326,0.2354948805460751
3952,10.9,16.7,0.0,1.4,7.1,N,41.0,N,NNW,11.0,17.0,76.0,57.0,1024.3,1020.7,2.0,4.0,12.3,16.4,No,2.0,0.75,55.96739130434783,1.02,0.315,0.31208053691275167
3953,10.4,12.7,0.0,3.0,0.0,N,31.0,N,N,15.0,13.0,69.0,64.0,1017.7,1014.2,7.0,7.0,11.5,12.5,No,1.0,0.93,55.96739130434783,1.14,0.315,0.22767857142857142
3954,8.2,12.8,0.6,1.8,0.0,SSE,28.0,SSW,S,6.0,13.0,87.0,91.0,1012.9,1010.4,8.0,8.0,10.1,11.5,No,1.0,1.05,55.96739130434783,1.63,0.315,0.8900523560209425
3955,9.8,13.0,22.6,0.6,0.0,S,37.0,S,S,15.0,13.0,87.0,84.0,1017.1,1018.5,8.0,8.0,12.4,12.8,Yes,1.0,0.97,55.96739130434783,1.5,0.315,0.7237569060773481
3956,10.5,13.7,3.8,1.0,0.0,SE,31.0,S,ESE,7.0,17.0,97.0,80.0,1023.1,1020.6,8.0,8.0,10.8,13.6,Yes,1.0,0.82,55.96739130434783,1.43,0.315,0.3674698795180723
3957,9.7,15.3,0.8,0.0,4.3,NNW,20.0,NNE,S,7.0,4.0,90.0,65.0,1021.2,1020.3,5.0,5.0,10.5,15.0,No,1.0,0.72,55.96739130434783,1.16,0.315,0.2891566265060241
3959,6.5,14.2,0.0,1.4,0.0,N,59.0,E,N,2.0,17.0,97.0,80.0,1020.1,1013.7,8.0,8.0,8.3,12.3,No,1.0,0.82,55.96739130434783,1.43,0.315,0.8018018018018018
3960,8.3,16.0,3.6,2.2,4.6,N,59.0,N,N,20.0,28.0,67.0,57.0,1002.6,1001.0,1.0,7.0,13.2,14.5,Yes,7.0,0.85,55.96739130434783,1.02,0.315,0.6853146853146853
3961,10.7,13.7,0.0,2.6,7.1,NW,63.0,NNW,NNW,26.0,22.0,58.0,51.0,996.9,998.3,5.0,5.0,12.5,11.4,No,1.0,0.88,55.96739130434783,0.91,0.315,0.5620915032679739
3967,9.6,17.7,0.0,4.6,5.1,N,52.0,N,NNW,26.0,19.0,75.0,68.0,1019.4,1016.9,7.0,6.0,13.2,16.4,No,0.86,0.91,55.96739130434783,1.21,0.315,0.31208053691275167
3968,12.6,16.0,0.0,1.8,0.2,S,20.0,0,S,0.0,2.0,79.0,68.0,1022.1,1020.6,7.0,8.0,13.8,15.1,No,1.14,0.86,55.96739130434783,1.21,0.315,0.22767857142857142
3970,6.9,18.1,1.8,2.0,4.5,N,50.0,NNE,N,6.0,20.0,100.0,65.0,1016.5,1011.4,7.0,2.0,9.3,18.0,Yes,0.29,0.65,55.96739130434783,1.16,0.315,0.6853146853146853
3971,9.2,18.3,7.8,1.4,1.8,N,59.0,N,WNW,15.0,15.0,76.0,73.0,996.9,995.4,7.0,7.0,16.8,12.8,Yes,1.0,0.96,55.96739130434783,1.3,0.315,0.8387096774193549
3972,7.5,11.6,2.8,3.4,5.9,WSW,44.0,WNW,WNW,11.0,15.0,59.0,65.0,1004.5,1008.6,3.0,7.0,8.9,9.5,Yes,2.33,1.1,55.96739130434783,1.16,0.315,0.3869047619047619
3973,4.7,11.4,0.8,1.4,6.9,N,48.0,NNE,N,15.0,20.0,76.0,64.0,1010.8,1006.6,1.0,7.0,6.4,10.7,No,7.0,0.84,55.96739130434783,1.14,0.315,0.5362318840579711
3974,6.3,14.3,0.0,2.6,4.7,NNW,59.0,N,NNW,13.0,26.0,72.0,51.0,1008.9,1004.7,6.0,7.0,9.5,13.3,No,1.17,0.71,55.96739130434783,0.91,0.315,0.5620915032679739
3975,6.5,11.0,4.8,2.2,1.0,NNW,46.0,N,N,15.0,17.0,68.0,60.0,1013.0,1010.0,8.0,7.0,8.0,10.2,Yes,0.88,0.88,55.96739130434783,1.07,0.315,0.23722627737226276
3978,10.2,15.3,0.0,2.2,0.5,NNW,31.0,N,WNW,15.0,11.0,76.0,67.0,1021.4,1019.3,7.0,7.0,11.8,15.2,No,1.0,0.88,55.96739130434783,1.2,0.315,0.22767857142857142
3979,9.1,13.8,2.4,1.6,3.0,N,59.0,N,N,19.0,28.0,85.0,74.0,1021.0,1016.6,6.0,7.0,11.2,12.6,Yes,1.17,0.87,55.96739130434783,1.32,0.315,0.7555555555555555
3981,11.2,14.4,2.8,2.6,0.0,N,39.0,N,N,15.0,19.0,89.0,80.0,1010.8,1009.3,7.0,7.0,12.5,13.5,Yes,1.0,0.9,55.96739130434783,1.43,0.315,0.640074211502783
3982,8.5,13.4,14.4,1.6,5.3,S,44.0,S,SSW,15.0,17.0,65.0,65.0,1020.8,1021.2,2.0,2.0,11.1,12.7,Yes,1.0,1.0,55.96739130434783,1.16,0.315,0.3869047619047619
3983,8.7,12.8,2.8,0.8,3.3,S,28.0,SW,SSW,9.0,9.0,92.0,88.0,1026.3,1026.6,7.0,7.0,10.4,11.0,Yes,1.0,0.96,55.96739130434783,1.57,0.315,0.7237569060773481
3989,9.7,18.9,0.0,5.2,5.2,N,63.0,N,N,20.0,31.0,59.0,45.0,1014.5,1008.0,7.0,7.0,13.8,17.2,No,1.0,0.76,55.96739130434783,0.8,0.315,0.5620915032679739
3999,15.3,16.4,0.2,7.2,0.8,N,59.0,N,NNW,26.0,11.0,55.0,85.0,1005.9,1007.0,7.0,8.0,16.3,10.3,No,1.14,1.55,55.96739130434783,1.52,0.315,0.9321739130434783
4001,9.5,14.8,1.2,2.4,0.8,NNW,33.0,N,NNW,11.0,9.0,80.0,72.0,1015.8,1012.8,7.0,7.0,11.6,13.9,Yes,1.0,0.9,55.96739130434783,1.29,0.315,0.437125748502994
4002,7.8,16.0,5.6,1.6,5.1,SSW,35.0,N,NNW,7.0,6.0,83.0,89.0,1014.4,1012.8,5.0,7.0,11.1,10.5,Yes,1.4,1.07,55.96739130434783,1.59,0.315,0.8900523560209425
4004,3.7,12.7,0.0,2.4,7.9,S,26.0,NNE,SSW,9.0,15.0,93.0,77.0,1016.6,1013.5,7.0,6.0,6.6,11.4,No,0.86,0.83,55.96739130434783,1.38,0.315,0.437125748502994
4012,11.6,15.5,0.0,3.4,1.2,SSW,20.0,W,SSW,6.0,9.0,77.0,69.0,1018.5,1015.5,7.0,7.0,13.4,13.9,No,1.0,0.9,55.96739130434783,1.23,0.315,0.22767857142857142
4013,9.6,15.0,0.4,2.0,0.3,SSE,30.0,ESE,S,9.0,13.0,82.0,73.0,1014.3,1007.9,7.0,7.0,12.0,13.8,No,1.0,0.89,55.96739130434783,1.3,0.315,0.437125748502994
4014,10.0,15.7,0.2,1.6,3.1,SSW,37.0,W,SSE,9.0,7.0,73.0,54.0,1008.0,1008.9,7.0,7.0,11.2,14.0,No,1.0,0.74,55.96739130434783,0.96,0.315,0.2354948805460751
4020,16.0,16.7,0.6,5.4,0.0,NNE,44.0,N,N,20.0,7.0,82.0,89.0,1009.7,1008.2,8.0,8.0,16.4,16.0,No,1.0,1.09,55.96739130434783,1.59,0.315,0.8900523560209425
4021,11.5,14.3,9.4,3.0,1.4,SSW,37.0,WSW,SSW,11.0,11.0,81.0,67.0,1016.4,1016.8,8.0,7.0,12.0,13.8,Yes,0.88,0.83,55.96739130434783,1.2,0.315,0.3869047619047619
4023,9.9,13.6,1.6,1.6,0.2,SSE,22.0,N,SSW,9.0,9.0,93.0,80.0,1021.8,1020.5,8.0,8.0,10.4,12.5,Yes,1.0,0.86,55.96739130434783,1.43,0.315,0.334841628959276
4024,9.6,14.6,9.0,3.6,0.0,SSE,20.0,NNE,ESE,9.0,9.0,97.0,96.0,1020.1,1015.5,8.0,8.0,10.6,12.6,Yes,1.0,0.99,55.96739130434783,1.72,0.315,0.8900523560209425
4025,10.5,16.1,20.6,1.2,5.3,N,44.0,NE,N,9.0,26.0,93.0,56.0,1005.3,1004.0,6.0,6.0,12.6,14.4,Yes,1.0,0.6,55.96739130434783,1.0,0.315,0.22748815165876776
4026,8.7,14.6,2.0,3.2,1.0,WSW,37.0,NW,WSW,11.0,7.0,79.0,98.0,1006.7,1009.2,6.0,7.0,12.0,12.0,Yes,1.17,1.24,55.96739130434783,1.75,0.315,0.8900523560209425
4029,10.8,12.5,0.4,5.4,0.2,N,33.0,WSW,S,7.0,11.0,79.0,74.0,1012.2,1010.3,8.0,8.0,11.0,11.3,No,1.0,0.94,55.96739130434783,1.32,0.315,0.437125748502994
4032,10.9,15.2,1.2,5.2,2.0,SSW,35.0,WSW,SSW,4.0,11.0,95.0,79.0,1010.6,1008.5,7.0,7.0,11.8,14.8,Yes,1.0,0.83,55.96739130434783,1.41,0.315,0.7218543046357616
4033,9.6,13.4,1.2,2.2,0.2,S,44.0,W,S,13.0,15.0,87.0,66.0,1017.3,1017.1,7.0,7.0,10.0,13.0,Yes,1.0,0.76,55.96739130434783,1.18,0.315,0.3869047619047619
4034,9.8,16.5,0.6,1.6,5.9,S,20.0,ESE,SW,7.0,9.0,72.0,65.0,1017.2,1012.3,7.0,2.0,12.5,15.7,No,0.29,0.9,55.96739130434783,1.16,0.315,0.2891566265060241
4035,10.0,20.1,0.0,3.4,7.9,N,54.0,N,N,19.0,28.0,66.0,43.0,1009.7,1005.7,5.0,7.0,15.3,19.4,No,1.4,0.65,55.96739130434783,0.77,0.315,0.2354948805460751
4038,7.4,14.8,12.6,3.4,8.1,WSW,33.0,WNW,SSW,11.0,11.0,69.0,76.0,1011.7,1011.8,2.0,6.0,11.6,14.0,Yes,3.0,1.1,55.96739130434783,1.36,0.315,0.640074211502783
4039,7.5,19.3,2.2,2.4,7.8,NNE,43.0,N,NNE,17.0,24.0,68.0,47.0,1012.2,1003.6,1.0,7.0,13.6,17.9,Yes,7.0,0.69,55.96739130434783,0.84,0.315,0.23722627737226276
4040,12.5,16.7,1.8,5.6,5.4,N,48.0,NNW,N,17.0,20.0,74.0,43.0,989.5,988.3,7.0,7.0,12.6,15.3,Yes,1.0,0.58,55.96739130434783,0.77,0.315,0.3741496598639456
4041,9.3,16.4,2.0,4.4,5.6,NNW,24.0,NNW,SSW,13.0,9.0,68.0,53.0,991.8,993.1,7.0,6.0,11.9,15.6,Yes,0.86,0.78,55.96739130434783,0.95,0.315,0.23722627737226276
4042,11.6,18.6,1.6,2.6,4.9,NW,37.0,NW,WSW,11.0,13.0,91.0,52.0,1002.8,1003.9,7.0,7.0,12.9,17.3,Yes,1.0,0.57,55.96739130434783,0.93,0.315,0.22748815165876776
4043,12.1,24.0,0.0,7.2,6.9,NNE,69.0,NNE,N,15.0,37.0,56.0,33.0,1004.6,998.0,6.0,1.0,16.0,23.5,No,0.17,0.59,55.96739130434783,0.59,0.315,0.5620915032679739
4045,10.6,17.1,2.0,5.0,5.4,WSW,61.0,N,WSW,15.0,20.0,79.0,51.0,998.8,999.8,3.0,4.0,12.7,15.0,Yes,1.33,0.65,55.96739130434783,0.91,0.315,0.5357142857142857
4050,9.5,22.0,0.0,5.8,2.2,N,80.0,NNE,N,24.0,39.0,53.0,36.0,1010.1,1000.4,8.0,7.0,16.6,21.7,No,0.88,0.68,55.96739130434783,0.64,0.315,0.5620915032679739
4051,13.0,16.8,0.8,5.6,5.9,WNW,48.0,NNW,WSW,15.0,17.0,50.0,55.0,1008.3,1009.0,7.0,2.0,14.0,13.5,No,0.29,1.1,55.96739130434783,0.98,0.315,0.2354948805460751
4052,7.5,15.1,1.4,4.4,7.7,WNW,33.0,W,S,13.0,13.0,63.0,64.0,1016.6,1017.0,1.0,5.0,10.5,12.5,Yes,5.0,1.02,55.96739130434783,1.14,0.315,0.3869047619047619
4053,10.2,15.4,0.0,4.8,2.2,S,39.0,NW,S,13.0,13.0,70.0,88.0,1017.0,1018.1,7.0,8.0,12.2,12.3,No,1.14,1.26,55.96739130434783,1.57,0.315,0.87248322147651
4057,17.4,23.1,0.0,11.6,0.8,N,57.0,N,S,26.0,11.0,49.0,60.0,1001.9,999.8,8.0,8.0,18.1,17.7,No,1.0,1.22,55.96739130434783,1.07,0.315,0.5362318840579711
4059,9.6,16.6,1.0,5.6,4.7,SSW,41.0,WNW,WSW,13.0,17.0,70.0,49.0,1009.3,1010.0,6.0,7.0,12.3,14.7,No,1.17,0.7,55.96739130434783,0.88,0.315,0.2354948805460751
4062,14.8,17.6,0.0,12.2,0.1,N,59.0,N,SSW,28.0,9.0,47.0,94.0,1010.0,1012.6,7.0,8.0,16.9,11.6,No,1.14,2.0,55.96739130434783,1.68,0.315,0.9321739130434783
4063,6.9,13.2,16.4,2.2,5.2,S,57.0,W,SSW,13.0,26.0,68.0,73.0,1018.4,1019.5,6.0,7.0,9.3,12.2,Yes,1.17,1.07,55.96739130434783,1.3,0.315,0.7555555555555555
4065,9.4,17.1,0.4,2.4,7.9,SSW,26.0,SSW,SSW,6.0,11.0,66.0,58.0,1023.0,1019.3,7.0,7.0,11.7,14.9,No,1.0,0.88,55.96739130434783,1.04,0.315,0.22767857142857142
4067,16.5,18.5,0.0,7.2,1.5,N,33.0,W,S,9.0,17.0,67.0,92.0,1009.7,1012.5,7.0,8.0,16.9,13.3,No,1.14,1.37,55.96739130434783,1.64,0.315,0.87248322147651
4078,11.5,21.4,0.0,5.8,9.6,WSW,35.0,SW,S,20.0,9.0,57.0,45.0,1011.7,1010.0,7.0,7.0,14.8,19.0,No,1.0,0.79,55.96739130434783,0.8,0.315,0.2354948805460751
4079,14.6,25.9,0.0,7.0,5.1,N,59.0,N,WNW,30.0,13.0,47.0,61.0,1002.7,1003.5,7.0,7.0,19.6,16.8,No,1.0,1.3,55.96739130434783,1.09,0.315,0.6691176470588235
4084,13.2,25.5,2.0,4.8,4.5,NNW,50.0,NNE,WNW,7.0,20.0,79.0,36.0,997.1,995.7,7.0,6.0,18.8,23.7,Yes,0.86,0.46,55.96739130434783,0.64,0.315,0.5357142857142857
4085,11.7,19.0,2.0,7.2,1.7,S,50.0,N,NNW,17.0,4.0,69.0,60.0,993.5,992.8,7.0,7.0,13.4,18.4,Yes,1.0,0.87,55.96739130434783,1.07,0.315,0.6853146853146853
4086,11.5,15.9,8.6,3.2,3.2,S,48.0,SSW,SSW,19.0,20.0,77.0,57.0,1010.4,1013.4,8.0,7.0,12.6,14.6,Yes,0.88,0.74,55.96739130434783,1.02,0.315,0.6853146853146853
4087,11.0,19.2,0.0,4.0,4.8,WSW,24.0,SSW,WSW,7.0,9.0,65.0,57.0,1019.6,1019.1,7.0,7.0,14.7,18.0,No,1.0,0.88,55.96739130434783,1.02,0.315,0.22767857142857142
4090,15.3,18.9,0.0,10.0,0.7,SW,33.0,SSE,SSW,11.0,15.0,74.0,72.0,1016.8,1017.0,8.0,7.0,16.6,16.6,No,0.88,0.97,55.96739130434783,1.29,0.315,0.437125748502994
4094,14.5,14.9,8.6,9.4,0.0,WSW,22.0,S,SSW,9.0,9.0,96.0,89.0,1015.0,1016.4,8.0,8.0,14.5,13.8,Yes,1.0,0.93,55.96739130434783,1.59,0.315,0.7237569060773481
4095,11.0,16.8,5.4,1.0,5.2,SSW,39.0,WSW,SSE,6.0,15.0,78.0,79.0,1015.3,1016.4,7.0,7.0,13.7,11.4,Yes,1.0,1.01,55.96739130434783,1.41,0.315,0.640074211502783
4097,10.9,17.9,0.8,3.8,4.5,SSW,39.0,SW,S,11.0,15.0,61.0,59.0,1018.3,1019.5,6.0,7.0,14.3,15.3,No,1.17,0.97,55.96739130434783,1.05,0.315,0.31208053691275167
4098,12.2,17.4,0.0,4.0,3.6,SSW,33.0,SSW,S,9.0,17.0,64.0,62.0,1021.3,1020.7,8.0,7.0,14.4,16.3,No,0.88,0.97,55.96739130434783,1.11,0.315,0.22767857142857142
4101,10.4,20.0,0.2,5.0,12.7,S,33.0,SSE,SSW,7.0,17.0,66.0,65.0,1013.4,1011.8,7.0,3.0,15.7,18.4,No,0.43,0.98,55.96739130434783,1.16,0.315,0.2891566265060241
4102,13.3,18.9,0.0,6.4,3.2,SSW,28.0,S,SSW,11.0,11.0,87.0,73.0,1009.9,1009.3,8.0,6.0,14.6,17.4,No,0.75,0.84,55.96739130434783,1.3,0.315,0.437125748502994
4110,15.4,23.2,2.2,12.2,6.1,NNW,56.0,N,W,19.0,17.0,81.0,34.0,997.2,998.1,8.0,6.0,16.9,22.6,Yes,0.75,0.42,55.96739130434783,0.61,0.315,0.5357142857142857
4122,14.4,21.5,3.0,13.0,9.0,SW,35.0,SSW,S,13.0,11.0,97.0,44.0,1008.3,1008.9,7.0,1.0,14.5,20.3,Yes,0.14,0.45,55.96739130434783,0.79,0.315,0.22748815165876776
4123,13.5,19.9,0.2,8.0,7.0,SW,43.0,WSW,SSW,9.0,19.0,60.0,57.0,1016.4,1018.2,5.0,5.0,16.0,18.3,No,1.0,0.95,55.96739130434783,1.02,0.315,0.31208053691275167
4128,25.4,29.3,0.0,5.356814357823893,2.4,N,39.0,WNW,SW,4.0,11.0,38.0,86.0,1008.6,1011.1,7.0,8.0,28.8,18.9,No,1.14,2.26,55.96739130434783,1.54,0.315,0.87248322147651
4129,18.0,29.8,1.6,2.6,0.0,ESE,26.0,NNE,NNE,6.0,6.0,80.0,80.0,1012.0,1009.8,8.0,8.0,20.4,25.2,Yes,1.0,1.0,55.96739130434783,1.43,0.315,0.7218543046357616
4130,20.3,38.2,1.0,2.4,7.0,N,63.0,N,N,17.0,39.0,40.0,33.0,1003.0,999.2,7.0,4.0,29.2,33.4,No,0.57,0.82,55.96739130434783,0.59,0.315,0.5620915032679739
4131,27.0,33.5,0.0,5.356814357823893,3.4,N,46.0,N,N,19.0,20.0,56.0,73.0,1002.5,1000.9,7.0,8.0,29.9,27.1,No,1.14,1.3,55.96739130434783,1.3,0.315,0.437125748502994
4132,20.1,27.8,20.4,14.2,11.3,SSW,33.0,SSW,SSW,9.0,9.0,66.0,46.0,1001.3,999.4,7.0,1.0,21.0,26.7,Yes,0.14,0.7,55.96739130434783,0.82,0.315,0.23722627737226276
4133,17.3,23.8,0.0,8.6,11.9,S,28.0,S,SSW,7.0,11.0,60.0,55.0,1006.3,1005.8,6.0,1.0,18.7,22.7,No,0.17,0.92,55.96739130434783,0.98,0.315,0.2354948805460751
4134,3.6,13.3,3.2,0.0,2.8,SW,28.0,W,SW,13.0,13.0,93.0,64.0,1024.8,1025.2,2.0,8.0,5.9,13.1,Yes,4.0,0.69,39.05978260869565,1.64,0.158,0.22330097087378642
4137,5.3,11.9,0.0,0.0,0.6,N,24.0,NNE,NNE,13.0,19.0,90.0,73.0,1017.4,1012.4,7.0,8.0,7.2,11.4,No,1.14,0.81,39.05978260869565,1.87,0.158,0.437125748502994
4138,7.2,14.0,2.2,1.8,2.5,SSW,30.0,SW,SSW,9.0,19.0,100.0,68.0,1012.4,1014.6,8.0,6.0,8.0,13.2,Yes,0.75,0.68,39.05978260869565,1.74,0.158,0.3484848484848485
4143,6.6,12.2,1.8,0.0,1.0,NE,61.0,NNE,NNE,20.0,33.0,97.0,91.0,1018.4,1010.2,8.0,8.0,9.4,10.7,Yes,1.0,0.94,39.05978260869565,2.33,0.158,0.8609271523178808
4144,8.7,17.3,4.8,1.2,8.6,NNW,48.0,NNW,NNW,20.0,28.0,67.0,48.0,1008.1,1006.2,0.0,3.0,11.4,16.7,Yes,0.0,0.72,39.05978260869565,1.23,0.158,0.21568627450980393
4145,8.9,13.6,0.0,3.4,7.9,W,74.0,NW,W,24.0,46.0,65.0,47.0,1007.4,1009.9,4.0,7.0,10.9,11.1,No,1.75,0.72,39.05978260869565,1.2,0.158,0.6691176470588235
4151,4.0,20.5,0.0,2.6,4.2,N,24.0,NNE,NNW,7.0,17.0,86.0,67.0,1022.5,1019.4,8.0,4.0,11.1,19.6,No,0.5,0.78,39.05978260869565,1.72,0.158,0.2891566265060241
4155,14.6,18.7,0.0,3.4,1.0,WNW,57.0,WNW,WNW,13.0,20.0,79.0,55.0,1004.4,1001.5,8.0,7.0,18.6,16.9,No,0.88,0.7,39.05978260869565,1.41,0.158,0.5362318840579711
4156,7.8,14.1,0.0,3.8,7.2,WNW,54.0,W,SW,17.0,17.0,78.0,80.0,1013.0,1014.5,4.0,7.0,9.5,11.4,No,1.75,1.03,39.05978260869565,2.05,0.158,0.8018018018018018
4157,3.3,14.6,0.8,0.0,3.5,NNW,54.0,N,NW,17.0,20.0,93.0,84.0,1012.9,1009.0,7.0,7.0,8.0,11.2,No,1.0,0.9,39.05978260869565,2.15,0.158,0.39520958083832336
4158,6.1,16.9,2.0,2.0,6.5,NW,50.0,WNW,NW,20.0,28.0,82.0,43.0,1016.8,1013.5,0.0,0.0,8.7,15.3,Yes,0.0,0.52,39.05978260869565,1.1,0.158,0.21568627450980393
4165,10.5,13.1,3.2,1.4,1.5,SSW,31.0,NNW,NW,13.0,13.0,90.0,97.0,1013.8,1012.2,8.0,8.0,11.8,12.3,Yes,1.0,1.08,39.05978260869565,2.48,0.158,0.8900523560209425
4166,5.4,14.0,5.6,0.8,8.9,S,52.0,SSW,S,19.0,24.0,78.0,47.0,1023.0,1022.0,0.0,6.0,7.3,13.6,Yes,0.0,0.6,39.05978260869565,1.2,0.158,0.21568627450980393
4173,9.1,20.2,0.0,5.8,3.5,N,52.0,NNE,N,17.0,28.0,55.0,44.0,1014.5,1008.2,7.0,7.0,13.2,17.4,No,1.0,0.8,39.05978260869565,1.13,0.158,0.5362318840579711
4183,9.4,14.8,9.6,8.0,5.6,W,46.0,WNW,WNW,9.0,24.0,97.0,62.0,1011.9,1010.7,8.0,6.0,9.6,13.5,Yes,0.75,0.64,39.05978260869565,1.59,0.158,0.22748815165876776
4194,12.8,16.0,0.2,4.4,0.0,NNE,61.0,NNE,NNE,43.0,22.0,73.0,92.0,1014.5,1013.5,8.0,8.0,14.4,14.5,No,1.0,1.26,39.05978260869565,2.36,0.158,0.9321739130434783
4195,10.2,19.3,6.6,0.2,5.6,W,37.0,W,W,15.0,17.0,86.0,53.0,1018.1,1017.1,0.0,7.0,13.4,18.1,Yes,0.0,0.62,39.05978260869565,1.36,0.158,0.22748815165876776
4197,9.4,16.9,0.0,2.0,2.4,SE,31.0,SSE,SE,11.0,19.0,87.0,58.0,1010.2,1005.6,7.0,8.0,10.5,16.3,No,1.14,0.67,39.05978260869565,1.48,0.158,0.31519274376417233
4204,14.1,19.1,12.4,7.1,7.3,W,44.0,WSW,W,13.0,22.0,93.0,68.0,1011.6,1010.9,7.0,7.0,14.4,15.4,Yes,1.0,0.73,39.05978260869565,1.74,0.158,0.6138613861386139
4205,6.6,17.6,0.2,3.3,7.0,WNW,31.0,WSW,WSW,13.0,19.0,100.0,59.0,1021.3,1019.2,8.0,7.0,10.3,16.2,No,0.88,0.59,39.05978260869565,1.51,0.158,0.22767857142857142
4208,10.7,15.1,5.0,4.2,1.7,WNW,44.0,S,SSE,2.0,7.0,100.0,94.0,1015.8,1011.0,8.0,8.0,12.0,14.3,Yes,1.0,0.94,39.05978260869565,2.41,0.158,0.8609271523178808
4209,8.1,17.0,5.4,0.8,7.0,NW,78.0,NW,WNW,26.0,43.0,77.0,44.0,1009.1,1006.7,6.0,7.0,11.4,15.6,Yes,1.17,0.57,39.05978260869565,1.13,0.158,0.21568627450980393
4213,9.2,15.9,2.4,5.5,8.7,SSW,46.0,SSW,SW,20.0,26.0,82.0,41.0,1012.2,1011.6,8.0,5.0,10.0,14.8,Yes,0.62,0.5,39.05978260869565,1.05,0.158,0.22748815165876776
4215,7.5,20.0,0.0,4.8,4.4,NE,43.0,NNE,NNE,28.0,26.0,61.0,46.0,1012.8,1008.7,7.0,8.0,13.7,18.9,No,1.14,0.75,39.05978260869565,1.18,0.158,0.31519274376417233
4216,11.5,16.3,24.8,5.8,2.7,SW,46.0,SW,SW,13.0,26.0,99.0,79.0,1009.9,1011.5,8.0,8.0,12.4,14.8,Yes,1.0,0.8,39.05978260869565,2.02,0.158,0.640074211502783
4219,6.9,17.6,0.0,5.6,2.5,NNE,33.0,N,N,20.0,17.0,57.0,58.0,1009.1,1006.8,7.0,8.0,16.2,16.3,No,1.14,1.02,39.05978260869565,1.48,0.158,0.31519274376417233
4220,5.4,17.5,2.8,1.0,8.0,NW,48.0,SW,W,17.0,9.0,73.0,44.0,1015.6,1013.0,0.0,3.0,11.7,16.2,Yes,0.0,0.6,39.05978260869565,1.13,0.158,0.21568627450980393
4223,5.5,23.3,0.0,5.4,7.2,NE,61.0,NE,NNE,26.0,33.0,49.0,35.0,1010.7,1000.1,0.0,8.0,16.2,21.1,No,0.0,0.71,39.05978260869565,0.9,0.158,0.5620915032679739
4224,8.3,14.0,12.6,5.0,5.3,N,69.0,NNW,NNW,33.0,30.0,57.0,79.0,991.3,987.7,5.0,7.0,11.4,12.3,Yes,1.4,1.39,39.05978260869565,2.02,0.158,0.8387096774193549
4225,8.3,16.9,23.4,1.2,6.8,W,57.0,W,WSW,24.0,31.0,82.0,71.0,999.9,1000.8,4.0,7.0,12.1,15.4,Yes,1.75,0.87,39.05978260869565,1.82,0.158,0.4793388429752066
4227,11.0,26.0,0.0,4.0,1.0,N,69.0,NNE,N,35.0,28.0,43.0,30.0,1001.7,995.9,7.0,7.0,17.2,24.6,No,1.0,0.7,39.05978260869565,0.77,0.158,0.5620915032679739
4228,8.1,18.0,13.4,5.5,7.0,W,59.0,NW,WNW,20.0,30.0,68.0,48.0,1002.4,1002.8,0.0,5.0,11.4,17.7,Yes,0.0,0.71,39.05978260869565,1.23,0.158,0.21568627450980393
4234,12.9,36.2,0.0,6.0,0.0,WNW,72.0,NE,NNW,30.0,33.0,44.0,17.0,1011.8,1003.7,7.0,3.0,17.2,34.4,No,0.43,0.39,39.05978260869565,0.44,0.158,0.2184873949579832
4246,15.7,21.0,0.0,10.6,4.6,NNE,43.0,SW,SW,15.0,17.0,37.0,88.0,1011.9,1014.5,8.0,8.0,21.0,12.4,No,1.0,2.38,39.05978260869565,2.25,0.158,0.87248322147651
4267,15.1,34.7,0.0,4.0,0.0,W,96.0,ENE,NE,15.0,24.0,33.0,25.0,1007.7,1001.9,1.0,6.0,24.4,31.1,No,6.0,0.76,39.05978260869565,0.64,0.158,0.5476190476190477
4269,12.4,17.7,0.0,11.6,4.0,SW,76.0,W,W,20.0,30.0,89.0,65.0,1004.7,1005.8,8.0,8.0,12.6,16.0,No,1.0,0.73,39.05978260869565,1.66,0.158,0.6691176470588235
4277,19.9,39.6,0.8,10.6,4.1,NW,80.0,NNE,N,17.0,43.0,34.0,19.0,1009.2,1005.5,6.0,7.0,27.9,35.6,No,1.17,0.56,39.05978260869565,0.49,0.158,0.5620915032679739
4278,17.4,21.4,3.6,11.4,1.0,SSW,46.0,SSW,SSW,19.0,13.0,90.0,71.0,1013.9,1014.6,8.0,8.0,18.2,20.4,Yes,1.0,0.79,39.05978260869565,1.82,0.158,0.3869047619047619
4286,10.1,25.4,0.0,12.0,7.9,W,39.0,W,NW,7.0,9.0,62.0,52.0,1009.4,1009.2,5.0,7.0,17.6,20.1,No,1.4,0.84,39.05978260869565,1.33,0.158,0.31519274376417233
4294,17.1,25.2,1.2,9.1,0.0,WSW,69.0,WSW,WSW,28.0,35.0,89.0,24.0,1003.9,1005.5,8.0,2.0,17.1,23.4,Yes,0.25,0.27,39.05978260869565,0.61,0.158,0.21656050955414013
4300,19.7,22.4,0.0,11.2,1.8,SSW,35.0,S,S,15.0,15.0,61.0,71.0,1012.1,1014.1,8.0,7.0,20.2,17.4,No,0.88,1.16,39.05978260869565,1.82,0.158,0.22767857142857142
4313,22.0,40.5,2.2,4.4,5.6,N,56.0,E,NE,17.0,24.0,61.0,19.0,1007.3,1002.2,7.0,7.0,26.6,39.0,Yes,1.0,0.31,39.05978260869565,0.49,0.158,0.21656050955414013
4314,26.6,37.3,0.0,14.0,7.3,N,69.0,N,NNW,37.0,30.0,43.0,41.0,1001.1,1001.1,7.0,2.0,30.9,34.6,No,0.29,0.95,39.05978260869565,1.05,0.158,0.6691176470588235
4315,24.8,34.1,0.0,6.0,9.0,W,35.0,NNW,WSW,6.0,19.0,67.0,42.0,1003.4,1001.7,4.0,4.0,28.6,32.5,No,1.0,0.63,39.05978260869565,1.08,0.158,0.31519274376417233
4318,3.2,12.4,4.6,0.0,0.0,W,37.0,W,W,9.0,20.0,90.0,76.0,1023.1,1023.1,0.0,0.0,5.4,12.2,Yes,0.0,0.84,51.47282608695652,1.48,0.25,0.3674698795180723
4319,5.4,16.0,1.8,0.0,0.0,WNW,39.0,WNW,W,9.0,20.0,97.0,68.0,1027.6,1026.2,0.0,0.0,10.6,15.4,Yes,0.0,0.7,51.47282608695652,1.32,0.25,0.22330097087378642
4321,7.8,10.4,0.0,0.0,0.0,N,30.0,N,NNW,13.0,17.0,86.0,85.0,1015.3,1010.9,0.0,0.0,8.0,10.0,No,0.0,0.99,51.47282608695652,1.65,0.25,0.6296296296296297
4322,7.4,12.5,4.2,0.0,0.0,S,43.0,SE,SSW,13.0,22.0,95.0,83.0,1014.1,1014.9,0.0,0.0,7.9,10.5,Yes,0.0,0.87,51.47282608695652,1.61,0.25,0.640074211502783
4323,6.4,15.0,0.4,0.0,0.0,S,43.0,SSW,S,17.0,26.0,96.0,70.0,1020.8,1020.8,0.0,0.0,7.8,14.0,No,0.0,0.73,51.47282608695652,1.36,0.25,0.2396694214876033
4324,5.6,15.7,0.2,0.0,0.0,S,24.0,SSW,SE,9.0,6.0,97.0,63.0,1023.1,1020.3,0.0,0.0,7.2,14.9,No,0.0,0.65,51.47282608695652,1.22,0.25,0.2891566265060241
4326,0.6,13.4,0.0,0.0,0.0,NE,24.0,0,NE,0.0,9.0,99.0,70.0,1025.1,1022.1,0.0,0.0,2.1,12.2,No,0.0,0.71,51.47282608695652,1.36,0.25,0.2891566265060241
4327,2.1,10.3,1.0,0.0,0.0,N,46.0,NE,NNE,19.0,19.0,95.0,93.0,1016.5,1009.3,0.0,0.0,8.8,9.8,No,0.0,0.98,51.47282608695652,1.81,0.25,0.39520958083832336
4328,7.8,14.9,5.4,0.0,0.0,NW,65.0,NNW,NW,30.0,43.0,75.0,64.0,1001.9,1001.2,0.0,0.0,9.3,14.6,Yes,0.0,0.85,51.47282608695652,1.24,0.25,0.544973544973545
4329,7.9,8.6,0.2,0.0,0.0,NW,80.0,NW,WNW,39.0,50.0,72.0,73.0,1000.0,1003.2,0.0,0.0,8.3,7.3,No,0.0,1.01,51.47282608695652,1.42,0.25,0.6176470588235294
4330,2.9,11.1,6.2,0.0,0.0,WSW,46.0,WNW,SW,19.0,28.0,90.0,73.0,1022.1,1025.5,0.0,0.0,4.5,10.3,Yes,0.0,0.81,51.47282608695652,1.42,0.25,0.3674698795180723
4336,9.1,13.0,0.2,0.0,0.0,SSW,17.0,0,E,0.0,7.0,97.0,89.0,1022.1,1021.0,0.0,0.0,10.3,12.6,No,0.0,0.92,51.47282608695652,1.73,0.25,0.5209580838323353
4338,9.6,17.2,1.4,0.0,0.0,N,44.0,N,N,13.0,20.0,92.0,79.0,1015.7,1010.8,0.0,0.0,11.1,16.5,Yes,0.0,0.86,51.47282608695652,1.53,0.25,0.5
4339,10.9,15.4,4.6,0.0,0.0,W,78.0,NW,W,28.0,43.0,82.0,84.0,1001.0,997.8,0.0,0.0,13.4,11.7,Yes,0.0,1.02,51.47282608695652,1.63,0.25,0.9321739130434783
4340,5.4,11.0,7.2,0.0,0.0,WNW,54.0,W,W,19.0,20.0,80.0,64.0,1010.3,1012.3,0.0,0.0,6.5,9.6,Yes,0.0,0.8,51.47282608695652,1.24,0.25,0.544973544973545
4341,2.7,11.8,0.2,0.0,0.0,NW,65.0,N,NW,13.0,35.0,88.0,83.0,1009.7,1005.0,0.0,0.0,4.9,8.0,No,0.0,0.94,51.47282608695652,1.61,0.25,0.6176470588235294
4342,4.9,12.9,5.6,0.0,0.0,NNW,69.0,NW,NW,20.0,50.0,92.0,69.0,1012.1,1006.4,0.0,0.0,6.5,12.4,Yes,0.0,0.75,51.47282608695652,1.34,0.25,0.7596899224806202
4343,3.7,10.2,5.2,0.0,0.0,NNW,48.0,NNW,NNW,22.0,20.0,96.0,77.0,1014.4,1010.0,0.0,0.0,5.9,9.8,Yes,0.0,0.8,51.47282608695652,1.5,0.25,0.640074211502783
4344,5.9,12.6,3.4,0.0,0.0,WSW,50.0,WSW,SW,24.0,24.0,85.0,59.0,1017.7,1021.3,0.0,0.0,8.0,11.7,Yes,0.0,0.69,51.47282608695652,1.15,0.25,0.544973544973545
4346,9.1,12.7,0.0,0.0,0.0,NW,37.0,NW,WNW,22.0,22.0,88.0,82.0,1024.3,1021.9,0.0,0.0,9.6,12.6,No,0.0,0.93,51.47282608695652,1.59,0.25,0.334841628959276
4347,7.3,15.1,0.0,0.0,0.0,N,39.0,N,N,13.0,15.0,92.0,67.0,1020.7,1014.8,0.0,0.0,8.1,14.5,No,0.0,0.73,51.47282608695652,1.3,0.25,0.2396694214876033
4348,7.5,16.9,4.6,0.0,0.0,N,26.0,0,N,0.0,9.0,97.0,68.0,1017.0,1013.7,0.0,0.0,8.0,15.8,Yes,0.0,0.7,51.47282608695652,1.32,0.25,0.3484848484848485
4349,7.8,13.2,3.2,0.0,0.0,SSW,41.0,NNW,SW,17.0,24.0,93.0,76.0,1011.5,1011.2,0.0,0.0,10.6,12.6,Yes,0.0,0.82,51.47282608695652,1.48,0.25,0.640074211502783
4350,2.2,13.6,1.0,0.0,0.0,S,44.0,SSW,SSW,7.0,33.0,88.0,71.0,1024.0,1023.4,0.0,0.0,5.5,12.2,No,0.0,0.81,51.47282608695652,1.38,0.25,0.2396694214876033
4357,6.8,17.2,0.2,0.0,0.0,W,59.0,NNE,N,13.0,20.0,73.0,63.0,1012.0,1004.9,0.0,0.0,10.8,15.7,No,0.0,0.86,51.47282608695652,1.22,0.25,0.6691176470588235
4358,5.4,13.4,2.0,0.0,0.0,NW,59.0,NNW,NNW,24.0,31.0,84.0,75.0,1011.6,1009.4,0.0,0.0,8.2,11.9,Yes,0.0,0.89,51.47282608695652,1.46,0.25,0.6176470588235294
4361,6.1,14.5,0.4,0.0,0.0,W,44.0,NNW,W,11.0,28.0,98.0,68.0,1023.3,1022.5,0.0,0.0,6.9,13.7,No,0.0,0.69,51.47282608695652,1.32,0.25,0.2396694214876033
4365,8.5,17.0,0.2,0.0,0.0,WSW,31.0,SSE,NE,9.0,9.0,91.0,69.0,1023.5,1021.2,0.0,0.0,11.5,16.3,No,0.0,0.76,51.47282608695652,1.34,0.25,0.2891566265060241
4367,8.2,13.0,17.2,0.0,0.0,WSW,56.0,NW,W,24.0,31.0,90.0,66.0,1008.5,1008.0,0.0,0.0,8.2,12.2,Yes,0.0,0.73,51.47282608695652,1.28,0.25,0.544973544973545
4368,4.7,13.6,1.4,0.0,0.0,W,50.0,WNW,W,19.0,28.0,89.0,62.0,1015.3,1014.8,0.0,0.0,6.9,13.3,Yes,0.0,0.7,51.47282608695652,1.2,0.25,0.544973544973545
4369,6.8,15.6,0.8,0.0,0.0,NW,39.0,NW,WNW,17.0,20.0,88.0,61.0,1016.7,1013.6,0.0,0.0,9.1,15.1,No,0.0,0.69,51.47282608695652,1.19,0.25,0.3865546218487395
4370,1.6,14.9,0.0,0.0,0.0,WSW,30.0,0,SSW,0.0,17.0,99.0,80.0,1013.7,1012.5,0.0,0.0,7.4,11.2,No,0.0,0.81,51.47282608695652,1.55,0.25,0.5
4378,10.5,16.3,2.2,0.0,0.0,ENE,39.0,ENE,N,24.0,17.0,91.0,78.0,1015.2,1012.0,0.0,0.0,10.8,15.3,Yes,0.0,0.86,51.47282608695652,1.52,0.25,0.640074211502783
4379,8.2,16.3,0.8,0.0,0.0,W,41.0,WNW,W,22.0,22.0,91.0,72.0,1015.9,1015.5,0.0,0.0,11.6,15.2,No,0.0,0.79,51.47282608695652,1.4,0.25,0.437125748502994
4382,5.8,14.3,0.0,0.0,0.0,W,57.0,WNW,W,13.0,24.0,89.0,77.0,1010.9,1010.8,0.0,0.0,10.1,12.8,No,0.0,0.87,51.47282608695652,1.5,0.25,0.8018018018018018
4383,3.1,14.4,1.8,0.0,0.0,WNW,33.0,WNW,WNW,9.0,20.0,91.0,75.0,1025.1,1025.9,0.0,0.0,9.2,13.4,Yes,0.0,0.82,51.47282608695652,1.46,0.25,0.334841628959276
4388,13.4,17.6,30.8,0.0,0.0,SW,50.0,W,WSW,24.0,28.0,93.0,58.0,1009.7,1010.4,0.0,0.0,13.6,17.2,Yes,0.0,0.62,51.47282608695652,1.13,0.25,0.544973544973545
4390,9.0,14.3,0.0,0.0,0.0,WNW,30.0,NW,NW,15.0,17.0,80.0,65.0,1020.6,1018.2,0.0,0.0,11.2,13.9,No,0.0,0.81,51.47282608695652,1.26,0.25,0.2891566265060241
4391,7.9,13.5,0.2,0.0,0.0,ESE,30.0,SE,S,13.0,13.0,81.0,91.0,1021.0,1019.6,0.0,0.0,10.9,10.7,No,0.0,1.12,51.47282608695652,1.77,0.25,0.6990291262135923
4392,7.4,11.7,14.4,0.0,0.0,E,33.0,ESE,E,24.0,7.0,95.0,94.0,1016.0,1012.1,0.0,0.0,8.6,11.3,Yes,0.0,0.99,51.47282608695652,1.83,0.25,0.8900523560209425
4393,7.4,11.7,15.6,0.0,0.0,NNW,39.0,N,NW,13.0,17.0,90.0,88.0,1004.4,1001.1,0.0,0.0,8.3,9.7,Yes,0.0,0.98,51.47282608695652,1.71,0.25,0.8900523560209425
4394,6.0,13.8,6.0,0.0,0.0,SW,44.0,SW,SW,28.0,26.0,91.0,78.0,1011.9,1012.6,0.0,0.0,10.4,12.8,Yes,0.0,0.86,51.47282608695652,1.52,0.25,0.640074211502783
4397,6.4,13.6,0.0,0.0,0.0,SSW,50.0,SSW,SW,33.0,31.0,69.0,63.0,1013.5,1012.3,0.0,0.0,9.8,11.7,No,0.0,0.91,51.47282608695652,1.22,0.25,0.56
4399,6.4,20.2,0.0,0.0,0.0,NE,35.0,NNE,NE,13.0,19.0,73.0,48.0,1012.3,1007.9,0.0,0.0,11.8,19.4,No,0.0,0.66,51.47282608695652,0.93,0.25,0.35514018691588783
4400,10.3,14.1,0.4,0.0,0.0,SSW,48.0,SSW,SSW,13.0,31.0,95.0,89.0,1011.2,1012.3,0.0,0.0,11.1,11.6,No,0.0,0.94,51.47282608695652,1.73,0.25,0.5209580838323353
4403,6.9,16.5,0.0,0.0,0.0,NNW,37.0,N,NNW,17.0,17.0,68.0,84.0,1007.4,1005.4,0.0,0.0,12.5,14.0,No,0.0,1.24,51.47282608695652,1.63,0.25,0.6990291262135923
4405,5.7,17.4,0.0,0.0,0.0,WSW,54.0,N,NW,13.0,15.0,74.0,72.0,1013.0,1009.2,0.0,0.0,12.2,13.0,No,0.0,0.97,51.47282608695652,1.4,0.25,0.8018018018018018
4407,5.2,19.0,0.0,0.0,0.0,NE,56.0,NNE,NE,13.0,24.0,75.0,46.0,1010.1,999.1,0.0,0.0,12.8,17.6,No,0.0,0.61,51.47282608695652,0.89,0.25,0.3586206896551724
4408,5.5,10.7,11.0,0.0,0.0,NW,46.0,N,ENE,24.0,20.0,78.0,92.0,986.9,982.6,0.0,0.0,8.7,9.9,Yes,0.0,1.18,51.47282608695652,1.79,0.25,0.8900523560209425
4409,4.6,13.7,1.8,0.0,0.0,W,65.0,W,W,19.0,44.0,94.0,90.0,995.9,996.1,0.0,0.0,8.9,12.9,Yes,0.0,0.96,51.47282608695652,1.75,0.25,0.8609271523178808
4410,8.6,16.1,8.4,0.0,0.0,W,46.0,WNW,NW,26.0,20.0,73.0,56.0,1006.8,1005.8,0.0,0.0,11.7,15.1,Yes,0.0,0.77,51.47282608695652,1.09,0.25,0.23722627737226276
4411,9.4,20.2,0.0,0.0,0.0,WNW,46.0,NNE,NNE,17.0,9.0,64.0,70.0,998.5,995.6,0.0,0.0,13.1,16.3,No,0.0,1.09,51.47282608695652,1.36,0.25,0.36585365853658536
4412,6.2,14.2,2.4,0.0,0.0,WNW,72.0,NW,WNW,31.0,50.0,80.0,62.0,996.9,998.5,0.0,0.0,8.7,13.7,Yes,0.0,0.78,51.47282608695652,1.2,0.25,0.544973544973545
4413,8.0,15.1,6.4,0.0,0.0,W,83.0,WNW,WSW,30.0,50.0,93.0,56.0,1002.1,1005.7,0.0,0.0,11.3,14.1,Yes,0.0,0.6,51.47282608695652,1.09,0.25,0.544973544973545
4414,5.1,17.3,3.2,0.0,0.0,WNW,54.0,NW,W,24.0,35.0,92.0,62.0,1016.1,1016.3,0.0,0.0,8.7,16.0,Yes,0.0,0.67,51.47282608695652,1.2,0.25,0.544973544973545
4418,9.2,26.6,0.0,0.0,0.0,W,72.0,NNE,WNW,19.0,44.0,66.0,47.0,1007.6,1002.6,0.0,0.0,13.5,25.0,No,0.0,0.71,51.47282608695652,0.91,0.25,0.5476190476190477
4420,4.4,14.7,1.4,0.0,0.0,WSW,48.0,WSW,WSW,20.0,26.0,77.0,56.0,1019.6,1019.7,0.0,0.0,9.2,13.7,Yes,0.0,0.73,51.47282608695652,1.09,0.25,0.544973544973545
4425,14.1,16.3,0.0,0.0,0.0,N,43.0,W,WNW,19.0,20.0,71.0,93.0,1002.9,1003.3,0.0,0.0,15.7,10.9,No,0.0,1.31,51.47282608695652,1.81,0.25,0.6990291262135923
4426,4.8,16.4,12.6,0.0,0.0,WNW,59.0,WNW,WNW,17.0,33.0,87.0,51.0,1011.0,1010.5,0.0,0.0,9.6,15.5,Yes,0.0,0.59,51.47282608695652,0.99,0.25,0.5357142857142857
4427,8.1,14.1,4.0,0.0,0.0,W,70.0,NW,WNW,20.0,28.0,82.0,65.0,1011.5,1012.6,0.0,0.0,10.8,13.8,Yes,0.0,0.79,51.47282608695652,1.26,0.25,0.544973544973545
4430,10.7,14.1,1.0,0.0,0.0,N,54.0,WSW,SW,19.0,22.0,92.0,76.0,1013.9,1014.0,0.0,0.0,10.7,12.4,No,0.0,0.83,51.47282608695652,1.48,0.25,0.8018018018018018
4431,2.6,14.4,15.6,0.0,0.0,SSW,56.0,SSW,SW,26.0,28.0,74.0,51.0,1023.4,1024.1,0.0,0.0,8.0,13.1,Yes,0.0,0.69,51.47282608695652,0.99,0.25,0.5294117647058824
4441,5.1,16.4,0.0,0.0,0.0,W,57.0,W,W,20.0,24.0,76.0,74.0,1013.4,1012.5,0.0,0.0,12.1,15.0,No,0.0,0.97,51.47282608695652,1.44,0.25,0.8018018018018018
4444,6.2,28.0,0.0,0.0,0.0,W,65.0,N,W,15.0,44.0,55.0,22.0,1012.0,1008.3,0.0,0.0,18.2,26.5,No,0.0,0.4,51.47282608695652,0.43,0.25,0.2184873949579832
4449,5.2,22.5,0.0,0.0,0.0,WSW,31.0,SSE,W,11.0,9.0,71.0,36.0,1013.9,1010.3,0.0,0.0,12.5,21.4,No,0.0,0.51,51.47282608695652,0.7,0.25,0.35514018691588783
4450,6.0,24.3,0.0,0.0,0.0,ESE,28.0,ESE,NW,17.0,7.0,67.0,36.0,1012.3,1009.9,0.0,0.0,14.3,22.8,No,0.0,0.54,51.47282608695652,0.7,0.25,0.35514018691588783
4451,8.0,30.6,0.0,0.0,0.0,ENE,67.0,ENE,NE,20.0,13.0,60.0,19.0,1009.8,1002.9,0.0,0.0,15.1,30.2,No,0.0,0.32,51.47282608695652,0.37,0.25,0.2184873949579832
4452,14.5,20.5,8.2,0.0,0.0,W,76.0,WNW,WNW,39.0,50.0,71.0,54.0,999.0,999.0,0.0,0.0,15.9,17.6,Yes,0.0,0.76,51.47282608695652,1.05,0.25,0.3986013986013986
4453,10.1,14.5,1.0,0.0,0.0,WNW,69.0,W,WSW,43.0,44.0,93.0,78.0,997.8,1002.1,0.0,0.0,11.3,13.1,No,0.0,0.84,51.47282608695652,1.52,0.25,0.6176470588235294
4454,9.4,18.2,1.4,0.0,0.0,SSW,48.0,SSW,SSW,30.0,24.0,74.0,62.0,1014.3,1015.9,0.0,0.0,13.0,15.6,Yes,0.0,0.84,51.47282608695652,1.2,0.25,0.3986013986013986
4461,21.4,38.1,0.0,0.0,0.0,NW,81.0,NNE,WSW,13.0,28.0,38.0,26.0,1007.7,1005.1,0.0,0.0,26.9,34.2,No,0.0,0.68,51.47282608695652,0.51,0.25,0.5476190476190477
4470,9.1,24.5,0.0,0.0,0.0,SW,39.0,SSW,SSW,19.0,15.0,71.0,39.0,1009.9,1008.0,0.0,0.0,14.6,23.0,No,0.0,0.55,51.47282608695652,0.76,0.25,0.35514018691588783
4471,7.1,27.6,0.0,0.0,0.0,W,43.0,SE,NW,7.0,17.0,69.0,22.0,1009.3,1005.8,0.0,0.0,14.6,26.1,No,0.0,0.32,51.47282608695652,0.43,0.25,0.35514018691588783
4474,14.5,32.5,0.0,0.0,0.0,WNW,59.0,N,NW,11.0,22.0,30.0,75.0,1008.2,1009.1,0.0,0.0,23.6,21.0,No,0.0,2.5,51.47282608695652,1.46,0.25,0.8018018018018018
4478,14.0,21.0,5.4,0.0,0.0,W,87.0,W,WSW,39.0,56.0,72.0,39.0,1001.4,1003.9,0.0,0.0,15.1,20.1,Yes,0.0,0.54,51.47282608695652,0.76,0.25,0.3741496598639456
4483,19.5,37.8,0.0,0.0,0.0,NW,67.0,N,NW,19.0,41.0,19.0,11.0,1008.7,1004.9,0.0,0.0,26.9,35.9,No,0.0,0.58,51.47282608695652,0.21,0.25,0.2184873949579832
4490,12.8,25.0,2.2,0.0,0.0,SSW,54.0,SW,WSW,37.0,28.0,64.0,29.0,1010.2,1010.0,0.0,0.0,15.1,24.1,Yes,0.0,0.45,51.47282608695652,0.56,0.25,0.3741496598639456
4497,19.4,32.6,0.4,0.0,0.0,ENE,57.0,NE,ENE,22.0,35.0,76.0,44.0,1008.6,1004.5,0.0,0.0,22.9,30.4,No,0.0,0.58,51.47282608695652,0.85,0.25,0.3586206896551724
4498,20.5,36.1,11.0,0.0,0.0,NNW,70.0,NNE,NW,22.0,41.0,87.0,40.0,997.4,999.1,0.0,0.0,21.8,33.9,Yes,0.0,0.46,51.47282608695652,0.78,0.25,0.5357142857142857
4500,15.1,26.9,10.6,0.0,0.0,W,52.0,WNW,W,26.0,33.0,69.0,39.0,1002.8,1002.8,0.0,0.0,18.8,26.0,Yes,0.0,0.57,51.47282608695652,0.76,0.25,0.3741496598639456
4502,7.1,13.4,14.8,1.2,0.0,SW,52.0,WSW,WNW,26.0,26.0,74.0,74.0,1020.5,1020.5,8.0,8.0,10.6,13.0,Yes,1.0,1.0,67.07692307692308,1.1,0.467,0.7555555555555555
4503,10.5,15.1,9.6,1.0,0.0,W,50.0,WSW,W,30.0,30.0,74.0,72.0,1024.8,1023.8,3.0,4.0,12.8,13.7,Yes,1.33,0.97,67.07692307692308,1.07,0.467,0.7555555555555555
4504,9.8,14.9,3.6,1.0,0.0,W,43.0,NNW,WNW,19.0,20.0,91.0,84.0,1022.1,1019.0,8.0,8.0,11.2,13.3,Yes,1.0,0.92,67.07692307692308,1.25,0.467,0.7237569060773481
4505,9.7,11.4,5.6,0.6,0.0,NNW,35.0,N,NNE,20.0,9.0,78.0,85.0,1013.0,1009.7,5.0,8.0,9.8,10.5,Yes,1.6,1.09,67.07692307692308,1.27,0.467,0.8900523560209425
4506,4.7,13.0,4.8,0.4,0.0,SSE,30.0,ENE,S,2.0,13.0,95.0,72.0,1015.6,1016.2,8.0,8.0,8.8,12.6,Yes,1.0,0.76,67.07692307692308,1.07,0.467,0.640074211502783
4507,8.8,13.1,5.0,1.2,0.0,SSE,43.0,S,S,19.0,15.0,86.0,85.0,1022.7,1023.2,8.0,8.0,11.2,11.5,Yes,1.0,0.99,67.07692307692308,1.27,0.467,0.8900523560209425
4509,6.6,13.9,3.0,0.4,0.0,W,31.0,NNW,WNW,9.0,22.0,95.0,78.0,1020.6,1020.4,5.0,2.0,8.7,13.4,Yes,0.4,0.82,67.07692307692308,1.16,0.467,0.3674698795180723
4510,5.3,13.4,4.2,1.6,0.0,NW,20.0,NNW,E,6.0,7.0,94.0,74.0,1024.6,1022.3,0.0,6.0,8.0,12.9,Yes,0.0,0.79,67.07692307692308,1.1,0.467,0.3674698795180723
4511,7.7,11.6,0.6,1.4,0.0,N,59.0,NNE,NNE,31.0,31.0,89.0,80.0,1013.3,1006.3,8.0,7.0,9.6,10.8,No,0.88,0.9,67.07692307692308,1.19,0.467,0.4563106796116505
4512,9.5,13.7,4.0,0.8,0.0,NNW,81.0,NNW,NW,43.0,39.0,70.0,80.0,993.8,994.4,6.0,8.0,10.9,13.5,Yes,1.33,1.14,67.07692307692308,1.19,0.467,0.8387096774193549
4513,7.2,9.6,13.2,1.2,0.0,WNW,87.0,W,W,54.0,41.0,70.0,77.0,990.9,996.6,8.0,8.0,8.7,6.9,Yes,1.0,1.1,67.07692307692308,1.15,0.467,0.8387096774193549
4514,3.6,11.6,12.6,0.4,0.0,WSW,80.0,WSW,WSW,35.0,35.0,76.0,66.0,1018.4,1022.4,8.0,7.0,6.7,10.6,Yes,0.88,0.87,67.07692307692308,0.98,0.467,0.5294117647058824
4515,6.7,13.7,1.8,0.8,0.0,W,65.0,W,W,35.0,37.0,69.0,65.0,1027.3,1026.9,5.0,5.0,11.0,12.9,Yes,1.0,0.94,67.07692307692308,0.97,0.467,0.5294117647058824
4518,3.1,12.9,0.2,2.0,0.0,N,56.0,N,N,20.0,15.0,84.0,78.0,1025.5,1020.6,0.0,7.0,7.8,10.5,No,0.0,0.93,67.07692307692308,1.16,0.467,0.4896907216494845
4519,7.8,14.2,0.2,1.4,0.0,N,44.0,NW,NW,24.0,20.0,65.0,77.0,1016.8,1015.4,7.0,8.0,12.3,14.1,No,1.14,1.18,67.07692307692308,1.15,0.467,0.4563106796116505
4521,10.3,14.7,3.2,0.4,0.0,SE,17.0,N,ESE,6.0,11.0,94.0,76.0,1023.1,1020.9,8.0,8.0,11.2,14.2,Yes,1.0,0.81,67.07692307692308,1.13,0.467,0.3674698795180723
4522,6.1,17.3,6.0,1.2,0.0,NNW,83.0,N,NNW,13.0,22.0,94.0,74.0,1013.5,1008.1,8.0,8.0,10.0,17.1,Yes,1.0,0.79,67.07692307692308,1.1,0.467,0.8387096774193549
4523,9.9,14.6,3.2,2.0,0.0,W,78.0,NW,WSW,35.0,30.0,80.0,77.0,994.9,994.5,7.0,8.0,13.4,11.9,Yes,1.14,0.96,67.07692307692308,1.15,0.467,0.8387096774193549
4524,6.4,10.3,15.6,3.0,0.0,SW,83.0,WSW,WSW,35.0,35.0,50.0,70.0,1006.7,1009.6,1.0,7.0,8.3,8.6,Yes,7.0,1.4,67.07692307692308,1.04,0.467,0.6853146853146853
4525,4.2,10.4,2.2,1.6,0.0,NNW,56.0,N,N,17.0,20.0,91.0,83.0,1006.5,999.6,2.0,8.0,5.1,9.0,Yes,4.0,0.91,67.07692307692308,1.24,0.467,0.640074211502783
4526,5.1,12.2,17.0,1.2,0.0,W,102.0,NNW,WNW,22.0,41.0,79.0,85.0,1007.0,1000.3,8.0,8.0,8.5,9.6,Yes,1.0,1.08,67.07692307692308,1.27,0.467,0.9321739130434783
4527,5.9,10.8,12.0,1.8,0.0,WSW,65.0,NNW,NNW,17.0,28.0,79.0,83.0,1010.1,1005.4,6.0,8.0,6.8,8.6,Yes,1.33,1.05,67.07692307692308,1.24,0.467,0.8387096774193549
4528,5.7,12.1,8.2,0.4,0.0,W,56.0,SW,W,24.0,35.0,61.0,67.0,1016.4,1019.2,6.0,8.0,9.1,10.3,Yes,1.33,1.1,67.07692307692308,1.0,0.467,0.6853146853146853
4529,8.9,14.8,1.0,1.2,0.0,W,54.0,W,WNW,30.0,26.0,79.0,83.0,1023.0,1021.8,8.0,6.0,11.8,13.1,No,0.75,1.05,67.07692307692308,1.24,0.467,0.4896907216494845
4530,11.1,14.6,9.6,1.2,0.0,W,57.0,W,W,28.0,26.0,77.0,75.0,1020.6,1019.8,8.0,8.0,12.5,13.7,Yes,1.0,0.97,67.07692307692308,1.12,0.467,0.7555555555555555
4531,9.2,14.1,1.6,1.8,0.0,N,56.0,N,N,11.0,30.0,90.0,73.0,1017.6,1009.8,8.0,8.0,10.2,12.9,Yes,1.0,0.81,67.07692307692308,1.09,0.467,0.4563106796116505
4533,7.1,12.2,0.0,0.0,0.0,SSW,46.0,NW,SSW,20.0,13.0,87.0,86.0,1008.9,1012.0,8.0,6.0,11.8,10.0,No,0.75,0.99,67.07692307692308,1.28,0.467,0.6296296296296297
4534,8.2,13.0,5.4,0.0,0.0,S,39.0,SSW,SSW,17.0,15.0,72.0,73.0,1023.8,1024.0,8.0,8.0,10.6,12.3,Yes,1.0,1.01,67.07692307692308,1.09,0.467,0.3674698795180723
4536,7.4,14.0,1.6,0.0,0.0,ENE,26.0,SSE,E,9.0,11.0,79.0,64.0,1031.7,1030.4,7.0,1.0,10.6,12.2,Yes,0.14,0.81,67.07692307692308,0.95,0.467,0.22330097087378642
4539,5.3,14.5,0.0,0.0,0.0,N,31.0,N,NNE,13.0,17.0,77.0,62.0,1025.8,1023.0,8.0,8.0,8.6,12.8,No,1.0,0.81,67.07692307692308,0.92,0.467,0.22767857142857142
4541,9.1,15.4,0.0,0.0,0.0,NW,78.0,N,N,22.0,33.0,68.0,71.0,1008.4,1000.6,8.0,4.0,11.5,13.9,No,0.5,1.04,67.07692307692308,1.06,0.467,0.6691176470588235
4542,6.5,13.2,10.0,0.0,0.0,W,83.0,NNW,WNW,24.0,35.0,83.0,89.0,1006.3,1004.8,0.0,6.0,8.3,8.8,Yes,0.0,1.07,67.07692307692308,1.33,0.467,0.9321739130434783
4543,6.5,13.1,11.8,0.0,0.0,W,57.0,NNW,WNW,15.0,26.0,84.0,67.0,1018.1,1019.5,8.0,8.0,8.3,12.2,Yes,1.0,0.8,67.07692307692308,1.0,0.467,0.6853146853146853
4544,7.7,13.5,0.0,0.0,0.0,NNW,54.0,NNW,NW,28.0,33.0,77.0,74.0,1016.6,1013.6,8.0,8.0,10.9,12.6,No,1.0,0.96,67.07692307692308,1.1,0.467,0.4563106796116505
4545,6.9,14.2,5.0,0.0,0.0,W,76.0,NNW,WNW,17.0,33.0,90.0,71.0,1019.9,1018.7,8.0,8.0,9.1,13.7,Yes,1.0,0.79,67.07692307692308,1.06,0.467,0.6853146853146853
4546,6.9,14.4,3.6,0.0,0.0,WNW,46.0,NNW,W,15.0,26.0,94.0,73.0,1026.4,1026.1,0.0,8.0,9.9,13.0,Yes,0.0,0.78,67.07692307692308,1.09,0.467,0.3674698795180723
4549,9.3,15.3,1.6,0.0,0.0,WSW,59.0,SE,E,9.0,15.0,70.0,61.0,1024.5,1021.8,4.0,1.0,10.8,13.3,Yes,0.25,0.87,67.07692307692308,0.91,0.467,0.5294117647058824
4551,9.1,12.9,8.6,0.0,0.0,WNW,65.0,NW,WNW,19.0,39.0,87.0,60.0,1004.8,1004.5,8.0,8.0,10.1,11.8,Yes,1.0,0.69,67.07692307692308,0.89,0.467,0.5294117647058824
4552,5.5,12.5,14.4,0.0,0.0,WSW,65.0,W,W,33.0,33.0,75.0,70.0,1010.8,1011.2,7.0,8.0,8.4,11.6,Yes,1.14,0.93,67.07692307692308,1.04,0.467,0.6853146853146853
4553,8.4,10.9,12.0,0.0,0.0,W,35.0,NNW,NW,13.0,13.0,94.0,87.0,1014.3,1012.3,8.0,8.0,9.8,10.0,Yes,1.0,0.93,67.07692307692308,1.3,0.467,0.8609271523178808
4554,8.0,12.6,16.4,0.0,0.0,SE,28.0,NNE,SE,9.0,17.0,95.0,78.0,1013.9,1013.6,8.0,8.0,8.7,12.3,Yes,1.0,0.82,67.07692307692308,1.16,0.467,0.640074211502783
4555,1.8,11.9,0.0,0.0,0.0,SE,22.0,ESE,SSE,6.0,9.0,88.0,60.0,1018.9,1017.8,6.0,7.0,8.5,11.5,No,1.17,0.68,67.07692307692308,0.89,0.467,0.22767857142857142
4557,7.0,12.5,4.2,0.0,0.0,SSE,35.0,SSW,SW,13.0,19.0,63.0,69.0,1017.6,1018.4,1.0,5.0,10.0,11.8,Yes,5.0,1.1,67.07692307692308,1.03,0.467,0.3869047619047619
4558,5.8,12.8,0.0,0.0,0.0,WNW,46.0,NNW,W,13.0,24.0,75.0,82.0,1022.2,1020.4,8.0,8.0,9.4,10.9,No,1.0,1.09,67.07692307692308,1.22,0.467,0.4896907216494845
4559,7.0,14.5,1.6,0.0,0.0,NNW,48.0,NNW,NW,22.0,24.0,78.0,60.0,1020.3,1016.7,8.0,7.0,9.5,13.0,Yes,0.88,0.77,67.07692307692308,0.89,0.467,0.5294117647058824
4562,10.8,14.0,4.0,0.0,0.0,NNE,39.0,NNE,N,24.0,17.0,91.0,84.0,1014.8,1010.7,8.0,8.0,11.4,13.7,Yes,1.0,0.92,67.07692307692308,1.25,0.467,0.8609271523178808
4563,10.8,15.3,7.2,0.0,0.0,WNW,46.0,WNW,WNW,24.0,24.0,87.0,87.0,1012.9,1013.8,8.0,8.0,12.5,13.4,Yes,1.0,1.0,67.07692307692308,1.3,0.467,0.8900523560209425
4564,6.4,14.1,0.0,0.0,0.0,E,26.0,E,ESE,9.0,13.0,92.0,64.0,1014.4,1009.9,8.0,0.0,9.8,14.0,Null,0.0,0.7,67.07692307692308,0.95,0.467,0.3484848484848485
4565,5.9,14.2,0.2,0.0,0.0,SW,50.0,NW,WNW,19.0,28.0,83.0,73.0,1008.8,1008.9,8.0,8.0,10.4,13.2,No,1.0,0.88,67.07692307692308,1.09,0.467,0.4563106796116505
4566,9.9,14.7,1.4,0.0,0.0,W,56.0,WNW,WNW,19.0,31.0,87.0,79.0,1022.1,1023.4,8.0,8.0,11.7,13.0,Yes,1.0,0.91,67.07692307692308,1.18,0.467,0.4896907216494845
4567,10.7,14.5,4.6,0.0,0.0,WNW,39.0,NNW,WNW,19.0,22.0,89.0,88.0,1028.6,1027.3,5.0,8.0,12.2,13.2,Yes,1.6,0.99,67.07692307692308,1.31,0.467,0.8900523560209425
4570,12.7,17.1,0.0,0.0,0.0,N,57.0,N,NNW,20.0,19.0,64.0,87.0,1015.0,1012.3,8.0,8.0,16.5,14.6,No,1.0,1.36,67.07692307692308,1.3,0.467,0.9321739130434783
4571,11.2,14.0,46.0,0.0,0.0,SW,50.0,WSW,WSW,11.0,22.0,94.0,90.0,1008.6,1010.0,7.0,8.0,12.7,12.7,Yes,1.14,0.96,67.07692307692308,1.34,0.467,0.8609271523178808
4572,6.8,13.7,10.0,0.0,0.0,W,39.0,SW,WNW,15.0,26.0,91.0,68.0,1018.8,1017.8,8.0,8.0,11.4,12.5,Yes,1.0,0.75,67.07692307692308,1.01,0.467,0.3869047619047619
4573,8.5,14.2,1.2,0.0,0.0,W,44.0,NW,SSW,19.0,13.0,89.0,87.0,1017.9,1016.8,8.0,8.0,12.2,11.3,Yes,1.0,0.98,67.07692307692308,1.3,0.467,0.8900523560209425
4574,5.7,12.7,5.4,0.0,0.0,SSE,28.0,NNW,SSE,4.0,13.0,92.0,70.0,1022.1,1021.7,2.0,8.0,10.3,11.1,Yes,4.0,0.76,67.07692307692308,1.04,0.467,0.3869047619047619
4575,7.8,13.1,7.6,0.0,0.0,E,59.0,E,E,17.0,22.0,92.0,80.0,1019.4,1013.6,8.0,8.0,9.4,12.9,Yes,1.0,0.87,67.07692307692308,1.19,0.467,0.7555555555555555
4576,9.4,11.6,18.4,0.0,0.0,E,39.0,WNW,NNW,7.0,11.0,93.0,86.0,1003.8,1001.3,8.0,8.0,10.1,10.3,Yes,1.0,0.92,67.07692307692308,1.28,0.467,0.8609271523178808
4577,7.8,12.7,8.4,0.0,0.0,SSW,39.0,SW,WSW,20.0,22.0,69.0,80.0,1010.6,1012.3,8.0,8.0,11.3,11.1,Yes,1.0,1.16,67.07692307692308,1.19,0.467,0.640074211502783
4578,7.6,14.6,1.0,0.0,0.0,WNW,41.0,NNW,NW,17.0,20.0,87.0,78.0,1016.0,1015.0,0.0,8.0,9.7,12.4,No,0.0,0.9,67.07692307692308,1.16,0.467,0.4563106796116505
4579,5.8,18.6,1.8,0.0,0.0,N,46.0,N,W,20.0,26.0,67.0,61.0,1014.0,1010.8,0.0,8.0,13.6,16.6,Yes,0.0,0.91,67.07692307692308,0.91,0.467,0.23722627737226276
4580,8.2,11.7,4.0,0.0,0.0,WSW,41.0,SSW,WSW,19.0,15.0,63.0,86.0,1014.3,1013.3,6.0,6.0,10.1,10.9,Yes,1.0,1.37,67.07692307692308,1.28,0.467,0.8900523560209425
4582,7.0,18.3,0.2,0.0,0.0,N,35.0,N,N,19.0,20.0,69.0,52.0,1010.2,1008.9,0.0,8.0,12.7,18.1,No,0.0,0.75,67.07692307692308,0.78,0.467,0.35514018691588783
4583,9.5,11.7,11.2,0.0,0.0,S,48.0,S,S,15.0,20.0,94.0,73.0,1013.2,1014.1,7.0,8.0,10.2,11.4,Yes,1.14,0.78,67.07692307692308,1.09,0.467,0.640074211502783
4586,6.2,15.7,0.0,0.0,0.0,WSW,50.0,N,N,19.0,20.0,74.0,85.0,1004.7,1002.6,7.0,8.0,11.4,13.4,No,1.14,1.15,67.07692307692308,1.27,0.467,0.9321739130434783
4588,5.4,16.1,0.0,0.0,0.0,NW,56.0,NNW,NW,20.0,31.0,81.0,87.0,1010.8,1008.5,8.0,8.0,11.5,8.8,No,1.0,1.07,67.07692307692308,1.3,0.467,0.9321739130434783
4589,5.8,14.8,7.2,0.0,0.0,W,50.0,W,WNW,26.0,33.0,64.0,62.0,1012.3,1011.4,8.0,0.0,10.8,14.2,Yes,0.0,0.97,67.07692307692308,0.92,0.467,0.3741496598639456
4591,7.6,13.7,6.0,0.0,0.0,NW,59.0,N,NE,20.0,11.0,76.0,61.0,986.7,985.6,3.0,8.0,9.7,13.6,Yes,2.67,0.8,67.07692307692308,0.91,0.467,0.5294117647058824
4592,6.7,14.7,2.8,0.0,0.0,W,48.0,WNW,W,11.0,20.0,86.0,66.0,993.5,995.6,4.0,2.0,11.3,13.9,Yes,0.5,0.77,67.07692307692308,0.98,0.467,0.5357142857142857
4593,10.4,14.6,7.0,0.0,0.0,W,57.0,W,WNW,31.0,24.0,89.0,73.0,1004.0,1004.2,8.0,8.0,11.3,12.7,Yes,1.0,0.82,67.07692307692308,1.09,0.467,0.640074211502783
4594,8.6,20.0,0.0,0.0,0.0,N,50.0,N,N,26.0,31.0,57.0,49.0,996.1,992.9,8.0,7.0,14.4,19.0,No,0.88,0.86,67.07692307692308,0.73,0.467,0.2354948805460751
4595,7.5,13.5,7.8,0.0,0.0,W,78.0,NNW,WNW,28.0,41.0,81.0,79.0,991.8,992.9,5.0,8.0,9.2,11.2,Yes,1.6,0.98,67.07692307692308,1.18,0.467,0.8387096774193549
4596,9.2,13.4,9.6,0.0,0.0,W,80.0,W,WSW,48.0,43.0,71.0,74.0,996.6,1002.5,8.0,8.0,11.9,11.5,Yes,1.0,1.04,67.07692307692308,1.1,0.467,0.8387096774193549
4597,8.9,15.4,3.2,0.0,0.0,WNW,76.0,NW,WNW,28.0,46.0,80.0,77.0,1011.0,1011.8,8.0,8.0,11.6,14.2,Yes,1.0,0.96,67.07692307692308,1.15,0.467,0.8387096774193549
4599,13.1,16.4,0.0,0.0,0.0,WNW,56.0,W,WSW,24.0,20.0,86.0,71.0,1012.1,1014.9,1.0,6.0,14.1,15.5,No,6.0,0.83,67.07692307692308,1.06,0.467,0.31208053691275167
4601,11.5,20.7,0.6,0.0,0.0,WNW,78.0,N,NW,31.0,30.0,60.0,81.0,1002.7,998.7,8.0,8.0,14.9,16.5,No,1.0,1.35,67.07692307692308,1.21,0.467,0.6176470588235294
4602,8.6,13.3,10.6,0.0,0.0,W,78.0,W,W,43.0,43.0,64.0,63.0,1007.5,1009.2,8.0,8.0,11.0,11.9,Yes,1.0,0.98,67.07692307692308,0.94,0.467,0.5294117647058824
4603,6.9,13.3,4.6,0.0,0.0,SW,57.0,WSW,W,26.0,28.0,71.0,74.0,1017.6,1018.6,8.0,8.0,10.1,12.4,Yes,1.0,1.04,67.07692307692308,1.1,0.467,0.7555555555555555
4604,9.5,14.0,7.2,0.0,0.0,W,39.0,WSW,S,24.0,19.0,90.0,74.0,1018.2,1020.7,8.0,8.0,11.9,12.7,Yes,1.0,0.82,67.07692307692308,1.1,0.467,0.3674698795180723
4608,14.6,14.8,1.0,0.0,0.0,WNW,54.0,NNW,WSW,26.0,15.0,78.0,91.0,998.7,1001.1,8.0,8.0,14.7,10.9,No,1.0,1.17,67.07692307692308,1.36,0.467,0.9321739130434783
4609,7.3,13.5,15.0,0.0,0.0,WNW,69.0,W,NW,28.0,37.0,61.0,76.0,1007.4,1006.5,3.0,8.0,11.5,12.2,Yes,2.67,1.25,67.07692307692308,1.13,0.467,0.8387096774193549
4610,6.8,12.9,23.8,0.0,0.0,W,61.0,WNW,W,26.0,37.0,75.0,65.0,1008.4,1010.4,8.0,8.0,10.9,11.9,Yes,1.0,0.87,67.07692307692308,0.97,0.467,0.5294117647058824
4613,9.6,13.6,6.6,0.0,0.0,NNW,81.0,W,WSW,22.0,31.0,82.0,62.0,1011.9,1014.0,8.0,5.0,9.6,12.1,Yes,0.62,0.76,67.07692307692308,0.92,0.467,0.5294117647058824
4617,7.5,22.7,0.0,0.0,0.0,W,72.0,N,WNW,22.0,39.0,50.0,76.0,1008.5,1007.8,7.0,4.0,16.2,16.9,No,0.57,1.52,67.07692307692308,1.13,0.467,0.4396551724137931
4618,10.1,14.8,3.6,0.0,0.0,WNW,43.0,SW,W,11.0,26.0,93.0,68.0,1012.4,1014.7,8.0,8.0,10.3,13.7,Yes,1.0,0.73,67.07692307692308,1.01,0.467,0.6138613861386139
4621,6.0,22.6,0.0,0.0,0.0,NNE,31.0,ENE,NE,7.0,9.0,74.0,55.0,1017.3,1011.1,0.0,0.0,11.7,21.4,No,0.0,0.74,67.07692307692308,0.82,0.467,0.35514018691588783
4623,6.4,14.4,6.4,0.0,0.0,WSW,74.0,W,WNW,31.0,35.0,76.0,63.0,1012.1,1012.7,8.0,4.0,8.4,13.4,Yes,0.5,0.83,67.07692307692308,0.94,0.467,0.5294117647058824
4624,8.3,14.8,7.6,0.0,0.0,W,56.0,W,W,31.0,31.0,79.0,64.0,1010.8,1011.4,8.0,2.0,10.7,14.3,Yes,0.25,0.81,67.07692307692308,0.95,0.467,0.5357142857142857
4625,9.6,14.7,1.2,0.0,0.0,W,52.0,WNW,WNW,24.0,33.0,76.0,69.0,1015.9,1016.6,8.0,8.0,11.8,13.0,Yes,1.0,0.91,67.07692307692308,1.03,0.467,0.6853146853146853
4626,10.9,16.1,0.2,0.0,0.0,W,43.0,W,W,20.0,31.0,72.0,71.0,1018.5,1018.1,8.0,7.0,12.7,14.3,No,0.88,0.99,67.07692307692308,1.06,0.467,0.31208053691275167
4628,8.3,14.6,0.8,0.0,0.0,WSW,70.0,WSW,W,26.0,37.0,75.0,60.0,1013.9,1014.3,7.0,8.0,11.0,13.6,No,1.14,0.8,67.07692307692308,0.89,0.467,0.3865546218487395
4629,10.3,17.3,0.0,0.0,0.0,WNW,61.0,WSW,WNW,30.0,35.0,75.0,71.0,1012.8,1010.1,8.0,0.0,13.6,15.9,No,0.0,0.95,67.07692307692308,1.06,0.467,0.6691176470588235
4630,10.8,14.6,0.0,0.0,0.0,WNW,46.0,WSW,WSW,19.0,24.0,57.0,79.0,1001.5,1004.6,7.0,8.0,13.5,13.1,No,1.14,1.39,67.07692307692308,1.18,0.467,0.4563106796116505
4631,5.7,15.3,5.0,0.0,0.0,WSW,39.0,WSW,W,20.0,24.0,73.0,69.0,1011.8,1012.5,8.0,5.0,11.5,14.4,Yes,0.62,0.95,67.07692307692308,1.03,0.467,0.3869047619047619
4632,5.1,15.9,0.0,0.0,0.0,S,24.0,SSW,SSE,9.0,15.0,87.0,65.0,1014.9,1013.2,7.0,5.0,11.9,14.6,No,0.71,0.75,67.07692307692308,0.97,0.467,0.2891566265060241
4633,8.1,14.9,0.0,0.0,0.0,SE,30.0,SSE,S,9.0,13.0,64.0,60.0,1013.8,1013.8,8.0,8.0,12.7,13.8,No,1.0,0.94,67.07692307692308,0.89,0.467,0.22767857142857142
4634,8.0,17.4,0.0,0.0,0.0,E,44.0,E,ESE,17.0,20.0,70.0,67.0,1012.2,1007.3,0.0,0.0,13.8,17.2,No,0.0,0.96,67.07692307692308,1.0,0.467,0.3586206896551724
4635,11.8,18.4,1.4,0.0,0.0,NW,76.0,NNW,NNW,19.0,24.0,88.0,88.0,995.7,993.4,8.0,8.0,15.4,14.2,Yes,1.0,1.0,67.07692307692308,1.31,0.467,0.9321739130434783
4636,10.7,13.6,39.0,0.0,0.0,NW,94.0,SW,SW,31.0,28.0,94.0,91.0,993.7,1000.9,7.0,8.0,12.5,13.2,Yes,1.14,0.97,67.07692307692308,1.36,0.467,0.8609271523178808
4637,10.7,15.5,7.2,0.0,0.0,SSW,43.0,SSW,WSW,13.0,24.0,70.0,75.0,1014.7,1016.8,8.0,0.0,13.1,14.7,Yes,0.0,1.07,67.07692307692308,1.12,0.467,0.640074211502783
4642,8.3,17.9,0.2,0.0,0.0,S,28.0,ESE,SSW,7.0,15.0,66.0,68.0,1020.7,1020.0,0.0,0.0,14.4,16.3,No,0.0,1.03,67.07692307692308,1.01,0.467,0.2891566265060241
4643,11.6,25.5,0.0,0.0,0.0,E,22.0,E,E,9.0,11.0,77.0,69.0,1016.6,1013.0,1.0,8.0,16.4,22.2,No,8.0,0.9,67.07692307692308,1.03,0.467,0.22767857142857142
4644,16.4,29.4,0.0,0.0,0.0,W,61.0,N,W,24.0,26.0,55.0,68.0,1004.9,1006.8,1.0,5.0,24.3,18.8,No,5.0,1.24,67.07692307692308,1.01,0.467,0.5476190476190477
4649,11.5,15.0,0.0,0.0,0.0,WSW,43.0,SW,WSW,17.0,22.0,71.0,67.0,1023.0,1022.7,7.0,8.0,12.8,14.5,No,1.14,0.94,67.07692307692308,1.0,0.467,0.31208053691275167
4650,11.0,15.6,0.0,0.0,0.0,SSE,30.0,SW,S,9.0,11.0,68.0,61.0,1021.7,1019.7,8.0,8.0,12.5,14.2,No,1.0,0.9,67.07692307692308,0.91,0.467,0.22767857142857142
4653,12.5,17.2,0.0,0.0,0.0,SSE,31.0,SSE,SSE,15.0,13.0,75.0,64.0,1011.8,1011.4,8.0,8.0,14.3,15.7,No,1.0,0.85,67.07692307692308,0.95,0.467,0.22767857142857142
4657,9.2,28.9,0.0,0.0,0.0,NNW,65.0,NNE,WNW,7.0,35.0,84.0,62.0,1008.1,1004.7,0.0,8.0,15.2,23.6,No,0.0,0.74,67.07692307692308,0.92,0.467,0.5476190476190477
4658,12.9,17.3,0.6,0.0,0.0,W,50.0,WSW,S,24.0,20.0,70.0,60.0,1012.3,1014.3,7.0,8.0,15.2,15.1,No,1.14,0.86,67.07692307692308,0.89,0.467,0.3865546218487395
4660,6.8,22.0,0.0,0.0,0.0,E,28.0,NNE,S,11.0,15.0,86.0,53.0,1014.6,1010.4,0.0,0.0,14.7,20.4,No,0.0,0.62,67.07692307692308,0.79,0.467,0.35514018691588783
4661,9.4,14.6,0.0,0.0,0.0,SSW,43.0,SSW,SW,20.0,17.0,58.0,68.0,1018.7,1021.8,8.0,8.0,12.9,13.1,Null,1.0,1.17,67.07692307692308,1.01,0.467,0.3869047619047619
4666,12.5,16.3,0.0,0.0,0.0,WSW,46.0,SSW,SSW,17.0,17.0,57.0,58.0,1013.7,1017.2,8.0,8.0,13.4,13.7,No,1.0,1.02,67.07692307692308,0.86,0.467,0.31208053691275167
4668,8.1,20.3,0.0,0.0,0.0,ENE,33.0,ENE,WSW,20.0,9.0,70.0,55.0,1011.2,1008.1,0.0,0.0,13.9,19.2,No,0.0,0.79,67.07692307692308,0.82,0.467,0.35514018691588783
4669,9.4,15.9,1.2,0.0,0.0,WSW,59.0,WSW,WSW,37.0,39.0,61.0,47.0,1010.2,1015.8,6.0,1.0,13.3,14.6,Yes,0.17,0.77,67.07692307692308,0.7,0.467,0.3741496598639456
4671,5.6,26.4,0.0,0.0,0.0,WNW,65.0,N,WNW,22.0,31.0,47.0,50.0,1010.9,1008.3,0.0,8.0,17.4,19.4,No,0.0,1.06,67.07692307692308,0.75,0.467,0.5476190476190477
4672,10.8,17.9,2.6,0.0,0.0,W,50.0,WSW,WNW,26.0,35.0,66.0,65.0,1009.4,1010.3,6.0,8.0,14.1,16.8,Yes,1.33,0.98,67.07692307692308,0.97,0.467,0.3741496598639456
4676,14.6,20.2,0.0,0.0,0.0,S,28.0,SSE,SSW,9.0,13.0,91.0,78.0,1011.8,1013.3,7.0,1.0,15.5,18.0,No,0.14,0.86,67.07692307692308,1.16,0.467,0.23243243243243245
4677,14.7,27.9,0.0,0.0,0.0,ESE,30.0,E,S,11.0,13.0,93.0,56.0,1012.0,1008.5,8.0,0.0,16.4,26.9,No,0.0,0.6,67.07692307692308,0.83,0.467,0.2354948805460751
4679,14.9,20.6,0.2,0.0,0.0,E,35.0,ENE,ESE,17.0,9.0,89.0,91.0,1010.1,1007.4,8.0,8.0,16.9,19.3,No,1.0,1.02,67.07692307692308,1.36,0.467,0.6296296296296297
4680,16.8,27.3,27.2,0.0,0.0,WNW,72.0,ENE,NW,26.0,43.0,92.0,69.0,994.9,995.2,8.0,8.0,20.5,26.8,Yes,1.0,0.75,67.07692307692308,1.03,0.467,0.6853146853146853
4681,15.7,26.9,9.0,0.0,0.0,W,44.0,NW,W,7.0,17.0,90.0,36.0,1003.6,1001.8,8.0,0.0,17.2,26.5,Yes,0.0,0.4,67.07692307692308,0.54,0.467,0.22748815165876776
4682,15.6,20.2,0.0,0.0,0.0,W,59.0,WNW,WNW,22.0,31.0,73.0,74.0,1000.8,1002.5,8.0,8.0,18.1,17.5,No,1.0,1.01,67.07692307692308,1.1,0.467,0.4563106796116505
4683,14.2,19.1,0.2,0.0,0.0,WNW,43.0,W,W,24.0,20.0,85.0,79.0,1006.1,1006.9,7.0,8.0,15.7,17.3,No,1.14,0.93,67.07692307692308,1.18,0.467,0.4563106796116505
4684,6.6,13.2,7.2,2.4,3.1,WSW,37.0,W,W,7.0,15.0,100.0,66.0,1019.2,1020.8,8.0,7.0,9.0,12.5,Yes,0.88,0.66,57.833333333333336,1.14,0.306,0.6138613861386139
4686,10.4,15.7,0.2,1.4,7.1,NW,41.0,N,N,13.0,20.0,76.0,64.0,1024.3,1021.1,2.0,4.0,12.4,15.0,No,2.0,0.84,57.833333333333336,1.11,0.306,0.31208053691275167
4687,9.8,12.2,0.0,3.0,0.0,NE,33.0,NE,NNE,15.0,7.0,71.0,68.0,1017.9,1014.5,7.0,7.0,11.0,12.0,No,1.0,0.96,57.833333333333336,1.18,0.306,0.22767857142857142
4688,7.3,12.3,1.0,1.8,0.0,SSW,24.0,0,SW,0.0,4.0,100.0,100.0,1012.9,1010.2,8.0,8.0,8.3,11.0,No,1.0,1.0,57.833333333333336,1.73,0.306,0.8900523560209425
4689,8.3,12.7,17.8,0.6,0.0,SW,46.0,SSW,SSW,20.0,20.0,99.0,85.0,1016.7,1018.1,8.0,8.0,11.8,12.5,Yes,1.0,0.86,57.833333333333336,1.47,0.306,0.7237569060773481
4690,9.9,13.6,2.2,1.0,0.0,SSE,26.0,SSW,SE,13.0,13.0,100.0,82.0,1022.8,1020.4,8.0,8.0,10.3,13.4,Yes,1.0,0.82,57.833333333333336,1.42,0.306,0.3674698795180723
4691,9.0,15.9,1.6,0.0,4.3,N,28.0,ENE,N,4.0,9.0,100.0,66.0,1021.3,1020.4,5.0,5.0,9.8,14.6,Yes,1.0,0.66,57.833333333333336,1.14,0.306,0.3484848484848485
4693,5.1,13.5,0.2,1.4,0.0,NE,57.0,E,NE,4.0,9.0,100.0,78.0,1020.1,1014.0,8.0,8.0,6.4,12.2,No,1.0,0.78,57.833333333333336,1.35,0.306,0.8018018018018018
4694,6.3,15.3,1.0,2.2,4.6,NNE,65.0,NNE,N,20.0,22.0,72.0,62.0,1003.3,1001.6,1.0,7.0,12.7,13.8,No,7.0,0.86,57.833333333333336,1.07,0.306,0.6691176470588235
4695,10.4,12.6,0.0,2.6,7.1,NW,89.0,N,NNW,28.0,30.0,68.0,62.0,997.9,998.7,5.0,5.0,10.9,9.8,No,1.0,0.91,57.833333333333336,1.07,0.306,0.6691176470588235
4701,3.5,16.9,0.0,4.6,5.1,NNE,50.0,NNE,NNW,24.0,17.0,72.0,73.0,1019.8,1017.6,7.0,6.0,14.6,15.7,No,0.86,1.01,57.833333333333336,1.26,0.306,0.4896907216494845
4702,11.7,16.1,0.0,1.8,0.2,NNW,19.0,NNE,SSW,4.0,9.0,99.0,71.0,1022.1,1020.7,7.0,8.0,12.3,14.4,No,1.14,0.72,57.833333333333336,1.23,0.306,0.22767857142857142
4703,9.0,16.4,1.0,0.2,6.3,SSW,15.0,0,SSW,0.0,7.0,100.0,70.0,1023.3,1021.0,7.0,4.0,9.7,15.3,No,0.57,0.7,57.833333333333336,1.21,0.306,0.2891566265060241
4704,5.0,17.4,2.8,2.0,4.5,NE,54.0,E,N,9.0,17.0,100.0,67.0,1016.6,1011.9,7.0,2.0,8.0,17.0,Yes,0.29,0.67,57.833333333333336,1.16,0.306,0.6853146853146853
4705,8.0,17.4,12.4,1.4,1.8,NE,61.0,NNW,W,19.0,31.0,81.0,72.0,997.6,995.6,7.0,7.0,16.0,12.6,Yes,1.0,0.89,57.833333333333336,1.24,0.306,0.8387096774193549
4706,6.6,11.1,2.2,3.4,5.9,W,57.0,W,WNW,19.0,20.0,65.0,66.0,1004.6,1008.7,3.0,7.0,7.9,9.0,Yes,2.33,1.02,57.833333333333336,1.14,0.306,0.6853146853146853
4707,3.7,10.7,1.6,1.4,6.9,N,54.0,N,N,17.0,22.0,82.0,70.0,1010.7,1007.1,1.0,7.0,6.3,9.7,Yes,7.0,0.85,57.833333333333336,1.21,0.306,0.6853146853146853
4708,6.2,13.4,0.0,2.6,4.7,N,65.0,NNW,N,19.0,26.0,78.0,59.0,1009.1,1005.3,6.0,7.0,9.1,12.7,No,1.17,0.76,57.833333333333336,1.02,0.306,0.6691176470588235
4709,6.1,10.0,5.0,2.2,1.0,NNE,50.0,N,NNE,19.0,17.0,73.0,68.0,1013.1,1010.3,8.0,7.0,7.3,9.3,Yes,0.88,0.93,57.833333333333336,1.18,0.306,0.6853146853146853
4711,6.3,13.0,0.0,2.0,1.9,N,33.0,N,N,11.0,20.0,78.0,70.0,1024.2,1022.6,5.0,7.0,9.6,12.7,No,1.4,0.9,57.833333333333336,1.21,0.306,0.22767857142857142
4712,9.6,13.6,0.0,2.2,0.5,N,44.0,N,NNW,24.0,13.0,80.0,76.0,1021.7,1019.8,7.0,7.0,11.2,13.5,No,1.0,0.95,57.833333333333336,1.31,0.306,0.4896907216494845
4713,7.6,14.2,3.8,1.6,3.0,NNE,59.0,N,NNW,19.0,24.0,98.0,72.0,1021.0,1016.8,6.0,7.0,11.1,12.8,Yes,1.17,0.73,57.833333333333336,1.24,0.306,0.7555555555555555
4715,7.9,13.5,3.8,2.6,0.0,NNE,41.0,NE,NNE,11.0,19.0,99.0,91.0,1010.9,1009.4,7.0,7.0,12.0,12.6,Yes,1.0,0.92,57.833333333333336,1.57,0.306,0.8609271523178808
4716,5.2,13.4,16.4,1.6,5.3,SW,43.0,SSW,SSW,9.0,22.0,92.0,64.0,1020.7,1020.7,2.0,2.0,8.6,12.2,Yes,1.0,0.7,57.833333333333336,1.11,0.306,0.6138613861386139
4717,8.2,12.2,2.6,0.8,3.3,SW,39.0,WSW,SW,7.0,15.0,100.0,89.0,1026.1,1026.3,7.0,7.0,8.8,10.5,Yes,1.0,0.89,57.833333333333336,1.54,0.306,0.7237569060773481
4723,7.6,17.9,0.0,5.2,5.2,N,61.0,NE,E,15.0,17.0,65.0,47.0,1014.6,1008.2,7.0,7.0,12.9,16.6,No,1.0,0.72,57.833333333333336,0.81,0.306,0.5620915032679739
4724,9.2,14.1,0.2,4.0,7.2,N,59.0,N,N,20.0,24.0,67.0,58.0,1011.2,1009.3,1.0,7.0,10.5,13.1,No,7.0,0.87,57.833333333333336,1.0,0.306,0.5620915032679739
4731,11.3,15.7,1.0,3.6,4.5,NNW,44.0,W,S,11.0,2.0,89.0,67.0,1022.8,1022.5,7.0,4.0,12.9,14.8,No,0.57,0.75,57.833333333333336,1.16,0.306,0.2396694214876033
4733,15.7,16.6,0.0,7.2,0.8,N,61.0,N,NW,22.0,11.0,53.0,99.0,1006.2,1007.3,7.0,8.0,16.6,9.3,No,1.14,1.87,57.833333333333336,1.71,0.306,0.9321739130434783
4735,8.3,14.2,2.6,2.4,0.8,NNW,35.0,N,NNW,15.0,19.0,96.0,70.0,1016.0,1013.2,7.0,7.0,10.5,13.6,Yes,1.0,0.73,57.833333333333336,1.21,0.306,0.6138613861386139
4736,8.7,16.6,1.8,1.6,5.1,W,44.0,NE,SW,6.0,7.0,83.0,84.0,1014.5,1012.4,5.0,7.0,10.7,10.7,Yes,1.4,1.01,57.833333333333336,1.45,0.306,0.8900523560209425
4738,0.5,13.4,0.0,2.4,7.9,SSW,28.0,SE,SSW,2.0,15.0,100.0,69.0,1016.7,1013.0,7.0,6.0,3.5,11.3,No,0.86,0.69,57.833333333333336,1.19,0.306,0.2891566265060241
4739,3.5,13.3,1.2,1.6,7.0,SW,37.0,W,WSW,9.0,17.0,99.0,64.0,1015.1,1015.5,7.0,5.0,7.5,12.7,Yes,0.71,0.65,57.833333333333336,1.11,0.306,0.6138613861386139
4744,8.9,15.9,0.0,4.0,0.0,ENE,37.0,E,ENE,11.0,15.0,57.0,58.0,1020.3,1015.4,7.0,7.0,14.5,15.7,No,1.0,1.02,57.833333333333336,1.0,0.306,0.31208053691275167
4746,11.0,15.7,0.2,3.4,1.2,SW,20.0,W,SSW,4.0,11.0,92.0,93.0,1018.7,1015.3,7.0,7.0,12.7,13.0,No,1.0,1.01,57.833333333333336,1.61,0.306,0.6296296296296297
4747,9.4,14.7,5.0,2.0,0.3,SSW,31.0,0,SSW,0.0,13.0,100.0,76.0,1014.2,1007.4,7.0,7.0,10.4,14.4,Yes,1.0,0.76,57.833333333333336,1.31,0.306,0.640074211502783
4754,16.3,16.7,0.0,5.4,0.0,N,44.0,NNE,0,20.0,0.0,81.0,100.0,1010.0,1008.1,8.0,8.0,16.5,15.5,No,1.0,1.23,57.833333333333336,1.73,0.306,0.87248322147651
4755,10.6,13.7,11.4,3.0,1.4,WSW,44.0,WSW,S,19.0,9.0,90.0,73.0,1016.1,1016.8,8.0,7.0,11.5,12.9,Yes,0.88,0.81,57.833333333333336,1.26,0.306,0.3674698795180723
4757,9.4,12.6,0.8,1.6,0.2,NW,17.0,NNW,ESE,4.0,2.0,100.0,94.0,1021.8,1020.5,8.0,8.0,10.0,11.7,No,1.0,0.94,57.833333333333336,1.63,0.306,0.5209580838323353
4758,9.2,14.1,7.6,3.6,0.0,ESE,24.0,SSW,ESE,6.0,7.0,100.0,100.0,1020.1,1015.6,8.0,8.0,10.0,12.2,Yes,1.0,1.0,57.833333333333336,1.73,0.306,0.8900523560209425
4759,7.7,14.1,0.0,3.2,1.0,0,0.0,NW,WSW,9.0,15.0,93.0,100.0,1006.8,1009.1,6.0,7.0,11.1,11.8,Null,1.17,1.08,57.833333333333336,1.73,0.306,0.87248322147651
4762,10.1,11.7,0.2,5.4,0.2,WSW,37.0,W,SW,13.0,13.0,88.0,78.0,1012.2,1010.0,8.0,8.0,10.3,10.9,No,1.0,0.89,57.833333333333336,1.35,0.306,0.437125748502994
4765,9.6,15.7,0.6,5.2,2.0,SW,31.0,ESE,WSW,2.0,13.0,100.0,81.0,1010.5,1008.3,7.0,7.0,10.4,14.2,No,1.0,0.81,57.833333333333336,1.4,0.306,0.7218543046357616
4766,9.2,14.0,3.4,2.2,0.2,SW,43.0,W,SW,17.0,20.0,96.0,64.0,1017.0,1016.7,7.0,7.0,10.1,12.6,Yes,1.0,0.67,57.833333333333336,1.11,0.306,0.6138613861386139
4768,8.7,19.2,0.0,3.4,7.9,N,46.0,NNE,NE,9.0,22.0,69.0,45.0,1010.0,1006.2,5.0,7.0,14.5,18.3,No,1.4,0.65,57.833333333333336,0.78,0.306,0.2354948805460751
4770,5.8,17.0,0.4,4.0,5.1,WSW,39.0,ENE,N,7.0,11.0,78.0,48.0,1012.9,1009.3,4.0,6.0,12.0,15.4,No,1.5,0.62,57.833333333333336,0.83,0.306,0.35514018691588783
4771,5.9,15.0,13.8,3.4,8.1,W,33.0,W,WSW,13.0,9.0,75.0,100.0,1011.8,1012.0,2.0,6.0,11.0,11.8,Yes,3.0,1.33,57.833333333333336,1.73,0.306,0.8900523560209425
4773,11.0,16.6,3.2,5.6,5.4,N,50.0,NNW,N,17.0,15.0,87.0,45.0,989.7,988.3,7.0,7.0,11.7,15.3,Yes,1.0,0.52,57.833333333333336,0.78,0.306,0.5357142857142857
4777,9.7,16.1,1.8,5.0,5.4,W,78.0,NNE,W,19.0,22.0,89.0,63.0,998.9,999.8,3.0,4.0,11.5,14.7,Yes,1.33,0.71,57.833333333333336,1.09,0.306,0.6853146853146853
4782,7.6,21.4,0.0,5.8,2.2,NE,80.0,ENE,NE,15.0,41.0,58.0,39.0,1010.9,1001.3,8.0,7.0,15.5,20.3,No,0.88,0.67,57.833333333333336,0.67,0.306,0.5620915032679739
4783,12.3,17.1,0.2,5.6,5.9,W,61.0,NNW,WSW,17.0,20.0,65.0,52.0,1008.5,1008.7,7.0,2.0,12.9,13.9,No,0.29,0.8,57.833333333333336,0.9,0.306,0.5620915032679739
4785,9.4,14.8,0.0,4.8,2.2,SSW,50.0,WNW,SSW,9.0,19.0,74.0,99.0,1017.1,1017.6,7.0,8.0,11.9,12.3,No,1.14,1.34,57.833333333333336,1.71,0.306,0.9321739130434783
4789,16.6,22.0,0.0,11.6,0.8,NNE,78.0,N,N,24.0,17.0,45.0,49.0,1002.2,999.5,8.0,8.0,19.1,20.7,No,1.0,1.09,57.833333333333336,0.85,0.306,0.5620915032679739
4791,9.3,17.0,2.0,5.6,4.7,WSW,48.0,WNW,WNW,11.0,20.0,91.0,66.0,1009.3,1010.1,6.0,7.0,10.7,14.0,Yes,1.17,0.73,57.833333333333336,1.14,0.306,0.6853146853146853
4794,14.2,18.4,0.0,12.2,0.1,ENE,50.0,N,SW,22.0,9.0,42.0,100.0,1010.1,1012.8,7.0,8.0,18.4,11.7,No,1.14,2.38,57.833333333333336,1.73,0.306,0.9321739130434783
4795,5.3,12.9,17.8,2.2,5.2,WSW,61.0,WSW,SW,17.0,33.0,77.0,84.0,1018.3,1018.9,6.0,7.0,8.5,11.7,Yes,1.17,1.09,57.833333333333336,1.45,0.306,0.9321739130434783
4799,15.0,19.6,0.0,7.2,1.5,SSW,33.0,NW,SW,9.0,19.0,52.0,99.0,1009.4,1012.0,7.0,8.0,18.1,13.7,No,1.14,1.9,57.833333333333336,1.71,0.306,0.87248322147651
4803,11.1,26.7,0.0,7.0,7.1,NW,69.0,NE,NW,20.0,30.0,62.0,32.0,998.8,998.5,3.0,7.0,21.0,25.1,No,2.33,0.52,57.833333333333336,0.55,0.306,0.5620915032679739
4804,6.3,16.4,0.2,9.8,9.5,WNW,44.0,NW,SW,20.0,17.0,60.0,61.0,1012.8,1012.9,3.0,6.0,10.8,13.9,No,2.0,1.02,57.833333333333336,1.05,0.306,0.3865546218487395
4811,14.5,26.1,0.0,7.0,5.1,NNE,65.0,NE,WSW,31.0,17.0,46.0,74.0,1003.1,1004.0,7.0,7.0,19.9,15.3,No,1.0,1.61,57.833333333333336,1.28,0.306,0.8018018018018018
4815,5.4,24.9,0.0,3.8,11.5,W,33.0,S,SW,6.0,6.0,79.0,37.0,1012.9,1007.6,1.0,1.0,12.7,23.1,No,1.0,0.47,57.833333333333336,0.64,0.306,0.35514018691588783
4816,12.5,25.1,2.8,4.8,4.5,WNW,52.0,ESE,NW,9.0,22.0,93.0,40.0,996.9,996.2,7.0,6.0,18.4,22.3,Yes,0.86,0.43,57.833333333333336,0.69,0.306,0.5357142857142857
4818,10.7,16.7,28.8,3.2,3.2,WSW,56.0,SW,SW,24.0,24.0,100.0,58.0,1010.0,1013.3,8.0,7.0,10.8,14.5,Yes,0.88,0.58,57.833333333333336,1.0,0.306,0.6853146853146853
4819,9.4,19.7,0.2,4.0,4.8,SW,28.0,WSW,W,13.0,11.0,78.0,63.0,1019.5,1019.3,7.0,7.0,14.0,16.8,No,1.0,0.81,57.833333333333336,1.09,0.306,0.22767857142857142
4822,14.5,21.3,0.0,10.0,0.7,WSW,30.0,SSW,SSW,7.0,15.0,82.0,73.0,1016.8,1016.3,8.0,7.0,16.9,18.0,No,0.88,0.89,57.833333333333336,1.26,0.306,0.437125748502994
4825,17.2,34.2,0.0,11.2,6.2,W,76.0,NE,NNE,17.0,20.0,38.0,32.0,1010.3,1005.9,7.0,7.0,28.3,31.5,No,1.0,0.84,57.833333333333336,0.55,0.306,0.5620915032679739
4826,13.9,14.4,10.0,9.4,0.0,W,28.0,SW,SW,9.0,13.0,100.0,100.0,1014.5,1016.0,8.0,8.0,14.0,13.2,Yes,1.0,1.0,57.833333333333336,1.73,0.306,0.8900523560209425
4827,10.2,16.9,10.0,1.0,5.2,SSW,48.0,SW,SW,7.0,22.0,100.0,82.0,1015.2,1016.3,7.0,7.0,12.4,11.5,Yes,1.0,0.82,57.833333333333336,1.42,0.306,0.640074211502783
4829,9.6,18.7,0.8,3.8,4.5,SSW,39.0,WSW,SSW,17.0,19.0,65.0,64.0,1018.0,1019.2,6.0,7.0,13.2,15.4,No,1.17,0.98,57.833333333333336,1.11,0.306,0.31208053691275167
4830,11.1,18.2,0.2,4.0,3.6,WSW,31.0,WSW,SW,19.0,15.0,65.0,62.0,1021.2,1020.4,8.0,7.0,13.7,17.1,No,0.88,0.95,57.833333333333336,1.07,0.306,0.22767857142857142
4831,10.9,17.7,0.2,5.2,4.3,SSW,26.0,SSW,SW,7.0,13.0,100.0,71.0,1020.4,1018.0,8.0,7.0,12.0,16.4,No,0.88,0.71,57.833333333333336,1.23,0.306,0.22767857142857142
4833,8.8,23.7,0.0,5.0,12.7,SSW,31.0,NW,SW,6.0,15.0,77.0,55.0,1013.1,1010.9,7.0,3.0,14.9,23.1,No,0.43,0.71,57.833333333333336,0.95,0.306,0.2354948805460751
4835,13.0,26.1,0.0,4.0,8.3,0,0.0,SSW,SW,4.0,13.0,74.0,46.0,1008.8,1005.4,7.0,7.0,16.0,25.0,No,1.0,0.62,57.833333333333336,0.8,0.306,0.2354948805460751
4839,16.5,23.6,5.2,9.8,5.3,0,0.0,WSW,SW,15.0,13.0,72.0,50.0,1012.0,1011.3,8.0,7.0,16.8,21.9,Yes,0.88,0.69,57.833333333333336,0.86,0.306,0.23722627737226276
4842,14.9,23.9,0.8,12.2,6.1,W,63.0,NNE,W,24.0,35.0,79.0,33.0,998.2,998.0,8.0,6.0,18.0,22.9,No,0.75,0.42,57.833333333333336,0.57,0.306,0.5620915032679739
4847,14.4,36.1,0.0,11.6,1.5,NNW,65.0,N,NW,22.0,19.0,23.0,20.0,1009.6,1004.4,7.0,8.0,28.4,34.4,No,1.14,0.87,57.833333333333336,0.35,0.306,0.5620915032679739
4853,14.0,23.6,1.6,13.0,9.0,SSW,35.0,SW,SW,19.0,13.0,100.0,39.0,1007.7,1008.6,7.0,1.0,14.0,22.6,Yes,0.14,0.39,57.833333333333336,0.67,0.306,0.22748815165876776
4858,24.1,30.8,0.0,5.356814357823893,2.4,0,0.0,E,WSW,7.0,13.0,37.0,80.0,1008.2,1011.3,7.0,8.0,29.4,20.1,Null,1.14,2.16,57.833333333333336,1.38,0.306,0.7218543046357616
4859,17.8,29.3,1.6,2.6,0.0,ESE,24.0,SW,E,4.0,11.0,96.0,81.0,1012.2,1010.0,8.0,8.0,19.2,25.7,Yes,1.0,0.84,57.833333333333336,1.4,0.306,0.7218543046357616
4861,26.4,33.8,0.0,5.356814357823893,3.4,WNW,61.0,NE,N,11.0,22.0,57.0,55.0,1002.9,999.9,7.0,8.0,29.3,31.1,No,1.14,0.96,57.833333333333336,0.95,0.306,0.5620915032679739
4863,16.7,26.5,0.0,8.6,11.9,WNW,28.0,W,WSW,11.0,17.0,61.0,47.0,1006.2,1005.2,6.0,1.0,19.4,25.1,No,0.17,0.77,57.833333333333336,0.81,0.306,0.2354948805460751
4864,7.0,13.4,17.2,1.2,0.0,SW,33.0,NW,WNW,9.0,13.0,85.0,79.0,1021.4,1021.3,0.0,0.0,8.4,12.9,Yes,0.0,0.93,63.81521739130435,1.24,0.413,0.3674698795180723
4866,9.5,13.4,1.0,1.0,0.0,NNW,35.0,NNW,NNW,11.0,20.0,95.0,95.0,1022.9,1019.9,0.0,0.0,11.3,12.1,No,0.0,1.0,63.81521739130435,1.49,0.413,0.8900523560209425
4867,8.7,11.2,2.6,0.6,0.0,N,26.0,N,NE,13.0,9.0,83.0,89.0,1013.3,1009.3,0.0,0.0,9.5,10.6,Yes,0.0,1.07,63.81521739130435,1.39,0.413,0.8900523560209425
4868,5.2,13.4,1.8,0.4,0.0,S,35.0,0,S,0.0,11.0,97.0,86.0,1015.4,1016.0,0.0,0.0,6.3,10.9,Yes,0.0,0.89,63.81521739130435,1.35,0.413,0.7237569060773481
4869,6.3,13.2,1.4,1.2,0.0,SSE,37.0,S,S,17.0,13.0,92.0,93.0,1022.6,1022.8,0.0,0.0,10.6,11.3,Yes,0.0,1.01,63.81521739130435,1.46,0.413,0.8900523560209425
4871,5.8,13.7,0.6,0.4,0.0,WNW,15.0,NNW,NW,6.0,7.0,98.0,87.0,1021.1,1020.9,0.0,0.0,8.1,11.8,No,0.0,0.89,63.81521739130435,1.36,0.413,0.5209580838323353
4873,3.4,11.7,2.2,1.4,0.0,NNE,59.0,NNE,NNE,22.0,31.0,90.0,85.0,1014.0,1005.9,0.0,0.0,9.7,10.3,Yes,0.0,0.94,63.81521739130435,1.33,0.413,0.6310679611650486
4874,9.4,12.9,4.2,0.8,0.0,N,70.0,NNW,NW,41.0,31.0,71.0,90.0,995.3,996.2,0.0,0.0,11.2,12.5,Yes,0.0,1.27,63.81521739130435,1.41,0.413,0.9321739130434783
4875,7.1,7.9,11.8,1.2,0.0,WNW,69.0,NW,NW,24.0,20.0,86.0,89.0,993.7,998.7,0.0,0.0,7.2,5.8,Yes,0.0,1.03,63.81521739130435,1.39,0.413,0.9321739130434783
4876,3.7,11.4,16.2,0.4,0.0,WSW,61.0,WNW,WSW,11.0,28.0,89.0,84.0,1019.6,1023.6,0.0,0.0,6.0,9.1,Yes,0.0,0.94,63.81521739130435,1.32,0.413,0.6310679611650486
4877,4.8,13.1,4.2,0.8,0.0,WNW,41.0,NW,W,11.0,17.0,93.0,82.0,1028.9,1028.1,0.0,0.0,7.4,11.3,Yes,0.0,0.88,63.81521739130435,1.28,0.413,0.3674698795180723
4878,7.2,13.3,2.2,0.4,0.0,NNW,26.0,NW,NW,11.0,11.0,98.0,80.0,1032.2,1030.7,0.0,0.0,9.1,12.6,Yes,0.0,0.82,63.81521739130435,1.25,0.413,0.3674698795180723
4881,6.2,15.0,0.0,1.4,0.0,NNW,41.0,NNW,NW,20.0,19.0,70.0,77.0,1017.8,1016.1,0.0,0.0,12.3,14.2,No,0.0,1.1,63.81521739130435,1.21,0.413,0.437125748502994
4882,10.6,12.9,0.0,0.6,0.0,NNW,19.0,NNW,N,7.0,6.0,98.0,94.0,1021.5,1020.4,0.0,0.0,11.2,12.6,No,0.0,0.96,63.81521739130435,1.47,0.413,0.5209580838323353
4883,9.0,17.0,0.6,0.4,0.0,N,13.0,0,NE,0.0,4.0,98.0,68.0,1023.0,1020.3,0.0,0.0,9.6,16.0,No,0.0,0.69,63.81521739130435,1.07,0.413,0.2891566265060241
4884,6.6,18.3,1.4,1.2,0.0,NNW,50.0,N,N,9.0,11.0,92.0,75.0,1013.7,1008.4,0.0,0.0,11.5,17.0,Yes,0.0,0.82,63.81521739130435,1.18,0.413,0.4396551724137931
4885,11.5,15.1,4.2,2.0,0.0,W,78.0,NNW,WNW,28.0,19.0,83.0,78.0,996.1,995.0,0.0,0.0,13.5,13.0,Yes,0.0,0.94,63.81521739130435,1.22,0.413,0.8387096774193549
4886,5.6,11.5,17.0,3.0,0.0,W,65.0,W,WSW,9.0,19.0,76.0,67.0,1008.4,1010.4,0.0,0.0,7.0,9.6,Yes,0.0,0.88,63.81521739130435,1.05,0.413,0.6853146853146853
4887,3.9,9.7,0.6,1.6,0.0,NNW,50.0,N,N,13.0,24.0,88.0,89.0,1007.1,1000.7,0.0,0.0,6.5,8.7,No,0.0,1.01,63.81521739130435,1.39,0.413,0.39520958083832336
4888,5.4,12.4,7.6,1.2,0.0,NW,83.0,N,WNW,13.0,24.0,90.0,93.0,1008.2,1002.7,0.0,0.0,7.4,9.0,Yes,0.0,1.03,63.81521739130435,1.46,0.413,0.9321739130434783
4889,3.0,9.6,9.8,1.8,0.0,N,35.0,NNW,N,11.0,22.0,93.0,82.0,1011.5,1006.4,0.0,0.0,5.0,9.1,Yes,0.0,0.88,63.81521739130435,1.28,0.413,0.640074211502783
4890,4.9,11.6,10.0,0.4,0.0,WSW,46.0,W,WSW,7.0,17.0,88.0,68.0,1017.2,1020.2,0.0,0.0,7.7,10.7,Yes,0.0,0.77,63.81521739130435,1.07,0.413,0.3869047619047619
4891,7.6,15.3,2.2,1.2,0.0,WNW,41.0,NW,WNW,13.0,20.0,93.0,79.0,1024.2,1022.6,0.0,0.0,9.7,13.5,Yes,0.0,0.85,63.81521739130435,1.24,0.413,0.3674698795180723
4893,10.1,14.5,1.8,1.8,0.0,N,50.0,N,N,13.0,24.0,91.0,70.0,1018.1,1010.8,0.0,0.0,10.6,13.4,Yes,0.0,0.77,63.81521739130435,1.1,0.413,0.6853146853146853
4894,6.8,15.6,1.8,1.4,0.0,NNW,30.0,NNE,NNW,2.0,13.0,98.0,64.0,1015.9,1012.8,0.0,0.0,9.0,14.1,Yes,0.0,0.65,63.81521739130435,1.0,0.413,0.3484848484848485
4895,6.4,13.9,0.2,0.0,0.0,SSW,46.0,NNW,SSW,11.0,17.0,94.0,87.0,1009.6,1012.2,0.0,0.0,11.1,10.8,No,0.0,0.93,63.81521739130435,1.36,0.413,0.5209580838323353
4901,6.2,14.1,0.0,0.0,0.0,N,30.0,NNE,NNE,9.0,17.0,74.0,64.0,1025.7,1022.8,0.0,0.0,9.2,12.6,No,0.0,0.86,63.81521739130435,1.0,0.413,0.2891566265060241
4903,10.1,15.6,0.0,0.0,0.0,NW,61.0,NNE,N,17.0,24.0,75.0,65.0,1008.7,1001.3,0.0,0.0,10.9,14.9,No,0.0,0.87,63.81521739130435,1.02,0.413,0.6691176470588235
4904,6.0,12.6,12.0,0.0,0.0,WNW,61.0,N,NNW,15.0,24.0,92.0,82.0,1007.4,1005.2,0.0,0.0,7.8,11.0,Yes,0.0,0.89,63.81521739130435,1.28,0.413,0.8387096774193549
4905,3.6,13.2,7.6,0.0,0.0,W,26.0,NNW,WNW,13.0,9.0,94.0,70.0,1019.0,1020.0,0.0,0.0,6.7,12.1,Yes,0.0,0.74,63.81521739130435,1.1,0.413,0.3484848484848485
4906,6.7,14.1,0.0,0.0,0.0,WNW,52.0,N,NW,20.0,24.0,80.0,76.0,1017.7,1014.1,0.0,0.0,10.6,12.7,No,0.0,0.95,63.81521739130435,1.19,0.413,0.4396551724137931
4907,6.2,15.0,4.8,0.0,0.0,WNW,54.0,NNW,WNW,9.0,22.0,93.0,66.0,1020.8,1020.0,0.0,0.0,9.0,14.4,Yes,0.0,0.71,63.81521739130435,1.03,0.413,0.6853146853146853
4914,4.9,13.5,5.8,0.0,0.0,W,43.0,W,W,13.0,19.0,90.0,65.0,1012.3,1012.0,0.0,0.0,6.9,12.4,Yes,0.0,0.72,63.81521739130435,1.02,0.413,0.6138613861386139
4915,6.9,12.5,10.6,0.0,0.0,NNW,30.0,NNW,NNW,11.0,9.0,97.0,93.0,1014.8,1012.7,0.0,0.0,9.9,11.0,Yes,0.0,0.96,63.81521739130435,1.46,0.413,0.8609271523178808
4916,7.9,13.7,8.0,0.0,0.0,SE,26.0,N,SE,2.0,15.0,97.0,81.0,1013.8,1013.0,0.0,0.0,8.7,12.6,Yes,0.0,0.84,63.81521739130435,1.27,0.413,0.640074211502783
4918,-0.5,12.7,0.2,0.0,0.0,SSW,26.0,0,S,0.0,15.0,97.0,64.0,1018.1,1015.5,0.0,0.0,3.6,11.1,No,0.0,0.66,63.81521739130435,1.0,0.413,0.2891566265060241
4919,2.2,12.9,5.6,0.0,0.0,SSW,33.0,0,SW,0.0,17.0,98.0,85.0,1018.2,1018.7,0.0,0.0,6.8,9.7,Yes,0.0,0.87,63.81521739130435,1.33,0.413,0.6310679611650486
4920,2.1,13.6,1.0,0.0,0.0,W,31.0,NW,W,9.0,17.0,97.0,65.0,1023.2,1020.8,0.0,0.0,7.6,12.2,No,0.0,0.67,63.81521739130435,1.02,0.413,0.2891566265060241
4924,10.9,13.9,3.8,0.0,0.0,N,41.0,NNE,N,17.0,13.0,91.0,88.0,1015.1,1010.9,0.0,0.0,11.7,13.3,Yes,0.0,0.97,63.81521739130435,1.38,0.413,0.8609271523178808
4925,11.3,16.8,2.4,0.0,0.0,WNW,33.0,NW,W,15.0,13.0,85.0,74.0,1013.7,1014.0,0.0,0.0,12.9,15.1,Yes,0.0,0.87,63.81521739130435,1.16,0.413,0.640074211502783
4926,9.3,16.0,0.4,0.0,0.0,SSW,22.0,NE,S,4.0,13.0,97.0,85.0,1018.4,1015.5,0.0,0.0,11.5,13.1,No,0.0,0.88,63.81521739130435,1.33,0.413,0.5209580838323353
4928,5.6,14.8,0.2,0.0,0.0,WSW,44.0,NNW,WNW,9.0,17.0,95.0,83.0,1009.4,1009.5,0.0,0.0,9.2,11.8,No,0.0,0.87,63.81521739130435,1.3,0.413,0.5
4933,13.0,17.9,0.0,0.0,0.0,N,50.0,N,NNW,20.0,9.0,67.0,91.0,1015.5,1012.2,0.0,0.0,15.9,14.8,No,0.0,1.36,63.81521739130435,1.43,0.413,0.9321739130434783
4934,11.5,14.6,50.6,0.0,0.0,SW,39.0,W,WSW,4.0,17.0,97.0,90.0,1008.9,1010.8,0.0,0.0,12.2,12.9,Yes,0.0,0.93,63.81521739130435,1.41,0.413,0.8609271523178808
4935,6.1,14.4,2.4,0.0,0.0,WNW,31.0,WNW,WNW,6.0,13.0,97.0,66.0,1019.2,1018.0,0.0,0.0,10.2,13.0,Yes,0.0,0.68,63.81521739130435,1.03,0.413,0.3484848484848485
4936,9.6,15.4,1.0,0.0,0.0,NW,37.0,NNW,WNW,17.0,17.0,95.0,74.0,1018.8,1016.6,0.0,0.0,11.0,14.2,No,0.0,0.78,63.81521739130435,1.16,0.413,0.23243243243243245
4938,7.5,12.5,0.6,0.0,0.0,ESE,44.0,ESE,E,15.0,15.0,87.0,82.0,1019.3,1013.2,0.0,0.0,9.3,11.7,No,0.0,0.94,63.81521739130435,1.28,0.413,0.7218543046357616
4939,9.1,11.9,9.2,0.0,0.0,ESE,26.0,NNW,WNW,11.0,13.0,95.0,87.0,1004.0,1001.1,0.0,0.0,9.2,10.8,Yes,0.0,0.92,63.81521739130435,1.36,0.413,0.8609271523178808
4940,7.3,13.3,2.6,0.0,0.0,SSW,39.0,SW,SSW,13.0,19.0,81.0,87.0,1011.2,1012.5,0.0,0.0,10.7,10.4,Yes,0.0,1.07,63.81521739130435,1.36,0.413,0.8900523560209425
4941,6.0,15.0,0.2,0.0,0.0,NW,39.0,NNW,NNW,17.0,19.0,90.0,74.0,1016.5,1015.0,0.0,0.0,9.4,14.3,No,0.0,0.82,63.81521739130435,1.16,0.413,0.23243243243243245
4943,6.9,12.8,3.2,0.0,0.0,S,39.0,SW,SSW,20.0,20.0,74.0,66.0,1014.5,1013.3,0.0,0.0,9.3,11.5,Yes,0.0,0.89,63.81521739130435,1.03,0.413,0.3869047619047619
4944,6.7,14.0,0.2,0.0,0.0,NW,33.0,NNW,NNW,9.0,17.0,80.0,62.0,1013.9,1010.3,0.0,0.0,10.6,13.2,No,0.0,0.78,63.81521739130435,0.97,0.413,0.35514018691588783
4945,8.8,18.7,0.2,0.0,0.0,NNE,30.0,N,NNE,15.0,13.0,67.0,57.0,1010.6,1008.6,0.0,0.0,13.0,17.7,No,0.0,0.85,63.81521739130435,0.89,0.413,0.35514018691588783
4946,9.8,11.5,4.2,0.0,0.0,SSW,43.0,S,S,19.0,19.0,95.0,79.0,1013.0,1014.3,0.0,0.0,10.6,10.9,Yes,0.0,0.83,63.81521739130435,1.24,0.413,0.640074211502783
4948,0.0,15.9,0.2,0.0,0.0,ENE,24.0,E,NE,6.0,9.0,88.0,59.0,1016.8,1011.0,0.0,0.0,9.0,15.8,No,0.0,0.67,63.81521739130435,0.92,0.413,0.35514018691588783
4949,7.2,15.0,0.0,0.0,0.0,NNW,54.0,N,N,17.0,13.0,70.0,91.0,1005.2,1003.0,0.0,0.0,12.3,13.5,No,0.0,1.3,63.81521739130435,1.43,0.413,0.9321739130434783
4951,4.9,15.9,0.8,0.0,0.0,WNW,52.0,N,NNW,13.0,13.0,83.0,89.0,1011.4,1008.7,0.0,0.0,10.8,8.1,No,0.0,1.07,63.81521739130435,1.39,0.413,0.9321739130434783
4954,7.3,14.1,11.0,0.0,0.0,N,48.0,N,ENE,20.0,15.0,79.0,62.0,986.2,985.2,0.0,0.0,9.7,12.7,Yes,0.0,0.78,63.81521739130435,0.97,0.413,0.5294117647058824
4955,5.4,16.8,1.4,0.0,0.0,WSW,35.0,NNW,SW,9.0,13.0,83.0,67.0,993.5,995.6,0.0,0.0,11.2,15.1,Yes,0.0,0.81,63.81521739130435,1.05,0.413,0.45652173913043476
4956,10.2,14.9,6.0,0.0,0.0,W,39.0,WNW,NW,15.0,20.0,89.0,65.0,1005.2,1004.6,0.0,0.0,10.6,13.9,Yes,0.0,0.73,63.81521739130435,1.02,0.413,0.6138613861386139
4958,7.4,14.0,8.2,0.0,0.0,WNW,59.0,NNW,WNW,20.0,28.0,89.0,79.0,993.0,994.8,0.0,0.0,9.3,12.4,Yes,0.0,0.89,63.81521739130435,1.24,0.413,0.8387096774193549
4959,9.0,14.3,5.6,0.0,0.0,WSW,67.0,WNW,WSW,26.0,26.0,82.0,75.0,998.2,1003.8,0.0,0.0,11.8,10.9,Yes,0.0,0.91,63.81521739130435,1.18,0.413,0.8387096774193549
4960,6.6,16.1,3.6,0.0,0.0,WNW,56.0,NNW,WNW,20.0,33.0,85.0,70.0,1012.3,1013.2,0.0,0.0,11.2,15.8,Yes,0.0,0.82,63.81521739130435,1.1,0.413,0.6853146853146853
4962,13.3,18.0,0.0,0.0,0.0,NNW,44.0,NW,SW,13.0,17.0,84.0,74.0,1012.9,1014.8,0.0,0.0,15.0,15.4,No,0.0,0.88,63.81521739130435,1.16,0.413,0.4396551724137931
4964,8.5,21.0,0.4,0.0,0.0,NNE,70.0,NNE,NW,30.0,28.0,60.0,83.0,1003.4,1000.3,0.0,0.0,15.2,17.4,No,0.0,1.38,63.81521739130435,1.3,0.413,0.6176470588235294
4965,7.7,14.1,4.8,0.0,0.0,WNW,59.0,WNW,W,17.0,26.0,80.0,59.0,1009.0,1010.3,0.0,0.0,10.0,12.6,Yes,0.0,0.74,63.81521739130435,0.92,0.413,0.5294117647058824
4966,5.4,13.9,7.0,0.0,0.0,WSW,43.0,W,WSW,11.0,20.0,82.0,81.0,1018.4,1019.4,0.0,0.0,8.9,11.3,Yes,0.0,0.99,63.81521739130435,1.27,0.413,0.3674698795180723
4967,7.8,15.6,2.0,0.0,0.0,SSW,43.0,WNW,SSW,9.0,24.0,97.0,68.0,1018.8,1020.5,0.0,0.0,11.0,13.6,Yes,0.0,0.7,63.81521739130435,1.07,0.413,0.6138613861386139
4971,14.4,14.5,0.8,0.0,0.0,NW,41.0,NNW,W,17.0,9.0,84.0,93.0,999.7,1001.8,0.0,0.0,14.4,11.2,No,0.0,1.11,63.81521739130435,1.46,0.413,0.8900523560209425
4972,5.8,13.9,7.2,0.0,0.0,NNW,52.0,NW,NNW,15.0,24.0,82.0,82.0,1008.7,1007.9,0.0,0.0,10.2,12.7,Yes,0.0,1.0,63.81521739130435,1.28,0.413,0.640074211502783
4973,5.9,13.7,6.2,0.0,0.0,WNW,56.0,W,WSW,19.0,20.0,92.0,74.0,1009.8,1011.6,0.0,0.0,7.5,9.3,Yes,0.0,0.8,63.81521739130435,1.16,0.413,0.640074211502783
4976,10.3,14.1,6.6,0.0,0.0,NW,52.0,WSW,SW,9.0,26.0,91.0,65.0,1012.3,1014.2,0.0,0.0,10.5,12.3,Yes,0.0,0.71,63.81521739130435,1.02,0.413,0.6853146853146853
4977,4.9,13.2,1.8,0.0,0.0,S,54.0,SSW,SSW,17.0,26.0,64.0,51.0,1023.5,1025.8,0.0,0.0,9.9,12.6,Yes,0.0,0.8,63.81521739130435,0.8,0.413,0.5294117647058824
4981,10.6,16.9,1.6,0.0,0.0,SW,33.0,SW,SW,15.0,17.0,97.0,58.0,1012.5,1014.7,0.0,0.0,11.0,14.8,Yes,0.0,0.6,63.81521739130435,0.91,0.413,0.22748815165876776
4984,5.1,24.5,0.0,0.0,0.0,NNE,37.0,ENE,NNE,7.0,15.0,75.0,40.0,1016.8,1010.8,0.0,0.0,12.1,23.4,No,0.0,0.53,63.81521739130435,0.63,0.413,0.35514018691588783
4986,4.1,15.8,3.8,0.0,0.0,NW,50.0,WNW,WNW,17.0,22.0,79.0,65.0,1012.9,1013.3,0.0,0.0,10.4,13.4,Yes,0.0,0.82,63.81521739130435,1.02,0.413,0.6853146853146853
4988,8.1,14.9,0.8,0.0,0.0,NW,33.0,WNW,WNW,13.0,20.0,77.0,65.0,1016.9,1017.1,0.0,0.0,11.6,14.7,No,0.0,0.84,63.81521739130435,1.02,0.413,0.2891566265060241
4991,7.8,16.5,3.0,0.0,0.0,WSW,50.0,WSW,WSW,20.0,20.0,68.0,54.0,1014.9,1015.0,0.0,0.0,11.7,15.2,Yes,0.0,0.79,63.81521739130435,0.85,0.413,0.3741496598639456
4992,11.5,18.9,0.0,0.0,0.0,NW,41.0,WNW,NW,13.0,17.0,75.0,63.0,1013.5,1010.7,0.0,0.0,13.3,18.4,No,0.0,0.84,63.81521739130435,0.99,0.413,0.35514018691588783
4993,9.6,15.8,0.0,0.0,0.0,WSW,35.0,NNW,WSW,2.0,19.0,88.0,78.0,1001.0,1004.7,0.0,0.0,13.4,14.1,No,0.0,0.89,63.81521739130435,1.22,0.413,0.437125748502994
4997,4.8,24.1,0.0,0.0,0.0,SE,41.0,ENE,ESE,15.0,20.0,70.0,52.0,1011.8,1005.0,0.0,0.0,14.0,23.3,No,0.0,0.74,63.81521739130435,0.81,0.413,0.35514018691588783
4998,12.0,18.9,1.4,0.0,0.0,NW,61.0,N,NNW,11.0,30.0,94.0,96.0,996.0,994.6,0.0,0.0,14.5,13.0,Yes,0.0,1.02,63.81521739130435,1.5,0.413,0.9321739130434783
4999,10.6,13.4,23.0,0.0,0.0,SW,65.0,SW,SW,31.0,30.0,95.0,87.0,995.1,1001.7,0.0,0.0,11.9,13.1,Yes,0.0,0.92,63.81521739130435,1.36,0.413,0.8609271523178808
5000,10.1,15.8,7.6,0.0,0.0,SSW,37.0,S,SW,11.0,19.0,82.0,71.0,1014.9,1017.3,0.0,0.0,13.2,14.5,Yes,0.0,0.87,63.81521739130435,1.11,0.413,0.3869047619047619
5011,8.6,16.6,0.2,0.0,0.0,SSW,35.0,SW,SW,20.0,24.0,65.0,63.0,1021.0,1022.3,0.0,0.0,12.9,15.2,No,0.0,0.97,63.81521739130435,0.99,0.413,0.2891566265060241
5012,10.0,17.0,0.2,0.0,0.0,WSW,33.0,SW,SW,19.0,19.0,74.0,65.0,1023.6,1022.9,0.0,0.0,12.8,15.1,No,0.0,0.88,63.81521739130435,1.02,0.413,0.2891566265060241
5016,12.6,19.6,0.0,0.0,0.0,S,33.0,S,S,15.0,15.0,72.0,60.0,1011.8,1010.7,0.0,0.0,14.6,18.6,No,0.0,0.83,63.81521739130435,0.94,0.413,0.35514018691588783
5017,4.7,23.4,0.0,0.0,0.0,SSW,35.0,ESE,NW,4.0,11.0,94.0,41.0,1009.8,1006.9,0.0,0.0,12.1,22.1,No,0.0,0.44,63.81521739130435,0.64,0.413,0.35514018691588783
5020,8.3,30.8,0.0,0.0,0.0,NNW,72.0,NE,NNW,4.0,28.0,71.0,39.0,1007.7,1004.8,0.0,0.0,16.9,28.6,No,0.0,0.55,63.81521739130435,0.61,0.413,0.5476190476190477
5023,4.9,28.1,0.0,0.0,0.0,NNW,35.0,NNE,NNW,9.0,17.0,76.0,26.0,1014.8,1010.0,0.0,0.0,14.8,25.2,No,0.0,0.34,63.81521739130435,0.41,0.413,0.35514018691588783
5024,13.3,16.8,5.2,0.0,0.0,WNW,65.0,NW,W,31.0,24.0,70.0,93.0,998.3,1002.7,0.0,0.0,15.0,13.0,Yes,0.0,1.33,63.81521739130435,1.46,0.413,0.9321739130434783
5036,9.2,21.1,1.6,0.0,0.0,W,41.0,WSW,WSW,9.0,24.0,81.0,51.0,1009.9,1010.7,0.0,0.0,13.6,19.9,Yes,0.0,0.63,63.81521739130435,0.8,0.413,0.22748815165876776
5043,14.9,23.1,0.2,0.0,0.0,ESE,31.0,ESE,ESE,11.0,13.0,80.0,95.0,1009.4,1006.2,0.0,0.0,18.6,22.2,No,0.0,1.19,63.81521739130435,1.49,0.413,0.6990291262135923
5044,18.4,29.4,23.8,0.0,0.0,NNW,72.0,NE,NW,35.0,46.0,94.0,68.0,993.3,997.0,0.0,0.0,20.9,27.0,Yes,0.0,0.72,63.81521739130435,1.07,0.413,0.6853146853146853
5045,17.3,30.5,3.8,0.0,0.0,NW,37.0,ENE,N,4.0,20.0,88.0,32.0,1003.3,1001.3,0.0,0.0,18.1,29.5,Yes,0.0,0.36,63.81521739130435,0.5,0.413,0.22748815165876776
5046,15.9,22.9,0.0,0.0,0.0,WNW,54.0,NNW,W,19.0,22.0,79.0,61.0,1001.4,1002.6,0.0,0.0,18.0,20.6,No,0.0,0.77,63.81521739130435,0.96,0.413,0.3586206896551724
5047,14.4,19.9,0.0,0.0,0.0,WNW,26.0,W,SSW,7.0,7.0,94.0,76.0,1006.6,1006.8,0.0,0.0,16.0,18.7,No,0.0,0.81,63.81521739130435,1.19,0.413,0.23243243243243245
5052,13.6,19.4,2.0,1.4,1.0,WSW,26.0,WSW,NE,7.0,6.0,93.0,86.0,1015.9,1011.5,7.0,7.0,16.1,18.7,Yes,1.0,0.92,50.34239130434783,1.71,0.185,0.8609271523178808
5058,11.8,21.3,0.0,2.6,2.1,ENE,13.0,SSW,NE,4.0,6.0,87.0,73.0,1022.2,1017.5,7.0,6.0,15.4,20.5,No,0.86,0.84,50.34239130434783,1.45,0.185,0.334841628959276
5059,13.5,23.5,0.0,0.4,2.7,W,20.0,SE,WSW,2.0,2.0,90.0,65.0,1018.9,1014.8,7.0,7.0,16.9,22.9,No,1.0,0.72,50.34239130434783,1.29,0.185,0.22767857142857142
5063,14.0,18.2,0.0,3.0,0.0,SE,24.0,S,S,6.0,4.0,63.0,87.0,1028.2,1026.5,8.0,8.0,17.2,15.6,No,1.0,1.38,50.34239130434783,1.73,0.185,0.87248322147651
5064,14.3,23.1,12.6,1.4,3.0,E,24.0,SW,ESE,4.0,9.0,87.0,68.0,1027.5,1024.5,7.0,7.0,17.4,21.1,Yes,1.0,0.78,50.34239130434783,1.35,0.185,0.22330097087378642
5065,15.6,23.5,6.0,2.4,6.8,NE,17.0,SW,ENE,4.0,9.0,87.0,60.0,1026.6,1023.5,5.0,3.0,18.1,23.0,Yes,0.6,0.69,50.34239130434783,1.19,0.185,0.3755274261603376
5080,12.6,23.8,0.0,4.0,2.3,NNW,22.0,SSE,NW,2.0,6.0,72.0,63.0,1015.0,1010.5,7.0,7.0,16.6,22.3,No,1.0,0.88,50.34239130434783,1.25,0.185,0.31519274376417233
5081,13.8,19.3,8.6,2.0,10.2,0,0.0,W,WNW,7.0,22.0,67.0,47.0,1009.8,1007.4,5.0,2.0,16.2,17.4,Yes,0.4,0.7,50.34239130434783,0.93,0.185,0.23722627737226276
5102,19.4,21.8,1.0,4.4,0.0,NE,24.0,N,SSW,2.0,6.0,89.0,88.0,1008.3,1007.0,7.0,8.0,21.1,17.1,No,1.14,0.99,50.34239130434783,1.75,0.185,0.8900523560209425
5109,11.9,23.7,0.0,5.8,4.4,NE,20.0,SW,NE,4.0,7.0,68.0,60.0,1027.1,1021.8,6.0,7.0,18.3,21.4,No,1.17,0.88,50.34239130434783,1.19,0.185,0.22767857142857142
5118,15.2,22.2,0.0,5.4,4.4,ENE,37.0,ENE,ENE,17.0,15.0,64.0,70.0,1024.5,1021.0,2.0,7.0,21.9,21.3,No,3.5,1.09,50.34239130434783,1.39,0.185,0.31208053691275167
5119,16.2,23.3,7.2,3.4,2.9,NE,28.0,NE,N,6.0,7.0,79.0,87.0,1020.0,1016.2,6.0,7.0,21.4,19.7,Yes,1.17,1.1,50.34239130434783,1.73,0.185,0.8900523560209425
5127,18.6,22.5,3.0,6.0,0.0,NE,24.0,0,NNE,0.0,7.0,86.0,83.0,1016.9,1011.2,7.0,7.0,20.7,21.8,Yes,1.0,0.97,50.34239130434783,1.65,0.185,0.64
5130,17.6,21.4,0.6,4.4,0.1,WSW,20.0,0,0,0.0,0.0,84.0,79.0,1016.1,1011.6,8.0,7.0,19.7,21.3,No,0.88,0.94,50.34239130434783,1.57,0.185,0.7218543046357616
5131,15.0,24.7,4.6,2.7,11.6,W,39.0,W,W,11.0,20.0,49.0,35.0,1012.7,1008.5,1.0,3.0,19.8,24.1,Yes,3.0,0.71,50.34239130434783,0.7,0.185,0.23722627737226276
5138,17.9,24.1,0.0,7.4,0.6,NNW,35.0,N,NNW,4.0,9.0,57.0,48.0,1009.2,1006.5,7.0,8.0,22.2,21.9,No,1.14,0.84,50.34239130434783,0.95,0.185,0.2354948805460751
5142,18.6,26.7,0.0,5.8,1.0,WNW,76.0,N,NE,2.0,6.0,56.0,87.0,1010.0,1006.6,7.0,8.0,23.7,22.3,No,1.14,1.55,50.34239130434783,1.73,0.185,0.9321739130434783
5148,16.3,25.5,0.0,5.0,6.9,ESE,33.0,SE,ESE,9.0,11.0,58.0,57.0,1020.3,1019.4,4.0,7.0,23.9,21.7,No,1.75,0.98,50.34239130434783,1.13,0.185,0.22767857142857142
5156,17.3,28.3,0.0,9.0,7.5,W,59.0,NNW,NNE,9.0,13.0,49.0,54.0,1015.1,1009.0,6.0,7.0,25.1,26.1,No,1.17,1.1,50.34239130434783,1.07,0.185,0.6691176470588235
5161,18.2,27.6,0.0,9.2,8.1,ENE,31.0,N,NE,9.0,9.0,52.0,62.0,1017.2,1012.0,6.0,7.0,25.0,24.4,No,1.17,1.19,50.34239130434783,1.23,0.185,0.22767857142857142
5171,20.8,26.3,1.4,5.2,2.4,SE,17.0,SSW,NE,2.0,7.0,78.0,88.0,1011.1,1007.3,7.0,6.0,22.8,23.0,Yes,0.86,1.13,50.34239130434783,1.75,0.185,0.8900523560209425
5178,22.6,32.5,0.0,9.0,9.6,NE,28.0,NNE,NNE,7.0,13.0,56.0,57.0,1014.2,1010.0,3.0,8.0,28.5,28.9,No,2.67,1.02,50.34239130434783,1.13,0.185,0.31519274376417233
5180,21.2,32.5,3.6,8.6,11.8,ESE,22.0,NW,ENE,7.0,9.0,61.0,57.0,1009.1,1004.6,6.0,2.0,27.2,29.8,Yes,0.33,0.93,50.34239130434783,1.13,0.185,0.23722627737226276
5182,23.0,31.6,0.0,6.0,4.1,SSE,44.0,NNE,ENE,7.0,7.0,66.0,82.0,1009.7,1005.1,7.0,8.0,27.9,26.2,No,1.14,1.24,50.34239130434783,1.63,0.185,0.7218543046357616
5183,21.7,36.0,19.6,8.8,0.0,N,33.0,NW,NE,2.0,11.0,69.0,58.0,1004.3,999.1,7.0,6.0,28.0,30.8,Yes,0.86,0.84,50.34239130434783,1.15,0.185,0.23722627737226276
5196,22.0,27.0,0.0,0.0,3.3,ENE,30.0,ESE,ENE,15.0,11.0,67.0,60.0,1016.2,1014.4,7.0,8.0,25.2,24.7,No,1.14,0.9,50.34239130434783,1.19,0.185,0.22767857142857142
5200,19.9,31.3,0.0,9.0,9.3,SSE,43.0,N,NNE,6.0,9.0,43.0,56.0,1011.8,1007.6,1.0,7.0,27.3,27.1,No,7.0,1.3,50.34239130434783,1.11,0.185,0.31519274376417233
5201,19.2,30.2,16.6,6.4,10.8,NNE,39.0,NNW,NE,7.0,17.0,53.0,60.0,1012.5,1006.2,4.0,4.0,27.2,27.7,Yes,1.0,1.13,50.34239130434783,1.19,0.185,0.23722627737226276
5204,20.2,30.3,21.2,10.4,12.6,NE,31.0,NE,NE,6.0,13.0,61.0,65.0,1015.8,1012.8,2.0,2.0,28.4,28.9,Yes,1.0,1.07,50.34239130434783,1.29,0.185,0.23684210526315788
5206,23.2,33.8,5.4,10.0,6.6,ENE,28.0,NNE,ENE,9.0,11.0,69.0,56.0,1016.4,1009.1,6.0,6.0,27.5,31.6,Yes,1.0,0.81,50.34239130434783,1.11,0.185,0.23722627737226276
5207,22.8,31.3,11.0,7.8,3.4,SE,24.0,NNW,ENE,7.0,9.0,69.0,68.0,1013.4,1010.3,8.0,7.0,25.7,28.9,Yes,0.88,0.99,50.34239130434783,1.35,0.185,0.23684210526315788
5208,22.7,28.4,20.4,7.8,1.1,NE,24.0,ENE,NE,4.0,7.0,82.0,77.0,1012.6,1007.4,8.0,7.0,24.6,26.8,Yes,0.88,0.94,50.34239130434783,1.53,0.185,0.640074211502783
5209,23.8,28.6,3.2,3.0,0.6,W,28.0,W,WNW,7.0,9.0,67.0,62.0,1009.3,1009.5,6.0,6.0,25.9,26.2,Yes,1.0,0.93,50.34239130434783,1.23,0.185,0.23722627737226276
5217,22.4,31.0,0.0,8.0,12.3,NE,31.0,NNW,NNE,11.0,11.0,50.0,54.0,1013.1,1009.4,1.0,4.0,28.1,29.1,No,4.0,1.08,50.34239130434783,1.07,0.185,0.31519274376417233
5218,23.9,32.3,1.6,9.2,6.8,SE,41.0,SW,S,4.0,22.0,60.0,70.0,1013.1,1013.5,6.0,6.0,27.4,25.1,Yes,1.0,1.17,50.34239130434783,1.39,0.185,0.23684210526315788
5221,22.1,34.1,0.0,7.0,8.8,WSW,26.0,NW,NE,6.0,11.0,55.0,57.0,1012.2,1008.6,3.0,7.0,29.5,31.0,No,2.33,1.04,50.34239130434783,1.13,0.185,0.31519274376417233
5225,20.6,27.5,0.0,8.0,0.1,ENE,24.0,SE,ENE,13.0,11.0,75.0,65.0,1016.7,1015.6,8.0,7.0,23.3,25.0,No,0.88,0.87,50.34239130434783,1.29,0.185,0.22767857142857142
5226,18.5,29.3,6.0,4.0,9.6,ENE,31.0,E,E,13.0,15.0,55.0,69.0,1016.6,1014.5,4.0,7.0,27.1,25.3,Yes,1.75,1.25,50.34239130434783,1.37,0.185,0.23684210526315788
5233,20.3,25.9,1.8,0.0,0.0,SSE,43.0,S,SE,17.0,22.0,73.0,64.0,1019.6,1017.6,4.0,8.0,23.3,25.5,Yes,2.0,0.88,60.863013698630134,1.05,0.219,0.23684210526315788
5234,19.6,26.5,2.6,0.0,0.0,SE,46.0,S,SE,19.0,24.0,82.0,68.0,1020.3,1017.3,8.0,8.0,21.7,24.6,Yes,1.0,0.83,60.863013698630134,1.12,0.219,0.23684210526315788
5235,19.1,26.5,0.4,0.0,0.0,S,31.0,SE,SSW,17.0,4.0,77.0,65.0,1017.8,1014.3,3.0,8.0,22.7,25.7,No,2.67,0.84,60.863013698630134,1.07,0.219,0.22767857142857142
5245,20.0,23.0,8.8,6.6,0.0,SSE,52.0,SSE,S,20.0,19.0,91.0,79.0,1018.0,1015.1,8.0,7.0,21.4,22.6,Yes,0.88,0.87,60.863013698630134,1.3,0.219,0.7555555555555555
5246,17.0,24.0,3.2,3.8,0.0,SSE,41.0,SSE,SE,20.0,17.0,83.0,79.0,1015.0,1011.9,8.0,8.0,20.4,22.9,Yes,1.0,0.95,60.863013698630134,1.3,0.219,0.640074211502783
5247,17.2,24.6,0.2,0.0,0.0,S,28.0,SE,NE,7.0,13.0,81.0,68.0,1014.4,1011.2,7.0,7.0,20.0,23.9,No,1.0,0.84,60.863013698630134,1.12,0.219,0.22767857142857142
5248,19.9,27.6,0.0,0.0,0.0,S,33.0,SSE,SE,15.0,22.0,77.0,68.0,1014.7,1011.5,8.0,7.0,20.9,24.3,No,0.88,0.88,60.863013698630134,1.12,0.219,0.22767857142857142
5249,20.0,28.0,6.2,9.2,0.0,E,44.0,E,SSE,20.0,11.0,97.0,67.0,1016.8,1013.7,8.0,8.0,22.8,27.0,Yes,1.0,0.69,60.863013698630134,1.1,0.219,0.6138613861386139
5250,22.0,24.0,17.6,4.4,0.0,E,33.0,E,NW,15.0,11.0,95.0,98.0,1016.3,1014.2,8.0,8.0,24.3,23.6,Yes,1.0,1.03,60.863013698630134,1.61,0.219,0.8900523560209425
5251,22.0,27.0,32.2,2.0,0.0,SE,33.0,SSE,SE,15.0,13.0,91.0,87.0,1017.2,1014.7,8.0,7.0,23.7,25.0,Yes,0.88,0.96,60.863013698630134,1.43,0.219,0.8609271523178808
5252,22.0,27.0,9.2,2.4,0.0,SE,33.0,S,SSE,17.0,13.0,89.0,80.0,1016.4,1013.8,8.0,8.0,23.7,26.3,Yes,1.0,0.9,60.863013698630134,1.31,0.219,0.64
5253,21.6,27.8,2.6,0.0,0.0,SE,31.0,SSE,SE,17.0,20.0,80.0,60.0,1016.5,1013.3,1.0,0.0,23.5,27.2,Yes,0.0,0.75,60.863013698630134,0.99,0.219,0.3755274261603376
5258,20.3,27.7,0.0,0.0,0.0,SSE,48.0,SSE,SSE,26.0,30.0,72.0,66.0,1016.7,1014.9,8.0,8.0,24.0,25.2,No,1.0,0.92,60.863013698630134,1.08,0.219,0.31208053691275167
5263,20.0,27.0,0.0,5.356814357823893,0.0,SE,30.0,S,ESE,17.0,17.0,76.0,65.0,1015.8,1012.9,6.0,8.0,23.2,25.5,No,1.33,0.86,60.863013698630134,1.07,0.219,0.22767857142857142
5265,19.0,27.0,0.0,4.0,0.0,SE,30.0,SSE,NNE,17.0,11.0,80.0,57.0,1014.1,1010.9,0.0,0.0,23.6,25.7,No,0.0,0.71,60.863013698630134,0.94,0.219,0.35514018691588783
5268,18.9,26.7,0.0,0.0,0.0,SE,54.0,SSE,SE,20.0,31.0,72.0,64.0,1018.6,1015.8,2.0,8.0,22.0,24.6,No,4.0,0.89,60.863013698630134,1.05,0.219,0.31208053691275167
5269,18.5,24.9,3.2,0.0,0.0,SE,43.0,SE,S,15.0,19.0,97.0,72.0,1019.9,1016.7,8.0,6.0,18.5,23.5,Yes,0.75,0.74,60.863013698630134,1.18,0.219,0.4205607476635514
5270,18.0,26.0,3.8,5.356814357823893,0.0,ESE,43.0,SSE,SE,20.0,33.0,75.0,74.0,1019.4,1017.0,0.0,8.0,22.4,22.6,Yes,0.0,0.99,60.863013698630134,1.22,0.219,0.4205607476635514
5271,18.0,26.0,10.0,5.2,0.0,SSE,48.0,SSE,SE,19.0,31.0,94.0,58.0,1020.2,1016.7,8.0,8.0,19.4,24.2,Yes,1.0,0.62,60.863013698630134,0.95,0.219,0.5357142857142857
5272,18.0,26.0,3.4,4.0,0.0,SE,39.0,SSE,SE,19.0,24.0,85.0,61.0,1020.1,1017.2,1.0,7.0,20.9,25.5,Yes,7.0,0.72,60.863013698630134,1.0,0.219,0.3755274261603376
5273,16.0,27.0,1.4,4.8,0.0,SE,33.0,SE,ESE,19.0,22.0,81.0,56.0,1020.0,1016.1,0.0,2.0,21.3,27.0,Yes,0.0,0.69,60.863013698630134,0.92,0.219,0.3755274261603376
5277,18.0,24.0,0.8,5.356814357823893,0.0,SE,48.0,SSE,SSE,19.0,19.0,92.0,75.0,1019.3,1015.8,8.0,1.0,19.8,22.9,No,0.12,0.82,60.863013698630134,1.23,0.219,0.8018018018018018
5278,18.0,25.0,1.8,2.4,0.0,SSE,46.0,SSW,SSE,20.0,30.0,87.0,68.0,1019.5,1015.6,7.0,2.0,20.1,23.7,Yes,0.29,0.78,60.863013698630134,1.12,0.219,0.23684210526315788
5279,19.0,26.0,9.4,4.2,0.0,SE,50.0,S,S,20.0,19.0,83.0,86.0,1018.4,1015.5,8.0,4.0,21.8,21.9,Yes,0.5,1.04,60.863013698630134,1.41,0.219,0.9321739130434783
5280,18.4,25.6,4.9,0.0,0.0,SSE,43.0,SSE,SE,15.0,31.0,76.0,68.0,1017.3,1014.6,8.0,7.0,21.0,23.7,Yes,0.88,0.89,60.863013698630134,1.12,0.219,0.23684210526315788
5281,18.0,26.0,1.7,7.6,0.0,S,41.0,S,SE,19.0,20.0,75.0,64.0,1017.2,1014.7,8.0,8.0,21.0,24.9,Yes,1.0,0.85,60.863013698630134,1.05,0.219,0.23684210526315788
5284,17.0,28.0,0.0,5.356814357823893,0.0,NE,35.0,SE,E,17.0,22.0,70.0,58.0,1014.0,1010.5,0.0,0.0,24.0,27.3,No,0.0,0.83,60.863013698630134,0.95,0.219,0.35514018691588783
5286,18.0,28.0,0.0,4.8,0.0,NNE,30.0,E,N,2.0,13.0,72.0,78.0,1013.3,1009.0,0.0,0.0,25.5,26.5,No,0.0,1.08,60.863013698630134,1.28,0.219,0.437125748502994
5294,21.9,28.5,0.0,0.0,0.0,SSE,37.0,SSE,SE,24.0,26.0,64.0,68.0,1019.0,1017.1,2.0,5.0,26.5,25.5,Null,2.5,1.06,60.863013698630134,1.12,0.219,0.23684210526315788
5295,21.4,24.3,0.8,5.356814357823893,0.0,SSE,43.0,S,SSE,22.0,30.0,93.0,79.0,1020.3,1018.2,7.0,8.0,22.3,22.7,No,1.14,0.85,60.863013698630134,1.3,0.219,0.4896907216494845
5297,20.1,27.8,8.0,6.0,0.0,SE,48.0,SSE,ESE,22.0,33.0,81.0,57.0,1020.0,1016.4,8.0,2.0,22.9,27.0,Yes,0.25,0.7,60.863013698630134,0.94,0.219,0.5357142857142857
5299,21.3,27.4,14.2,5.356814357823893,0.0,E,41.0,SSE,N,7.0,4.0,85.0,85.0,1016.1,1013.7,8.0,8.0,25.5,24.5,Yes,1.0,1.0,60.863013698630134,1.4,0.219,0.8900523560209425
5300,21.6,27.9,16.0,3.0,0.0,E,35.0,SSE,SE,17.0,15.0,85.0,82.0,1017.7,1014.7,7.0,7.0,24.8,24.5,Yes,1.0,0.96,60.863013698630134,1.35,0.219,0.64
5301,21.4,28.9,4.2,3.2,0.0,ENE,35.0,S,E,17.0,24.0,80.0,57.0,1017.3,1014.0,8.0,0.0,24.3,28.3,Yes,0.0,0.71,60.863013698630134,0.94,0.219,0.3755274261603376
5302,20.3,29.5,0.0,0.0,0.0,ENE,30.0,S,NE,17.0,20.0,69.0,67.0,1015.9,1012.0,0.0,1.0,25.8,28.6,Null,0.0,0.97,60.863013698630134,1.1,0.219,0.23684210526315788
5305,21.5,29.4,0.0,0.0,0.0,NNE,30.0,ENE,NNE,6.0,17.0,69.0,72.0,1012.5,1009.2,0.0,1.0,27.7,27.6,Null,0.0,1.04,60.863013698630134,1.18,0.219,0.23243243243243245
5306,20.6,29.9,0.4,5.356814357823893,0.0,NE,30.0,SE,NNE,13.0,15.0,68.0,73.0,1013.9,1010.3,1.0,0.0,27.7,28.1,No,0.0,1.07,60.863013698630134,1.2,0.219,0.23243243243243245
5308,23.2,30.4,0.0,0.0,0.0,N,31.0,N,N,15.0,20.0,70.0,68.0,1011.9,1007.7,8.0,5.0,27.4,28.3,Null,0.62,0.97,60.863013698630134,1.12,0.219,0.45652173913043476
5309,21.0,29.3,0.0,0.0,0.0,NNE,26.0,N,NNE,9.0,13.0,68.0,70.0,1013.4,1010.0,1.0,1.0,27.3,28.1,Null,1.0,1.03,60.863013698630134,1.15,0.219,0.23684210526315788
5310,22.9,31.7,42.6,5.356814357823893,0.0,0,0.0,E,ESE,13.0,22.0,62.0,60.0,1014.4,1010.8,0.0,1.0,28.9,30.0,Yes,0.0,0.97,60.863013698630134,0.99,0.219,0.23722627737226276
5311,22.9,27.5,6.6,8.0,0.0,SSE,37.0,SE,SE,17.0,19.0,94.0,81.0,1016.9,1014.2,8.0,8.0,23.3,25.2,Yes,1.0,0.86,60.863013698630134,1.33,0.219,0.64
5312,22.4,29.0,4.0,4.4,0.0,SE,69.0,SE,SE,37.0,35.0,58.0,54.0,1018.5,1016.3,8.0,0.0,26.0,27.8,Yes,0.0,0.93,60.863013698630134,0.89,0.219,0.3741496598639456
5320,21.0,27.5,0.0,0.0,0.0,SSW,31.0,S,S,13.0,11.0,88.0,70.0,1016.8,1013.4,8.0,8.0,22.8,26.1,Null,1.0,0.8,60.863013698630134,1.15,0.219,0.23684210526315788
5346,25.1,33.0,0.0,7.6,0.0,N,41.0,N,N,22.0,22.0,61.0,72.0,1010.4,1006.4,0.0,2.0,31.0,29.3,No,0.0,1.18,60.863013698630134,1.18,0.219,0.23243243243243245
5347,22.5,33.1,3.8,7.8,0.0,SSE,39.0,SSE,NE,15.0,19.0,69.0,59.0,1010.6,1007.6,1.0,0.0,29.0,30.3,Yes,0.0,0.86,60.863013698630134,0.97,0.219,0.23722627737226276
5350,22.0,32.0,0.0,0.0,0.0,SE,41.0,SE,SE,24.0,26.0,59.0,43.0,1012.5,1010.1,0.0,0.0,28.1,31.0,Null,0.0,0.73,60.863013698630134,0.71,0.219,0.23722627737226276
5351,22.0,31.4,10.6,5.356814357823893,0.0,SE,41.0,SSE,SE,19.0,26.0,69.0,64.0,1013.5,1011.0,1.0,6.0,27.3,28.8,Yes,6.0,0.93,60.863013698630134,1.05,0.219,0.23684210526315788
5352,23.2,31.1,0.4,8.2,0.0,ESE,41.0,SE,SE,28.0,28.0,64.0,53.0,1012.6,1010.2,8.0,7.0,28.2,28.9,No,0.88,0.83,60.863013698630134,0.87,0.219,0.2354948805460751
5356,23.4,33.1,0.0,0.0,0.0,E,37.0,ESE,E,20.0,24.0,59.0,44.0,1011.3,1008.4,0.0,0.0,29.6,31.7,Null,0.0,0.75,60.863013698630134,0.72,0.219,0.23722627737226276
5357,24.3,32.8,0.0,5.356814357823893,0.0,SE,39.0,S,SE,13.0,30.0,76.0,49.0,1012.3,1009.4,8.0,0.0,26.6,32.0,No,0.0,0.64,60.863013698630134,0.81,0.219,0.2354948805460751
5358,24.7,33.9,0.0,0.0,0.0,SE,37.0,SSE,E,11.0,28.0,66.0,56.0,1011.2,1008.1,5.0,3.0,27.6,30.3,Null,0.6,0.85,60.863013698630134,0.92,0.219,0.23722627737226276
5359,21.1,31.3,2.8,2.8,0.0,SSE,28.0,ESE,NNE,13.0,15.0,64.0,58.0,1012.0,1008.6,0.0,0.0,28.6,30.1,Yes,0.0,0.91,60.863013698630134,0.95,0.219,0.23722627737226276
5367,25.0,33.1,0.0,0.0,0.0,ESE,46.0,SSE,ESE,24.0,30.0,55.0,54.0,1012.7,1010.0,1.0,6.0,30.2,31.2,Null,6.0,0.98,60.863013698630134,0.89,0.219,0.23722627737226276
5368,23.0,29.0,17.2,5.356814357823893,0.0,SSE,39.0,S,SE,13.0,20.0,82.0,73.0,1013.3,1011.5,5.0,8.0,26.0,28.3,Yes,1.6,0.89,60.863013698630134,1.2,0.219,0.640074211502783
5369,23.0,29.0,26.8,5.2,0.0,SSE,37.0,SSE,S,19.0,15.0,82.0,70.0,1013.6,1011.1,5.0,7.0,26.5,29.0,Yes,1.4,0.85,60.863013698630134,1.15,0.219,0.23684210526315788
5370,22.9,32.4,0.0,0.0,0.0,E,35.0,SSE,ENE,15.0,24.0,68.0,54.0,1011.5,1008.4,0.0,0.0,29.1,32.1,Null,0.0,0.79,60.863013698630134,0.89,0.219,0.23722627737226276
5371,24.7,31.4,0.0,0.0,0.0,ENE,30.0,SSE,NE,9.0,15.0,73.0,67.0,1011.7,1008.6,8.0,1.0,29.0,30.1,Null,0.12,0.92,60.863013698630134,1.1,0.219,0.23684210526315788
5372,25.1,33.5,0.0,0.0,0.0,SE,41.0,SE,E,15.0,24.0,61.0,51.0,1011.5,1008.9,0.0,0.0,29.9,31.7,Null,0.0,0.84,60.863013698630134,0.84,0.219,0.23722627737226276
5373,24.0,33.0,1.2,5.356814357823893,0.0,ESE,41.0,SE,E,20.0,26.0,64.0,49.0,1012.1,1009.7,0.0,0.0,29.4,31.6,Yes,0.0,0.77,60.863013698630134,0.81,0.219,0.23722627737226276
5375,24.4,33.7,0.0,0.0,0.0,SSE,39.0,S,ESE,7.0,22.0,64.0,65.0,1008.7,1005.8,7.0,7.0,28.6,30.2,Null,1.0,1.02,60.863013698630134,1.07,0.219,0.45652173913043476
5376,23.8,33.1,0.0,0.0,0.0,NNE,37.0,SE,ENE,9.0,20.0,63.0,64.0,1005.6,1002.9,0.0,1.0,30.2,30.6,Null,0.0,1.02,60.863013698630134,1.05,0.219,0.45652173913043476
5377,23.0,32.0,3.2,13.6,0.0,NNE,31.0,SE,NE,11.0,17.0,67.0,64.0,1004.8,1002.4,0.0,0.0,29.7,31.0,Yes,0.0,0.96,60.863013698630134,1.05,0.219,0.45652173913043476
5381,10.1,21.6,0.0,0.0,0.0,NNE,24.0,WNW,ENE,7.0,13.0,67.0,69.0,1023.5,1019.0,0.0,0.0,16.9,20.3,No,0.0,1.03,62.566473988439306,1.1,0.185,0.2891566265060241
5382,16.0,19.2,6.4,0.0,0.0,NW,35.0,WNW,NNW,11.0,13.0,100.0,86.0,1015.1,1011.2,0.0,0.0,18.0,18.1,Yes,0.0,0.86,62.566473988439306,1.37,0.185,0.8609271523178808
5383,10.8,17.8,1.2,0.0,0.0,WNW,52.0,NNW,WNW,13.0,33.0,46.0,40.0,1014.8,1011.0,0.0,0.0,13.9,17.1,Yes,0.0,0.87,62.566473988439306,0.64,0.185,0.21656050955414013
5387,10.3,22.7,0.0,0.0,0.0,SE,33.0,WNW,SE,9.0,30.0,70.0,66.0,1023.6,1020.7,0.0,0.0,16.7,20.4,No,0.0,0.94,62.566473988439306,1.05,0.185,0.2891566265060241
5389,15.8,21.6,0.0,0.0,0.0,NNW,30.0,N,NNW,13.0,17.0,96.0,78.0,1018.4,1014.2,0.0,0.0,17.1,21.4,No,0.0,0.81,62.566473988439306,1.25,0.185,0.437125748502994
5392,13.1,17.8,0.0,0.0,0.0,SSE,48.0,SSE,S,30.0,31.0,70.0,65.0,1027.6,1025.0,0.0,0.0,17.0,16.9,No,0.0,0.93,62.566473988439306,1.04,0.185,0.2396694214876033
5393,16.2,19.0,0.0,0.0,0.0,SSE,52.0,SSE,SE,31.0,37.0,69.0,75.0,1028.9,1026.2,0.0,0.0,17.2,18.1,No,0.0,1.09,62.566473988439306,1.2,0.185,0.4896907216494845
5394,15.6,21.7,8.6,0.0,0.0,E,41.0,S,SE,11.0,30.0,93.0,78.0,1027.6,1024.7,0.0,0.0,18.5,20.7,Yes,0.0,0.84,62.566473988439306,1.25,0.185,0.4205607476635514
5397,17.1,24.9,0.0,0.0,0.0,0,0.0,NW,SE,15.0,22.0,80.0,80.0,1018.4,1015.5,0.0,0.0,20.0,22.1,Null,0.0,1.0,62.566473988439306,1.28,0.185,0.5
5399,18.2,28.9,0.0,0.0,0.0,W,56.0,NW,W,24.0,31.0,72.0,34.0,1008.4,1006.5,0.0,0.0,23.5,28.0,No,0.0,0.47,62.566473988439306,0.54,0.185,0.3586206896551724
5409,15.5,20.7,3.4,0.0,0.0,W,52.0,NW,WNW,17.0,30.0,94.0,46.0,1008.7,1005.2,0.0,0.0,16.1,19.7,Yes,0.0,0.49,62.566473988439306,0.74,0.185,0.21656050955414013
5410,12.3,19.4,18.6,0.0,0.0,SSE,69.0,S,S,35.0,31.0,85.0,86.0,1013.6,1016.4,0.0,0.0,15.2,15.6,Yes,0.0,1.01,62.566473988439306,1.37,0.185,0.9321739130434783
5426,12.9,23.0,0.0,0.0,0.0,NNE,37.0,SSE,NNE,11.0,28.0,63.0,66.0,1018.0,1014.4,0.0,0.0,19.9,21.0,No,0.0,1.05,62.566473988439306,1.05,0.185,0.3865546218487395
5427,17.2,24.2,0.6,0.0,0.0,N,35.0,NNE,NE,15.0,19.0,73.0,73.0,1014.4,1011.5,0.0,0.0,21.9,23.3,No,0.0,1.0,62.566473988439306,1.17,0.185,0.23243243243243245
5428,18.0,18.1,11.6,0.0,0.0,SSE,54.0,SSE,SSW,19.0,4.0,100.0,100.0,1008.5,1006.6,0.0,0.0,18.1,16.5,Yes,0.0,1.0,62.566473988439306,1.6,0.185,0.9321739130434783
5429,14.5,21.3,28.0,0.0,0.0,NW,39.0,W,WSW,20.0,17.0,49.0,36.0,1010.4,1009.7,0.0,0.0,17.0,20.6,Yes,0.0,0.73,62.566473988439306,0.58,0.185,0.23722627737226276
5436,14.7,26.0,0.0,0.0,0.0,NNE,39.0,NW,NNE,17.0,28.0,69.0,72.0,1021.1,1016.8,0.0,0.0,21.0,22.7,No,0.0,1.04,62.566473988439306,1.15,0.185,0.23243243243243245
5437,18.7,24.7,0.2,0.0,0.0,N,63.0,N,N,19.0,39.0,83.0,74.0,1015.9,1010.2,0.0,0.0,21.1,22.7,No,0.0,0.89,62.566473988439306,1.18,0.185,0.4396551724137931
5438,17.0,23.3,7.6,0.0,0.0,WNW,65.0,NW,WNW,44.0,37.0,60.0,37.0,1011.3,1010.6,0.0,0.0,19.6,22.5,Yes,0.0,0.62,62.566473988439306,0.59,0.185,0.21656050955414013
5441,14.3,23.6,0.0,0.0,0.0,SE,41.0,SSE,SE,24.0,30.0,57.0,65.0,1029.3,1027.0,0.0,0.0,20.9,21.2,No,0.0,1.14,62.566473988439306,1.04,0.185,0.2396694214876033
5444,19.2,23.3,0.0,0.0,0.0,NE,43.0,ENE,NE,28.0,30.0,67.0,75.0,1024.9,1021.6,0.0,0.0,21.9,21.3,No,0.0,1.12,62.566473988439306,1.2,0.185,0.4896907216494845
5445,16.2,22.1,4.0,0.0,0.0,NNE,50.0,N,N,11.0,30.0,88.0,84.0,1020.4,1015.7,0.0,0.0,19.2,20.3,Yes,0.0,0.95,62.566473988439306,1.34,0.185,0.7237569060773481
5446,13.8,22.9,8.0,0.0,0.0,ESE,26.0,NW,ESE,6.0,17.0,74.0,66.0,1019.0,1016.4,0.0,0.0,19.2,22.2,Yes,0.0,0.89,62.566473988439306,1.05,0.185,0.23684210526315788
5449,19.3,25.9,0.0,0.0,0.0,0,0.0,NW,NNW,17.0,20.0,91.0,79.0,1017.2,1013.2,0.0,0.0,20.4,23.5,Null,0.0,0.87,62.566473988439306,1.26,0.185,0.5
5450,18.3,26.1,2.8,0.0,0.0,W,52.0,NW,W,22.0,33.0,73.0,46.0,1018.1,1015.8,0.0,0.0,22.4,25.5,Yes,0.0,0.63,62.566473988439306,0.74,0.185,0.21656050955414013
5452,19.0,23.4,1.2,0.0,0.0,N,56.0,E,NNW,7.0,24.0,99.0,95.0,1016.7,1011.0,0.0,0.0,20.7,21.4,Yes,0.0,0.96,62.566473988439306,1.52,0.185,0.8609271523178808
5454,11.1,22.9,0.2,0.0,0.0,WNW,37.0,SSW,E,9.0,17.0,38.0,66.0,1018.2,1016.5,0.0,0.0,19.9,21.2,No,0.0,1.74,62.566473988439306,1.05,0.185,0.2396694214876033
5455,17.7,20.1,0.0,0.0,0.0,NW,20.0,S,ENE,7.0,7.0,88.0,99.0,1016.0,1011.7,0.0,0.0,19.9,18.9,No,0.0,1.12,62.566473988439306,1.58,0.185,0.6990291262135923
5456,15.0,24.5,7.6,0.0,0.0,W,46.0,WNW,WNW,19.0,30.0,52.0,35.0,1011.8,1007.7,0.0,0.0,19.9,23.1,Yes,0.0,0.67,62.566473988439306,0.56,0.185,0.23722627737226276
5459,13.8,27.2,0.0,0.0,0.0,WNW,56.0,NNW,WNW,13.0,19.0,76.0,41.0,1008.7,1004.8,0.0,0.0,18.5,26.5,No,0.0,0.54,62.566473988439306,0.66,0.185,0.3586206896551724
5463,17.3,24.9,0.0,0.0,0.0,NW,69.0,WNW,NW,39.0,48.0,35.0,25.0,1005.5,1003.0,0.0,0.0,21.2,24.5,Null,0.0,0.71,62.566473988439306,0.4,0.185,0.21656050955414013
5465,17.6,25.0,0.0,0.0,0.0,N,37.0,N,NNW,17.0,20.0,69.0,100.0,1009.6,1006.0,0.0,0.0,23.1,21.2,No,0.0,1.45,62.566473988439306,1.6,0.185,0.6990291262135923
5466,14.3,25.1,23.2,0.0,0.0,NW,44.0,NW,NNE,20.0,30.0,50.0,59.0,1014.0,1010.7,0.0,0.0,19.2,21.8,Yes,0.0,1.18,62.566473988439306,0.94,0.185,0.23722627737226276
5470,14.2,30.1,0.0,0.0,0.0,NW,37.0,NW,NNE,20.0,22.0,52.0,69.0,1020.4,1015.5,0.0,0.0,22.4,23.7,No,0.0,1.33,62.566473988439306,1.1,0.185,0.2396694214876033
5471,17.1,24.1,0.0,0.0,0.0,SSE,61.0,SSE,SSE,41.0,31.0,71.0,65.0,1020.9,1020.0,0.0,0.0,21.9,20.5,No,0.0,0.92,62.566473988439306,1.04,0.185,0.2396694214876033
5472,18.0,25.2,0.0,0.0,0.0,0,0.0,ESE,SSE,15.0,39.0,66.0,75.0,1010.8,1010.9,0.0,0.0,24.8,20.9,Null,0.0,1.14,62.566473988439306,1.2,0.185,0.23243243243243245
5477,17.2,27.3,0.0,0.0,0.0,0,0.0,N,N,28.0,37.0,54.0,68.0,1015.0,1009.1,0.0,0.0,24.3,23.6,Null,0.0,1.26,62.566473988439306,1.09,0.185,0.23684210526315788
5482,18.5,26.4,0.0,0.0,0.0,N,46.0,N,N,26.0,35.0,58.0,70.0,1016.9,1011.8,0.0,0.0,24.0,22.5,No,0.0,1.21,62.566473988439306,1.12,0.185,0.3865546218487395
5483,17.4,21.9,3.2,0.0,0.0,SSE,54.0,SSE,SSE,28.0,44.0,73.0,52.0,1015.2,1014.5,0.0,0.0,18.4,19.2,Yes,0.0,0.71,62.566473988439306,0.83,0.185,0.21656050955414013
5492,20.4,26.3,0.4,0.0,0.0,S,33.0,SSE,NE,19.0,17.0,79.0,75.0,1010.9,1007.0,0.0,0.0,23.6,24.9,No,0.0,0.95,62.566473988439306,1.2,0.185,0.23243243243243245
5498,22.7,29.4,0.0,0.0,0.0,NNW,50.0,N,N,28.0,33.0,63.0,80.0,1013.8,1010.0,0.0,0.0,27.4,24.9,No,0.0,1.27,62.566473988439306,1.28,0.185,0.6176470588235294
5499,22.3,30.8,0.0,0.0,0.0,NNE,52.0,NW,NNE,26.0,41.0,69.0,74.0,1013.8,1008.0,0.0,0.0,26.8,25.3,No,0.0,1.07,62.566473988439306,1.18,0.185,0.4396551724137931
5500,20.7,28.4,16.4,0.0,0.0,0,0.0,NNW,N,15.0,26.0,73.0,81.0,1009.0,1004.6,0.0,0.0,26.1,26.2,Yes,0.0,1.11,62.566473988439306,1.29,0.185,0.640074211502783
5501,18.3,28.3,0.0,0.0,0.0,0,0.0,0,0,0.0,0.0,77.0,81.0,1013.1,1009.1,0.0,0.0,24.4,24.8,No,0.0,1.05,62.566473988439306,1.29,0.185,0.7218543046357616
5502,21.3,30.2,0.0,0.0,0.0,0,0.0,0,0,0.0,0.0,72.0,93.0,1009.6,1006.5,0.0,0.0,28.1,22.2,No,0.0,1.29,62.566473988439306,1.49,0.185,0.6990291262135923
5503,21.8,32.8,8.6,0.0,0.0,0,0.0,0,0,0.0,0.0,84.0,76.0,1003.7,998.2,0.0,0.0,26.7,27.0,Yes,0.0,0.9,62.566473988439306,1.21,0.185,0.640074211502783
5504,16.3,25.9,0.0,0.0,0.0,SE,52.0,SSE,SE,33.0,35.0,50.0,58.0,1014.6,1013.8,0.0,0.0,22.1,21.8,Null,0.0,1.16,62.566473988439306,0.93,0.185,0.21656050955414013
5506,17.6,26.1,0.2,0.0,0.0,SE,59.0,SSE,SSE,22.0,24.0,59.0,66.0,1022.9,1021.5,0.0,0.0,25.2,23.0,No,0.0,1.12,62.566473988439306,1.05,0.185,0.2396694214876033
5512,20.1,27.9,0.0,0.0,0.0,ESE,30.0,SE,E,20.0,20.0,66.0,76.0,1013.1,1009.2,0.0,0.0,25.9,25.5,No,0.0,1.15,62.566473988439306,1.21,0.185,0.437125748502994
5513,20.5,27.7,0.0,0.0,0.0,SSE,59.0,ESE,SE,26.0,41.0,68.0,66.0,1009.1,1008.1,0.0,0.0,26.2,25.6,No,0.0,0.97,62.566473988439306,1.05,0.185,0.6691176470588235
5515,21.5,26.9,0.0,0.0,0.0,E,30.0,E,ENE,22.0,22.0,76.0,75.0,1016.7,1014.6,0.0,0.0,24.6,23.8,No,0.0,0.99,62.566473988439306,1.2,0.185,0.23243243243243245
5519,18.9,27.6,0.0,0.0,0.0,N,52.0,NE,ESE,17.0,11.0,68.0,77.0,1011.9,1010.1,0.0,0.0,25.0,23.3,No,0.0,1.13,62.566473988439306,1.23,0.185,0.8018018018018018
5520,18.6,27.9,1.8,0.0,0.0,NNE,43.0,NNW,NNE,22.0,35.0,63.0,73.0,1012.0,1007.2,0.0,0.0,25.5,24.4,Yes,0.0,1.16,62.566473988439306,1.17,0.185,0.23243243243243245
5521,20.7,27.3,8.6,0.0,0.0,NNE,41.0,NNW,N,15.0,31.0,61.0,77.0,1012.0,1009.5,0.0,0.0,26.4,24.5,Yes,0.0,1.26,62.566473988439306,1.23,0.185,0.640074211502783
5522,21.0,27.3,0.0,0.0,0.0,ENE,56.0,N,NNE,17.0,31.0,86.0,79.0,1015.1,1011.2,0.0,0.0,24.5,24.5,No,0.0,0.92,62.566473988439306,1.26,0.185,0.6176470588235294
5523,19.7,28.0,1.6,0.0,0.0,NW,37.0,NNE,NNE,17.0,28.0,80.0,77.0,1015.6,1013.1,0.0,0.0,26.6,26.8,Yes,0.0,0.96,62.566473988439306,1.23,0.185,0.437125748502994
5524,21.0,29.7,0.0,0.0,0.0,NNE,46.0,N,N,28.0,35.0,71.0,83.0,1014.7,1011.1,0.0,0.0,27.8,24.1,No,0.0,1.17,62.566473988439306,1.33,0.185,0.5
5525,19.0,32.3,13.8,0.0,0.0,NNW,48.0,NW,N,17.0,24.0,82.0,63.0,1016.4,1008.6,0.0,0.0,23.8,30.0,Yes,0.0,0.77,62.566473988439306,1.01,0.185,0.544973544973545
5526,20.6,28.6,2.6,0.0,0.0,SSE,37.0,NW,NNE,17.0,13.0,99.0,90.0,1012.8,1011.0,0.0,0.0,24.2,23.3,Yes,0.0,0.91,62.566473988439306,1.44,0.185,0.8609271523178808
5527,20.5,25.7,7.0,0.0,0.0,NNW,31.0,SE,N,9.0,17.0,97.0,99.0,1012.5,1007.4,0.0,0.0,23.7,22.9,Yes,0.0,1.02,62.566473988439306,1.58,0.185,0.8900523560209425
5528,22.2,27.8,0.2,0.0,0.0,S,39.0,W,N,13.0,11.0,71.0,81.0,1008.6,1008.6,0.0,0.0,25.4,26.0,No,0.0,1.14,62.566473988439306,1.29,0.185,0.7218543046357616
5535,21.5,29.0,0.0,0.0,0.0,NNE,35.0,NNE,NNE,17.0,13.0,76.0,77.0,1014.0,1012.4,0.0,0.0,26.3,25.3,No,0.0,1.01,62.566473988439306,1.23,0.185,0.437125748502994
5536,21.6,29.3,0.0,0.0,0.0,N,41.0,N,NNE,24.0,31.0,61.0,72.0,1013.0,1009.4,0.0,0.0,28.0,27.4,No,0.0,1.18,62.566473988439306,1.15,0.185,0.23243243243243245
5537,22.4,26.4,4.8,0.0,0.0,SE,63.0,N,SSE,11.0,46.0,99.0,81.0,1013.0,1014.3,0.0,0.0,23.7,22.8,Yes,0.0,0.82,62.566473988439306,1.29,0.185,0.8387096774193549
5540,22.3,33.3,0.0,0.0,0.0,SSE,39.0,NW,N,20.0,22.0,59.0,81.0,1011.4,1008.7,0.0,0.0,28.9,25.1,No,0.0,1.37,62.566473988439306,1.29,0.185,0.5
5541,22.5,28.8,0.0,0.0,0.0,SSE,57.0,SSE,SE,28.0,39.0,68.0,76.0,1015.0,1015.8,0.0,0.0,27.3,24.4,No,0.0,1.12,62.566473988439306,1.21,0.185,0.6176470588235294
5542,21.4,29.5,0.0,0.0,0.0,SSE,35.0,SSE,ESE,28.0,20.0,66.0,73.0,1018.5,1016.5,0.0,0.0,27.2,25.6,No,0.0,1.11,62.566473988439306,1.17,0.185,0.23243243243243245
5544,20.0,26.9,10.2,0.0,0.0,SSE,33.0,SSE,ENE,28.0,17.0,100.0,85.0,1017.0,1015.8,0.0,0.0,21.0,24.1,Yes,0.0,0.85,62.566473988439306,1.36,0.185,0.7237569060773481
5545,19.4,28.2,2.2,0.0,0.0,ENE,33.0,SE,NE,9.0,20.0,80.0,99.0,1017.2,1015.6,0.0,0.0,26.5,21.6,Yes,0.0,1.24,62.566473988439306,1.58,0.185,0.8900523560209425
5546,19.4,29.2,2.0,0.0,0.0,ENE,30.0,SSE,E,13.0,17.0,75.0,69.0,1016.5,1014.4,0.0,0.0,26.9,27.4,Yes,0.0,0.92,62.566473988439306,1.1,0.185,0.23684210526315788
5548,21.0,29.6,1.2,0.0,0.0,NNE,41.0,NNE,NNE,20.0,33.0,78.0,70.0,1012.5,1008.5,0.0,0.0,27.3,28.5,Yes,0.0,0.9,62.566473988439306,1.12,0.185,0.45652173913043476
5549,22.4,30.2,0.0,0.0,0.0,NNE,39.0,NNW,NNE,20.0,33.0,66.0,78.0,1008.1,1005.5,0.0,0.0,28.3,28.7,No,0.0,1.18,62.566473988439306,1.25,0.185,0.437125748502994
5550,24.9,30.8,0.0,0.0,0.0,NNE,41.0,N,N,20.0,33.0,74.0,81.0,1006.3,1003.1,0.0,0.0,29.3,27.8,No,0.0,1.09,62.566473988439306,1.29,0.185,0.5
5554,19.4,23.7,1.0,3.4,0.0,SSE,26.0,S,WSW,9.0,13.0,95.0,90.0,1018.8,1015.5,8.0,8.0,19.5,21.9,No,1.0,0.95,55.49171270718232,1.62,0.105,0.5209580838323353
5555,17.4,28.0,2.4,0.4,0.0,NE,28.0,0,NNW,0.0,15.0,80.0,58.0,1017.5,1013.8,1.0,6.0,23.4,26.6,Yes,6.0,0.72,55.49171270718232,1.05,0.105,0.3755274261603376
5560,13.9,27.1,0.0,6.2,0.0,ENE,31.0,S,ENE,11.0,20.0,74.0,57.0,1019.9,1016.4,8.0,7.0,20.1,24.8,No,0.88,0.77,55.49171270718232,1.03,0.105,0.22767857142857142
5564,20.7,23.7,0.0,7.2,0.0,SSW,54.0,SSE,S,19.0,26.0,44.0,64.0,1020.7,1018.0,8.0,8.0,21.7,17.3,No,1.0,1.45,55.49171270718232,1.15,0.105,0.31208053691275167
5565,11.3,17.3,31.6,4.6,0.0,SW,43.0,SW,SSW,19.0,33.0,91.0,82.0,1017.0,1014.3,8.0,7.0,14.9,14.6,Yes,0.88,0.9,55.49171270718232,1.48,0.105,0.3674698795180723
5568,18.6,25.8,2.4,2.4,0.0,NE,41.0,NE,ENE,30.0,9.0,84.0,79.0,1017.8,1015.6,7.0,7.0,22.6,24.3,Yes,1.0,0.94,55.49171270718232,1.42,0.105,0.64
5569,22.2,27.7,1.6,1.6,0.0,ESE,43.0,ESE,E,24.0,26.0,80.0,78.0,1017.5,1015.1,8.0,8.0,25.8,26.2,Yes,1.0,0.97,55.49171270718232,1.41,0.105,0.437125748502994
5570,21.6,27.0,7.4,2.8,0.0,ESE,43.0,ESE,E,28.0,24.0,82.0,71.0,1018.4,1016.1,7.0,8.0,23.8,25.9,Yes,1.14,0.87,55.49171270718232,1.28,0.105,0.23684210526315788
5576,17.2,26.8,0.0,5.4,0.0,NE,28.0,E,NE,7.0,15.0,70.0,62.0,1017.6,1014.3,0.0,7.0,23.0,26.5,No,0.0,0.89,55.49171270718232,1.12,0.105,0.22767857142857142
5593,15.4,26.7,0.0,4.6,0.0,NE,37.0,SSE,ENE,7.0,28.0,72.0,66.0,1021.0,1016.9,0.0,0.0,22.5,24.5,No,0.0,0.92,55.49171270718232,1.19,0.105,0.2396694214876033
5596,18.8,23.5,0.0,7.8,0.0,ESE,44.0,SE,SSE,19.0,17.0,56.0,69.0,1020.8,1018.6,7.0,8.0,22.3,20.9,No,1.14,1.23,55.49171270718232,1.24,0.105,0.31208053691275167
5597,17.7,24.6,4.2,3.2,0.0,SE,46.0,SE,ESE,15.0,28.0,77.0,66.0,1021.7,1018.2,8.0,8.0,19.8,22.8,Yes,1.0,0.86,55.49171270718232,1.19,0.105,0.23684210526315788
5624,21.8,27.7,0.0,4.8,0.0,ENE,37.0,ESE,ENE,22.0,30.0,91.0,63.0,1018.8,1015.2,8.0,1.0,22.6,27.2,Null,0.12,0.69,55.49171270718232,1.14,0.105,0.3755274261603376
5625,22.2,28.4,4.4,6.4,0.0,ENE,37.0,ENE,ENE,20.0,28.0,73.0,69.0,1017.8,1014.2,5.0,0.0,25.4,27.0,Yes,0.0,0.95,55.49171270718232,1.24,0.105,0.23684210526315788
5628,22.1,28.8,0.0,6.0,0.0,NE,35.0,E,E,17.0,20.0,68.0,83.0,1019.1,1015.7,8.0,8.0,26.2,24.5,No,1.0,1.22,55.49171270718232,1.5,0.105,0.5
5632,22.9,28.9,0.0,7.2,0.0,NE,30.0,ENE,ENE,15.0,19.0,68.0,69.0,1016.5,1013.3,8.0,8.0,26.5,27.0,No,1.0,1.01,55.49171270718232,1.24,0.105,0.22767857142857142
5635,24.0,30.3,0.2,7.4,0.0,NNE,43.0,NNW,NNE,17.0,28.0,64.0,55.0,1013.0,1008.5,8.0,0.0,27.8,28.5,No,0.0,0.86,55.49171270718232,0.99,0.105,0.2354948805460751
5638,22.8,32.1,0.0,8.6,0.0,ENE,31.0,WNW,NE,2.0,19.0,71.0,54.0,1015.1,1009.9,5.0,0.0,26.5,31.0,No,0.0,0.76,55.49171270718232,0.97,0.105,0.2354948805460751
5640,24.2,29.8,1.8,9.8,0.0,NNE,46.0,N,NNE,11.0,31.0,83.0,65.0,1011.5,1006.7,8.0,8.0,25.0,28.3,Yes,1.0,0.78,55.49171270718232,1.17,0.105,0.45652173913043476
5644,25.2,31.3,0.0,10.6,0.0,N,35.0,NNE,NNW,24.0,20.0,69.0,55.0,1013.3,1008.8,8.0,0.0,27.8,29.8,No,0.0,0.8,55.49171270718232,0.99,0.105,0.2354948805460751
5673,22.1,30.3,0.0,10.0,0.0,NE,31.0,NE,N,15.0,19.0,56.0,54.0,1011.8,1008.2,6.0,1.0,28.0,28.9,No,0.17,0.96,55.49171270718232,0.97,0.105,0.2354948805460751
5677,23.9,30.9,6.8,8.8,0.0,ENE,37.0,E,ENE,17.0,30.0,83.0,68.0,1013.5,1010.4,8.0,0.0,26.1,28.7,Yes,0.0,0.82,55.49171270718232,1.23,0.105,0.23684210526315788
5686,22.4,34.6,3.0,9.0,0.0,ENE,39.0,SW,ENE,17.0,20.0,43.0,35.0,1010.4,1007.1,8.0,0.0,28.6,33.0,Yes,0.0,0.81,55.49171270718232,0.63,0.105,0.23722627737226276
5699,24.2,32.5,0.0,12.0,0.0,ENE,44.0,E,ENE,20.0,35.0,59.0,52.0,1012.8,1009.9,7.0,0.0,28.6,30.7,No,0.0,0.88,55.49171270718232,0.94,0.105,0.2354948805460751
5700,0.0,32.2,0.0,11.2,0.0,0,0.0,E,NE,15.0,31.0,59.0,51.0,1012.9,1009.6,8.0,0.0,28.6,30.5,No,0.0,0.86,55.49171270718232,0.92,0.105,0.2354948805460751
5701,24.4,31.9,0.0,11.4,0.0,ENE,43.0,SE,ENE,13.0,33.0,53.0,52.0,1011.8,1008.5,7.0,0.0,28.4,29.7,No,0.0,0.98,55.49171270718232,0.94,0.105,0.2354948805460751
5712,26.8,33.8,0.0,10.4,0.0,ENE,48.0,ENE,ENE,20.0,37.0,61.0,48.0,1013.0,1010.4,6.0,2.0,30.3,31.2,No,0.33,0.79,55.49171270718232,0.86,0.105,0.2354948805460751
5713,23.9,30.1,5.4,11.8,0.0,E,48.0,ESE,E,28.0,26.0,63.0,55.0,1014.0,1011.7,8.0,8.0,28.3,28.7,Yes,1.0,0.87,55.49171270718232,0.99,0.105,0.21656050955414013
5714,23.7,32.0,1.6,7.0,0.0,E,57.0,ESE,ENE,22.0,30.0,70.0,55.0,1014.1,1012.6,6.0,8.0,27.2,30.0,Yes,1.33,0.79,55.49171270718232,0.99,0.105,0.21656050955414013
5715,23.2,29.7,15.4,8.8,0.0,E,39.0,ESE,E,28.0,22.0,79.0,66.0,1014.8,1012.0,8.0,8.0,25.9,28.5,Yes,1.0,0.84,55.49171270718232,1.19,0.105,0.23684210526315788
5716,23.5,30.7,3.0,4.2,0.0,ESE,35.0,E,ENE,17.0,24.0,85.0,63.0,1014.2,1010.6,8.0,6.0,25.7,30.1,Yes,0.75,0.74,55.49171270718232,1.14,0.105,0.3755274261603376
5719,25.3,31.9,1.2,9.2,0.0,ENE,33.0,NE,NE,15.0,24.0,67.0,67.0,1011.8,1008.3,7.0,8.0,29.4,29.6,Yes,1.14,1.0,55.49171270718232,1.21,0.105,0.45652173913043476
5725,25.8,32.5,0.0,11.4,0.0,NE,43.0,SE,E,22.0,33.0,82.0,50.0,1012.3,1010.2,8.0,0.0,28.7,31.4,No,0.0,0.61,55.49171270718232,0.9,0.105,0.2354948805460751
5730,25.6,32.8,0.0,0.0,0.0,NE,41.0,E,ENE,17.0,31.0,62.0,57.0,1005.8,1002.9,2.0,0.0,29.8,32.1,Null,0.0,0.92,55.49171270718232,1.03,0.105,0.23722627737226276
5731,26.1,33.5,2.2,5.356814357823893,0.0,NNE,37.0,W,N,11.0,17.0,65.0,57.0,1004.6,1002.3,7.0,0.0,29.9,31.8,Yes,0.0,0.88,55.49171270718232,1.03,0.105,0.23722627737226276
5732,6.1,14.2,2.6,0.0,0.0,WNW,24.0,NNE,W,6.0,7.0,90.0,69.0,1026.1,1025.8,0.0,0.0,9.1,14.2,Yes,0.0,0.77,49.11413043478261,1.4,0.283,0.22330097087378642
5735,9.6,11.5,0.2,0.0,0.0,W,43.0,N,SW,9.0,19.0,86.0,90.0,1015.0,1010.0,0.0,0.0,10.0,10.1,No,0.0,1.05,49.11413043478261,1.83,0.283,0.6990291262135923
5736,6.2,14.0,37.6,0.0,0.0,SSW,57.0,SW,SW,7.0,17.0,95.0,85.0,1016.8,1018.8,0.0,0.0,10.2,12.1,Yes,0.0,0.89,49.11413043478261,1.73,0.283,0.7237569060773481
5737,6.2,14.5,2.4,0.0,0.0,SW,24.0,0,S,0.0,7.0,97.0,75.0,1024.7,1023.4,0.0,0.0,9.0,13.7,Yes,0.0,0.77,49.11413043478261,1.53,0.283,0.3674698795180723
5738,5.4,14.7,1.6,0.0,0.0,W,22.0,0,WNW,0.0,9.0,93.0,65.0,1024.8,1021.6,0.0,0.0,7.7,13.4,Yes,0.0,0.7,49.11413043478261,1.32,0.283,0.22330097087378642
5739,3.1,14.4,0.0,0.0,0.0,WNW,17.0,0,W,0.0,6.0,81.0,66.0,1023.6,1022.5,0.0,0.0,7.6,13.3,No,0.0,0.81,49.11413043478261,1.34,0.283,0.2891566265060241
5741,10.7,15.9,6.6,0.0,0.0,NNE,46.0,NNE,N,17.0,20.0,64.0,67.0,1008.6,1004.6,0.0,0.0,13.5,15.0,Yes,0.0,1.05,49.11413043478261,1.36,0.283,0.45652173913043476
5742,10.4,15.8,1.4,0.0,0.0,NNW,44.0,NNW,NW,19.0,20.0,64.0,66.0,1005.5,1003.8,0.0,0.0,11.7,15.1,Yes,0.0,1.03,49.11413043478261,1.34,0.283,0.45652173913043476
5743,8.0,11.0,6.0,0.0,0.0,SW,70.0,W,W,22.0,30.0,62.0,60.0,1006.7,1011.0,0.0,0.0,9.8,9.4,Yes,0.0,0.97,49.11413043478261,1.22,0.283,0.6853146853146853
5744,6.4,13.8,7.0,0.0,0.0,W,48.0,SW,WSW,15.0,17.0,61.0,54.0,1026.9,1028.9,0.0,0.0,11.0,13.2,Yes,0.0,0.89,49.11413043478261,1.1,0.283,0.6853146853146853
5751,11.4,18.5,5.0,0.0,0.0,NE,22.0,NE,E,4.0,11.0,76.0,70.0,1020.4,1018.5,0.0,0.0,15.6,17.3,Yes,0.0,0.92,49.11413043478261,1.43,0.283,0.3869047619047619
5753,14.0,15.7,0.6,0.0,0.0,W,72.0,NW,NW,15.0,17.0,81.0,85.0,1004.4,1000.8,0.0,0.0,14.2,13.1,No,0.0,1.05,49.11413043478261,1.73,0.283,0.9321739130434783
5755,6.2,13.1,0.0,0.0,0.0,W,65.0,N,W,17.0,20.0,73.0,65.0,1008.6,1008.5,0.0,0.0,10.0,12.3,No,0.0,0.89,49.11413043478261,1.32,0.283,0.6691176470588235
5756,7.4,12.7,11.4,0.0,0.0,WSW,46.0,WNW,NW,15.0,20.0,75.0,87.0,1015.8,1012.2,0.0,0.0,12.0,12.4,Yes,0.0,1.16,49.11413043478261,1.77,0.283,0.8900523560209425
5757,8.1,11.8,8.8,0.0,0.0,NNW,46.0,N,NNW,7.0,13.0,82.0,82.0,1016.0,1010.5,0.0,0.0,9.4,10.6,Yes,0.0,1.0,49.11413043478261,1.67,0.283,0.3674698795180723
5761,9.2,17.4,0.0,0.0,0.0,N,44.0,N,N,17.0,13.0,48.0,57.0,1018.6,1013.8,0.0,0.0,14.0,16.1,No,0.0,1.19,49.11413043478261,1.16,0.283,0.3865546218487395
5762,12.0,16.8,3.8,0.0,0.0,N,26.0,NNE,N,9.0,13.0,87.0,74.0,1016.9,1012.5,0.0,0.0,13.5,16.4,Yes,0.0,0.85,49.11413043478261,1.51,0.283,0.3674698795180723
5763,11.8,13.9,11.0,0.0,0.0,SSW,44.0,WSW,SSW,9.0,11.0,94.0,79.0,1013.5,1014.8,0.0,0.0,12.7,12.5,Yes,0.0,0.84,49.11413043478261,1.61,0.283,0.640074211502783
5771,13.2,18.7,0.6,0.0,0.0,WSW,57.0,NE,WNW,9.0,19.0,70.0,78.0,1008.9,1007.7,0.0,0.0,14.0,12.6,No,0.0,1.11,49.11413043478261,1.59,0.283,0.8018018018018018
5772,9.1,15.0,3.6,0.0,0.0,NW,56.0,NW,W,17.0,31.0,78.0,74.0,1013.6,1013.6,0.0,0.0,11.6,13.2,Yes,0.0,0.95,49.11413043478261,1.51,0.283,0.640074211502783
5781,8.6,14.3,16.8,0.0,0.0,W,57.0,WNW,WNW,11.0,19.0,87.0,84.0,1011.3,1012.3,0.0,0.0,10.4,9.8,Yes,0.0,0.97,49.11413043478261,1.71,0.283,0.8609271523178808
5782,7.6,15.6,7.0,0.0,0.0,W,41.0,W,WSW,15.0,11.0,72.0,81.0,1019.1,1018.2,0.0,0.0,12.1,13.1,Yes,0.0,1.12,49.11413043478261,1.65,0.283,0.3674698795180723
5791,12.8,22.4,1.6,0.0,0.0,NE,46.0,NNE,NE,13.0,15.0,37.0,34.0,1016.3,1011.4,0.0,0.0,17.2,20.1,Yes,0.0,0.92,49.11413043478261,0.69,0.283,0.23722627737226276
5792,12.7,19.9,5.8,0.0,0.0,NW,35.0,NNE,NNW,9.0,15.0,96.0,64.0,1012.9,1010.6,0.0,0.0,13.7,18.9,Yes,0.0,0.67,49.11413043478261,1.3,0.283,0.6138613861386139
5793,11.9,16.8,1.0,0.0,0.0,SW,28.0,WNW,SW,11.0,13.0,80.0,79.0,1018.5,1017.7,0.0,0.0,14.3,15.2,No,0.0,0.99,49.11413043478261,1.61,0.283,0.334841628959276
5801,16.1,20.1,1.2,0.0,0.0,NNE,37.0,NE,NNE,6.0,15.0,67.0,68.0,1015.0,1010.2,0.0,0.0,17.6,19.9,Yes,0.0,1.01,49.11413043478261,1.38,0.283,0.3869047619047619
5802,10.7,16.7,30.4,0.0,0.0,SW,35.0,SW,WSW,17.0,19.0,77.0,65.0,1015.2,1015.6,0.0,0.0,13.1,16.3,Yes,0.0,0.84,49.11413043478261,1.32,0.283,0.3869047619047619
5805,10.8,12.9,0.0,0.0,0.0,ESE,26.0,ENE,ESE,4.0,6.0,80.0,82.0,1020.4,1018.6,0.0,0.0,12.6,11.9,No,0.0,1.02,49.11413043478261,1.67,0.283,0.334841628959276
5806,9.0,13.7,6.2,0.0,0.0,SW,35.0,N,WSW,6.0,17.0,76.0,96.0,1016.4,1011.4,0.0,0.0,11.0,9.5,Yes,0.0,1.26,49.11413043478261,1.95,0.283,0.8900523560209425
5807,8.6,11.9,15.6,0.0,0.0,WNW,61.0,WSW,WSW,30.0,26.0,84.0,92.0,1010.0,1008.6,0.0,0.0,9.0,10.6,Yes,0.0,1.1,49.11413043478261,1.87,0.283,0.9321739130434783
5811,7.8,13.8,2.4,0.0,0.0,SW,33.0,SW,SW,13.0,13.0,65.0,74.0,1017.6,1016.1,0.0,0.0,11.7,12.0,Yes,0.0,1.14,49.11413043478261,1.51,0.283,0.3674698795180723
5817,12.5,16.6,2.4,0.0,0.0,WSW,35.0,NNE,WSW,9.0,19.0,92.0,67.0,1006.9,1006.6,0.0,0.0,12.7,15.4,Yes,0.0,0.73,49.11413043478261,1.36,0.283,0.6138613861386139
5821,7.0,19.9,0.0,0.0,0.0,N,50.0,NE,ENE,15.0,19.0,38.0,61.0,1003.4,989.8,0.0,0.0,18.2,17.2,No,0.0,1.61,49.11413043478261,1.24,0.283,0.36585365853658536
5822,7.6,15.8,37.8,0.0,0.0,WSW,69.0,WSW,WSW,31.0,13.0,80.0,94.0,982.3,986.4,0.0,0.0,11.2,11.1,Yes,0.0,1.18,49.11413043478261,1.91,0.283,0.9321739130434783
5823,9.1,15.6,12.2,0.0,0.0,WSW,50.0,SW,SW,22.0,20.0,83.0,70.0,1002.5,1005.0,0.0,0.0,13.3,13.7,Yes,0.0,0.84,49.11413043478261,1.43,0.283,0.7596899224806202
5824,10.3,21.8,4.2,0.0,0.0,NNE,56.0,NW,NNW,11.0,13.0,55.0,42.0,1008.2,1004.6,0.0,0.0,13.4,19.6,Yes,0.0,0.76,49.11413043478261,0.86,0.283,0.3741496598639456
5825,12.9,20.7,0.0,0.0,0.0,N,44.0,NNW,WSW,11.0,15.0,35.0,56.0,996.1,996.7,0.0,0.0,19.8,17.7,No,0.0,1.6,49.11413043478261,1.14,0.283,0.36585365853658536
5826,7.7,15.0,27.6,0.0,0.0,W,54.0,WNW,W,19.0,24.0,95.0,76.0,1001.4,1004.8,0.0,0.0,9.1,12.0,Yes,0.0,0.8,49.11413043478261,1.55,0.283,0.640074211502783
5827,9.1,16.4,11.8,0.0,0.0,W,65.0,W,WSW,15.0,26.0,93.0,54.0,1008.3,1013.6,0.0,0.0,12.2,15.3,Yes,0.0,0.58,49.11413043478261,1.1,0.283,0.6853146853146853
5832,14.8,26.4,0.0,0.0,0.0,NNE,54.0,N,W,22.0,19.0,30.0,89.0,1002.3,1009.4,0.0,0.0,25.5,17.5,No,0.0,2.97,49.11413043478261,1.81,0.283,0.9321739130434783
5833,11.8,16.5,2.0,0.0,0.0,W,50.0,WSW,WSW,15.0,28.0,70.0,46.0,1015.5,1017.3,0.0,0.0,12.7,14.9,Yes,0.0,0.66,49.11413043478261,0.94,0.283,0.3741496598639456
5839,12.5,15.4,1.2,0.0,0.0,SW,44.0,NW,WSW,13.0,17.0,85.0,90.0,1005.4,1005.1,0.0,0.0,12.5,11.7,Yes,0.0,1.06,49.11413043478261,1.83,0.283,0.8900523560209425
5840,8.5,16.2,14.2,0.0,0.0,NW,43.0,W,W,17.0,17.0,56.0,67.0,1014.4,1014.4,0.0,0.0,14.4,14.2,Yes,0.0,1.2,49.11413043478261,1.36,0.283,0.3869047619047619
5841,10.0,15.4,4.2,0.0,0.0,WSW,59.0,WNW,SW,19.0,19.0,72.0,67.0,1015.3,1017.5,0.0,0.0,12.6,13.3,Yes,0.0,0.93,49.11413043478261,1.36,0.283,0.7596899224806202
5844,10.6,16.5,9.4,0.0,0.0,WSW,43.0,SW,WSW,9.0,22.0,88.0,46.0,1016.1,1017.5,0.0,0.0,11.9,15.5,Yes,0.0,0.52,49.11413043478261,0.94,0.283,0.22748815165876776
5865,13.9,32.0,0.0,0.0,0.0,SW,63.0,E,NE,11.0,13.0,29.0,31.0,1004.4,997.8,0.0,0.0,25.1,30.2,No,0.0,1.07,49.11413043478261,0.63,0.283,0.5476190476190477
5866,14.4,20.2,14.0,0.0,0.0,WSW,54.0,W,W,20.0,24.0,71.0,70.0,1003.2,1004.2,0.0,0.0,16.9,17.1,Yes,0.0,0.99,49.11413043478261,1.43,0.283,0.7596899224806202
5867,11.6,17.1,16.4,0.0,0.0,SSW,57.0,SW,SW,26.0,28.0,70.0,61.0,1009.0,1011.8,0.0,0.0,13.4,15.6,Yes,0.0,0.87,49.11413043478261,1.24,0.283,0.6853146853146853
5892,15.0,20.7,8.0,0.0,0.0,SW,57.0,WSW,SW,24.0,19.0,66.0,55.0,1008.3,1011.3,0.0,0.0,16.2,18.4,Yes,0.0,0.83,49.11413043478261,1.12,0.283,0.6853146853146853
5910,22.2,28.4,0.2,0.0,0.0,SE,48.0,NNE,W,7.0,13.0,76.0,61.0,1010.0,1007.8,0.0,0.0,22.3,28.1,No,0.0,0.8,49.11413043478261,1.24,0.283,0.36585365853658536
5911,21.1,29.9,5.8,0.0,0.0,NNE,54.0,NE,E,13.0,9.0,81.0,78.0,1005.7,1000.6,0.0,0.0,22.8,25.0,Yes,0.0,0.96,49.11413043478261,1.59,0.283,0.640074211502783
5912,22.5,30.1,61.2,0.0,0.0,NNE,63.0,NNW,SSW,13.0,9.0,89.0,60.0,998.5,1000.5,0.0,0.0,24.4,28.8,Yes,0.0,0.67,49.11413043478261,1.22,0.283,0.6853146853146853
5916,6.3,14.0,11.6,1.2,0.0,WSW,39.0,NW,WNW,13.0,20.0,84.0,78.0,1021.8,1021.5,8.0,7.0,9.4,13.0,Yes,0.88,0.93,65.59116022099448,1.19,0.42,0.3674698795180723
5917,7.9,15.5,3.2,1.0,0.0,W,39.0,NNW,WNW,9.0,19.0,94.0,87.0,1026.0,1024.9,0.0,8.0,11.3,13.6,Yes,0.0,0.93,65.59116022099448,1.33,0.42,0.7237569060773481
5918,9.8,13.4,3.4,1.0,0.0,NNW,37.0,NNW,NNW,28.0,26.0,96.0,86.0,1022.9,1019.5,8.0,4.0,11.4,12.9,Yes,0.5,0.9,65.59116022099448,1.31,0.42,0.7237569060773481
5919,8.4,10.2,2.4,0.6,0.0,N,37.0,N,NNE,17.0,15.0,84.0,92.0,1012.2,1008.5,8.0,8.0,9.3,9.8,Yes,1.0,1.1,65.59116022099448,1.4,0.42,0.8900523560209425
5920,5.7,13.9,2.2,0.4,0.0,S,22.0,0,S,0.0,15.0,96.0,68.0,1015.7,1016.4,8.0,1.0,8.6,12.7,Yes,0.12,0.71,65.59116022099448,1.04,0.42,0.3484848484848485
5921,7.1,13.4,1.2,1.2,0.0,S,43.0,S,S,19.0,24.0,85.0,75.0,1023.1,1023.1,4.0,8.0,11.3,11.5,Yes,2.0,0.88,65.59116022099448,1.14,0.42,0.4896907216494845
5925,4.5,11.3,2.6,1.4,0.0,NNE,72.0,NNE,NNE,35.0,41.0,88.0,86.0,1012.7,1004.4,7.0,8.0,9.5,10.5,Yes,1.14,0.98,65.59116022099448,1.31,0.42,0.9321739130434783
5926,8.8,13.5,5.2,0.8,0.0,N,70.0,N,NNW,35.0,33.0,88.0,91.0,995.1,996.2,8.0,8.0,9.4,12.5,Yes,1.0,1.03,65.59116022099448,1.39,0.42,0.9321739130434783
5927,6.2,8.2,28.8,1.2,0.0,W,104.0,WNW,W,24.0,43.0,89.0,88.0,994.7,1000.3,7.0,8.0,6.4,5.3,Yes,1.14,0.99,65.59116022099448,1.34,0.42,0.9321739130434783
5928,2.2,11.9,14.6,0.4,0.0,W,67.0,W,WSW,20.0,28.0,74.0,74.0,1021.0,1024.4,2.0,7.0,8.2,10.5,Yes,3.5,1.0,65.59116022099448,1.13,0.42,0.7555555555555555
5929,5.1,14.0,2.6,0.8,0.0,WNW,50.0,NNW,WNW,15.0,30.0,89.0,70.0,1029.3,1028.2,8.0,8.0,8.2,12.4,Yes,1.0,0.79,65.59116022099448,1.07,0.42,0.6853146853146853
5930,7.4,13.4,2.8,0.4,0.0,NNW,30.0,NW,NW,13.0,17.0,97.0,70.0,1032.0,1030.5,8.0,8.0,9.5,12.9,Yes,1.0,0.72,65.59116022099448,1.07,0.42,0.22330097087378642
5932,4.2,12.4,0.2,2.0,0.0,N,52.0,NNE,N,22.0,24.0,82.0,75.0,1024.9,1020.8,0.0,8.0,8.3,11.3,No,0.0,0.91,65.59116022099448,1.14,0.42,0.4896907216494845
5933,8.3,14.4,0.0,1.4,0.0,NW,41.0,N,NNW,17.0,24.0,72.0,85.0,1017.8,1016.6,7.0,8.0,11.3,13.4,No,1.14,1.18,65.59116022099448,1.3,0.42,0.87248322147651
5934,10.2,12.9,0.2,0.6,0.0,N,20.0,NNW,NNW,4.0,9.0,100.0,93.0,1021.4,1020.5,8.0,8.0,10.8,12.7,No,1.0,0.93,65.59116022099448,1.42,0.42,0.5209580838323353
5936,8.0,18.3,0.2,1.2,0.0,N,52.0,N,N,19.0,22.0,89.0,79.0,1013.2,1007.4,8.0,7.0,11.9,16.4,No,0.88,0.89,65.59116022099448,1.2,0.42,0.4563106796116505
5937,11.9,14.6,4.4,2.0,0.0,NW,80.0,NNW,W,31.0,28.0,87.0,76.0,996.1,995.1,8.0,8.0,13.1,12.4,Yes,1.0,0.87,65.59116022099448,1.16,0.42,0.8387096774193549
5938,6.7,11.1,8.6,3.0,0.0,WSW,61.0,WSW,W,28.0,24.0,51.0,70.0,1009.0,1011.2,1.0,8.0,8.5,8.7,Yes,8.0,1.37,65.59116022099448,1.07,0.42,0.6853146853146853
5939,3.3,8.8,3.6,1.6,0.0,N,52.0,N,NNW,28.0,24.0,79.0,99.0,1005.6,1000.5,8.0,8.0,7.5,7.4,Yes,1.0,1.25,65.59116022099448,1.51,0.42,0.6310679611650486
5940,5.3,12.3,9.2,1.2,0.0,WNW,91.0,N,WNW,19.0,44.0,88.0,74.0,1007.4,1003.1,3.0,8.0,8.5,9.3,Yes,2.67,0.84,65.59116022099448,1.13,0.42,0.8387096774193549
5941,2.5,9.7,11.8,1.8,0.0,N,52.0,N,N,17.0,19.0,89.0,93.0,1011.1,1005.4,7.0,8.0,6.2,7.7,Yes,1.14,1.04,65.59116022099448,1.42,0.42,0.6310679611650486
5942,6.1,12.2,17.4,0.4,0.0,SW,54.0,WSW,W,19.0,30.0,74.0,69.0,1018.0,1020.9,8.0,8.0,9.0,10.5,Yes,1.0,0.93,65.59116022099448,1.05,0.42,0.6853146853146853
5943,8.4,15.3,1.4,1.2,0.0,WNW,50.0,NNW,WNW,17.0,26.0,94.0,70.0,1024.7,1023.0,8.0,8.0,10.2,13.8,Yes,1.0,0.74,65.59116022099448,1.07,0.42,0.6853146853146853
5944,10.2,15.1,4.0,1.2,0.0,WNW,41.0,WSW,WNW,15.0,17.0,97.0,81.0,1021.9,1020.3,8.0,8.0,11.5,14.0,Yes,1.0,0.84,65.59116022099448,1.23,0.42,0.3674698795180723
5945,9.8,13.6,5.8,1.8,0.0,N,52.0,N,N,20.0,33.0,86.0,68.0,1017.5,1009.6,8.0,7.0,10.6,13.4,Yes,0.88,0.79,65.59116022099448,1.04,0.42,0.6853146853146853
5947,8.9,13.1,0.0,0.0,0.0,SSW,56.0,NNW,SW,11.0,20.0,96.0,90.0,1009.9,1013.1,8.0,8.0,10.5,9.8,No,1.0,0.94,65.59116022099448,1.37,0.42,0.5209580838323353
5948,5.7,13.3,1.4,0.0,0.0,SSW,48.0,SSW,SSW,15.0,20.0,84.0,86.0,1024.6,1024.4,8.0,8.0,9.2,11.3,Yes,1.0,1.02,65.59116022099448,1.31,0.42,0.9321739130434783
5949,4.5,13.8,1.2,0.0,0.0,S,50.0,S,S,15.0,15.0,76.0,78.0,1029.3,1029.0,0.0,8.0,10.5,10.7,Yes,0.0,1.03,65.59116022099448,1.19,0.42,0.4896907216494845
5955,8.9,15.8,1.6,0.0,0.0,NW,80.0,NNE,NNW,28.0,30.0,87.0,72.0,1007.3,1000.8,7.0,5.0,10.1,15.7,Yes,0.71,0.83,65.59116022099448,1.1,0.42,0.4396551724137931
5956,5.7,13.2,11.8,0.0,0.0,W,69.0,N,W,26.0,37.0,94.0,91.0,1006.7,1006.8,6.0,8.0,7.5,7.9,Yes,1.33,0.97,65.59116022099448,1.39,0.42,0.8609271523178808
5957,4.1,13.3,8.0,0.0,0.0,W,41.0,NNW,W,15.0,15.0,90.0,78.0,1019.3,1020.2,6.0,8.0,8.3,11.5,Yes,1.33,0.87,65.59116022099448,1.19,0.42,0.3674698795180723
5958,7.5,14.6,0.2,0.0,0.0,WSW,69.0,N,NW,24.0,28.0,86.0,96.0,1017.0,1014.9,7.0,8.0,10.1,9.8,No,1.14,1.12,65.59116022099448,1.46,0.42,0.9321739130434783
5959,5.0,15.4,3.8,0.0,0.0,WNW,52.0,NNW,WNW,17.0,31.0,92.0,77.0,1020.9,1020.2,5.0,8.0,9.8,13.8,Yes,1.6,0.84,65.59116022099448,1.17,0.42,0.7555555555555555
5960,6.5,15.0,1.2,0.0,0.0,W,37.0,N,WNW,17.0,22.0,97.0,64.0,1027.1,1026.6,8.0,8.0,9.7,13.7,Yes,1.0,0.66,65.59116022099448,0.98,0.42,0.22330097087378642
5964,8.6,12.8,0.0,0.0,0.0,WNW,72.0,NNW,NW,13.0,24.0,89.0,69.0,1005.9,1006.1,7.0,2.0,9.5,10.7,Null,0.29,0.78,65.59116022099448,1.05,0.42,0.6853146853146853
5965,4.7,13.7,11.4,0.0,0.0,WSW,56.0,W,NW,39.0,26.0,74.0,83.0,1012.8,1012.2,5.0,8.0,7.8,11.1,Yes,1.6,1.12,65.59116022099448,1.27,0.42,0.640074211502783
5966,7.8,12.9,18.6,0.0,0.0,NW,37.0,N,NW,19.0,19.0,97.0,81.0,1014.5,1012.4,8.0,6.0,9.5,12.3,Yes,0.75,0.84,65.59116022099448,1.23,0.42,0.640074211502783
5967,7.0,14.2,6.4,0.0,0.0,S,30.0,NW,S,13.0,20.0,95.0,73.0,1013.4,1012.9,7.0,2.0,8.9,13.1,Yes,0.29,0.77,65.59116022099448,1.11,0.42,0.640074211502783
5975,10.9,14.1,5.0,0.0,0.0,N,50.0,NNE,N,24.0,22.0,94.0,93.0,1013.8,1010.1,8.0,8.0,11.6,13.3,Yes,1.0,0.99,65.59116022099448,1.42,0.42,0.9321739130434783
5976,11.1,16.2,1.6,0.0,0.0,WNW,44.0,NW,W,17.0,24.0,83.0,73.0,1014.1,1014.2,8.0,4.0,12.9,14.4,Yes,0.5,0.88,65.59116022099448,1.11,0.42,0.4396551724137931
5977,9.6,15.7,0.6,0.0,0.0,SW,28.0,NNE,S,11.0,22.0,77.0,86.0,1018.1,1015.0,1.0,8.0,13.6,12.9,No,8.0,1.12,65.59116022099448,1.31,0.42,0.8900523560209425
5978,5.5,16.3,0.8,0.0,0.0,E,30.0,E,S,19.0,6.0,79.0,53.0,1012.9,1008.6,0.0,3.0,11.5,15.4,No,0.0,0.67,65.59116022099448,0.81,0.42,0.35514018691588783
5979,5.3,13.3,0.0,0.0,0.0,W,59.0,NNW,W,19.0,28.0,80.0,73.0,1009.3,1010.1,0.0,4.0,11.7,12.4,No,0.0,0.91,65.59116022099448,1.11,0.42,0.4396551724137931
5983,7.7,20.7,0.0,0.0,0.0,NNE,50.0,NE,NNE,22.0,28.0,73.0,100.0,1026.2,1020.6,0.0,1.0,14.2,20.1,No,0.0,1.37,65.59116022099448,1.52,0.42,0.9321739130434783
5984,14.2,14.8,0.0,0.0,0.0,NNE,65.0,N,NNW,22.0,17.0,78.0,97.0,1015.2,1012.0,8.0,8.0,14.8,13.6,No,1.0,1.24,65.59116022099448,1.48,0.42,0.9321739130434783
5985,11.2,15.1,53.2,0.0,0.0,SW,43.0,SW,WSW,24.0,28.0,82.0,91.0,1009.8,1011.7,8.0,8.0,13.8,11.8,Yes,1.0,1.11,65.59116022099448,1.39,0.42,0.8900523560209425
5986,5.8,14.1,4.0,0.0,0.0,W,35.0,WSW,W,19.0,17.0,78.0,64.0,1019.5,1018.2,8.0,8.0,11.5,13.0,Yes,1.0,0.82,65.59116022099448,0.98,0.42,0.3869047619047619
5987,8.4,15.5,0.8,0.0,0.0,W,39.0,NNW,WSW,20.0,26.0,94.0,83.0,1018.7,1017.2,8.0,8.0,11.4,12.2,No,1.0,0.88,65.59116022099448,1.27,0.42,0.5
5988,5.2,14.2,2.8,0.0,0.0,SSE,30.0,S,SSE,9.0,17.0,64.0,71.0,1022.0,1020.9,0.0,8.0,11.5,10.9,Yes,0.0,1.11,65.59116022099448,1.08,0.42,0.3869047619047619
5989,6.7,13.0,0.0,0.0,0.0,ESE,37.0,SE,ESE,20.0,17.0,86.0,77.0,1017.9,1012.4,8.0,8.0,9.4,12.0,No,1.0,0.9,65.59116022099448,1.17,0.42,0.4563106796116505
5990,8.7,11.4,4.6,0.0,0.0,S,37.0,N,WNW,11.0,13.0,91.0,95.0,1003.4,1001.6,8.0,8.0,9.5,10.3,Yes,1.0,1.04,65.59116022099448,1.45,0.42,0.8900523560209425
5991,7.8,13.2,4.8,0.0,0.0,SSW,43.0,SW,SW,28.0,22.0,78.0,72.0,1012.0,1012.8,8.0,6.0,11.1,11.2,Yes,0.75,0.92,65.59116022099448,1.1,0.42,0.640074211502783
5993,6.8,19.0,0.2,0.0,0.0,NNW,50.0,N,NW,22.0,17.0,60.0,60.0,1013.3,1011.0,8.0,8.0,13.5,15.8,No,1.0,1.0,65.59116022099448,0.91,0.42,0.2354948805460751
5994,6.0,13.6,2.6,0.0,0.0,SSW,44.0,SW,SSW,24.0,28.0,76.0,69.0,1014.8,1013.5,8.0,8.0,8.8,10.8,Yes,1.0,0.91,65.59116022099448,1.05,0.42,0.3869047619047619
5995,5.0,14.1,0.0,0.0,0.0,N,39.0,NNW,N,19.0,24.0,70.0,58.0,1013.5,1009.8,7.0,8.0,10.4,12.7,No,1.14,0.83,65.59116022099448,0.88,0.42,0.2354948805460751
5996,7.1,17.9,0.0,0.0,0.0,N,39.0,N,NNW,20.0,17.0,60.0,56.0,1010.3,1008.3,8.0,8.0,14.0,16.8,No,1.0,0.93,65.59116022099448,0.85,0.42,0.2354948805460751
5997,9.3,12.7,4.0,0.0,0.0,SSW,52.0,S,SSW,31.0,30.0,91.0,63.0,1013.5,1014.9,8.0,8.0,10.7,11.4,Yes,1.0,0.69,65.59116022099448,0.96,0.42,0.5294117647058824
5998,5.6,13.8,0.6,0.0,0.0,S,28.0,SSE,S,13.0,19.0,66.0,57.0,1021.0,1019.5,8.0,7.0,10.4,12.3,No,0.88,0.86,65.59116022099448,0.87,0.42,0.22767857142857142
5999,1.1,15.9,0.0,0.0,0.0,NE,28.0,NE,N,20.0,15.0,75.0,56.0,1016.0,1010.3,0.0,7.0,10.9,14.8,No,0.0,0.75,65.59116022099448,0.85,0.42,0.35514018691588783
6000,7.2,14.3,0.0,0.0,0.0,W,48.0,N,N,24.0,20.0,70.0,96.0,1004.9,1002.2,8.0,8.0,12.4,12.5,No,1.0,1.37,65.59116022099448,1.46,0.42,0.9321739130434783
6002,5.8,14.6,0.0,0.0,0.0,NW,59.0,N,NW,22.0,20.0,70.0,74.0,1010.4,1007.8,4.0,6.0,12.8,11.4,No,1.5,1.06,65.59116022099448,1.13,0.42,0.4396551724137931
6004,7.2,13.2,0.0,0.0,0.0,NW,52.0,NNE,ESE,31.0,11.0,71.0,74.0,985.1,984.9,8.0,7.0,10.7,12.0,Null,0.88,1.04,65.59116022099448,1.13,0.42,0.4563106796116505
6005,6.4,16.0,8.4,0.0,0.0,WSW,50.0,NNE,W,24.0,30.0,95.0,74.0,992.9,996.4,8.0,8.0,9.7,14.1,Yes,1.0,0.78,65.59116022099448,1.13,0.42,0.640074211502783
6006,9.5,15.4,3.6,0.0,0.0,W,48.0,NW,NNW,19.0,26.0,91.0,59.0,1005.3,1004.5,8.0,8.0,10.4,13.0,Yes,1.0,0.65,65.59116022099448,0.9,0.42,0.5294117647058824
6007,9.6,19.6,0.0,0.0,0.0,N,48.0,NNE,W,20.0,31.0,56.0,78.0,995.6,993.9,7.0,8.0,14.8,15.5,No,1.14,1.39,65.59116022099448,1.19,0.42,0.4563106796116505
6008,6.9,13.5,8.6,0.0,0.0,W,70.0,NNW,WNW,22.0,35.0,82.0,85.0,992.8,995.7,1.0,8.0,10.4,12.3,Yes,8.0,1.04,65.59116022099448,1.3,0.42,0.9321739130434783
6009,8.3,13.9,11.0,0.0,0.0,WNW,93.0,W,W,43.0,56.0,69.0,57.0,999.1,1005.1,8.0,8.0,12.6,13.1,Yes,1.0,0.83,65.59116022099448,0.87,0.42,0.5294117647058824
6010,8.5,15.6,4.4,0.0,0.0,NW,69.0,NW,WNW,37.0,43.0,72.0,72.0,1012.5,1013.8,6.0,8.0,13.3,14.9,Yes,1.33,1.0,65.59116022099448,1.1,0.42,0.8387096774193549
6012,12.7,17.5,0.0,0.0,0.0,NW,41.0,W,SW,22.0,22.0,81.0,72.0,1013.4,1015.2,1.0,8.0,15.2,15.8,No,8.0,0.89,65.59116022099448,1.1,0.42,0.4563106796116505
6014,11.5,19.6,0.6,0.0,0.0,NW,76.0,NE,NNW,44.0,35.0,55.0,100.0,1000.3,1000.6,7.0,7.0,16.2,16.2,No,1.0,1.82,65.59116022099448,1.52,0.42,0.9321739130434783
6015,9.0,13.8,4.6,0.0,0.0,0,0.0,W,W,33.0,46.0,99.0,50.0,1009.5,1011.0,5.0,4.0,11.5,12.5,Yes,0.8,0.51,65.59116022099448,0.76,0.42,0.22748815165876776
6016,5.9,13.7,2.8,0.0,0.0,W,50.0,SW,WSW,31.0,20.0,68.0,76.0,1018.9,1019.3,8.0,7.0,10.7,11.7,Yes,0.88,1.12,65.59116022099448,1.16,0.42,0.7555555555555555
6017,8.0,15.4,1.2,0.0,0.0,SW,46.0,WSW,SSW,28.0,31.0,89.0,66.0,1019.4,1020.7,5.0,8.0,11.5,14.5,Yes,1.6,0.74,65.59116022099448,1.01,0.42,0.6138613861386139
6021,13.2,13.9,0.8,0.0,0.0,NNW,46.0,NNW,W,24.0,24.0,88.0,80.0,999.7,1001.7,8.0,8.0,13.2,13.2,No,1.0,0.91,65.59116022099448,1.22,0.42,0.5
6022,5.7,14.0,5.2,0.0,0.0,NW,56.0,NW,NW,20.0,26.0,75.0,84.0,1008.7,1007.6,8.0,8.0,11.3,12.3,Yes,1.0,1.12,65.59116022099448,1.28,0.42,0.9321739130434783
6026,9.2,14.3,4.4,0.0,0.0,WNW,57.0,W,SW,15.0,31.0,88.0,54.0,1012.9,1014.8,8.0,8.0,9.3,12.3,Yes,1.0,0.61,65.59116022099448,0.82,0.42,0.5294117647058824
6027,3.9,14.3,1.2,0.0,0.0,SSE,54.0,SSW,S,28.0,24.0,59.0,55.0,1024.4,1026.2,2.0,7.0,10.3,11.3,Yes,3.5,0.93,65.59116022099448,0.84,0.42,0.5294117647058824
6031,10.1,16.4,2.4,0.0,0.0,0,0.0,WSW,W,17.0,22.0,83.0,51.0,1012.9,1015.1,7.0,4.0,11.8,15.8,Yes,0.57,0.61,65.59116022099448,0.78,0.42,0.22748815165876776
6034,3.8,24.4,0.0,0.0,0.0,NNE,37.0,NNE,NNE,13.0,19.0,79.0,37.0,1016.3,1008.8,0.0,0.0,13.8,23.5,No,0.0,0.47,65.59116022099448,0.56,0.42,0.35514018691588783
6036,5.2,15.6,7.0,0.0,0.0,W,56.0,W,WNW,28.0,35.0,80.0,53.0,1013.3,1013.1,6.0,8.0,11.6,14.5,Yes,1.33,0.66,65.59116022099448,0.81,0.42,0.5357142857142857
6037,7.3,15.8,2.6,0.0,0.0,W,54.0,W,W,26.0,33.0,88.0,62.0,1011.7,1012.1,5.0,8.0,12.3,13.9,Yes,1.6,0.7,65.59116022099448,0.95,0.42,0.5357142857142857
6038,9.3,14.5,0.0,0.0,0.0,W,48.0,NW,W,15.0,28.0,86.0,73.0,1017.2,1017.1,8.0,8.0,11.4,14.0,No,1.0,0.85,65.59116022099448,1.11,0.42,0.4563106796116505
6040,5.1,22.5,0.0,0.0,0.0,WNW,72.0,NNW,WNW,30.0,39.0,75.0,69.0,1009.9,1007.9,1.0,8.0,15.4,17.1,No,8.0,0.92,65.59116022099448,1.05,0.42,0.6691176470588235
6041,7.9,15.5,1.4,0.0,0.0,WSW,70.0,SW,W,31.0,31.0,67.0,64.0,1015.4,1015.4,8.0,8.0,13.2,14.2,Yes,1.0,0.96,65.59116022099448,0.98,0.42,0.3741496598639456
6042,11.5,18.2,0.0,0.0,0.0,W,44.0,W,NW,20.0,26.0,81.0,77.0,1013.9,1010.6,8.0,8.0,13.4,16.6,No,1.0,0.95,65.59116022099448,1.17,0.42,0.4563106796116505
6043,8.6,14.7,0.2,0.0,0.0,WSW,37.0,WSW,SW,17.0,20.0,83.0,90.0,1003.3,1005.1,8.0,8.0,12.8,13.2,No,1.0,1.08,65.59116022099448,1.37,0.42,0.87248322147651
6045,2.1,17.8,0.0,0.0,0.0,S,31.0,SSE,SSW,4.0,15.0,92.0,67.0,1014.8,1012.6,5.0,7.0,11.8,16.3,No,1.4,0.73,65.59116022099448,1.02,0.42,0.22767857142857142
6046,5.6,18.6,0.0,0.0,0.0,SSE,35.0,SE,S,9.0,20.0,75.0,69.0,1013.7,1012.2,8.0,8.0,13.5,17.7,No,1.0,0.92,65.59116022099448,1.05,0.42,0.22767857142857142
6047,4.4,24.7,0.0,0.0,0.0,ESE,39.0,E,E,24.0,26.0,75.0,54.0,1010.9,1003.6,0.0,7.0,14.3,23.8,No,0.0,0.72,65.59116022099448,0.82,0.42,0.35514018691588783
6048,11.2,17.4,1.4,0.0,0.0,NW,65.0,NNW,NW,28.0,41.0,87.0,100.0,995.5,995.2,8.0,8.0,15.6,12.6,Yes,1.0,1.15,65.59116022099448,1.52,0.42,0.9321739130434783
6049,10.5,14.6,32.8,0.0,0.0,WSW,72.0,SW,SW,41.0,41.0,0.0,95.0,997.7,1003.1,7.0,8.0,11.9,13.8,Yes,1.14,0.0,65.59116022099448,1.45,0.42,0.8609271523178808
6050,9.9,16.0,5.6,0.0,0.0,SSW,41.0,SW,SW,24.0,20.0,96.0,76.0,1015.7,1017.5,7.0,8.0,12.7,14.5,Yes,1.14,0.79,65.59116022099448,1.16,0.42,0.640074211502783
6052,8.7,23.8,0.2,0.0,0.0,NE,26.0,E,NE,11.0,7.0,97.0,67.0,1024.2,1020.8,8.0,0.0,12.8,21.7,No,0.0,0.69,65.59116022099448,1.02,0.42,0.2891566265060241
6055,4.6,22.1,0.0,0.0,0.0,S,33.0,ESE,S,11.0,19.0,80.0,68.0,1020.6,1018.6,2.0,0.0,14.7,21.1,No,0.0,0.85,65.59116022099448,1.04,0.42,0.2891566265060241
6065,6.0,20.9,0.0,0.0,0.0,SSW,44.0,SE,SSW,17.0,26.0,74.0,63.0,1013.5,1011.9,1.0,0.0,15.9,19.2,No,0.0,0.85,65.59116022099448,0.96,0.42,0.3865546218487395
6067,3.7,22.9,0.0,0.0,0.0,W,43.0,ESE,N,7.0,9.0,78.0,54.0,1009.8,1006.4,8.0,4.0,15.2,22.7,No,0.5,0.69,65.59116022099448,0.82,0.42,0.2354948805460751
6070,7.2,29.4,0.0,0.0,0.0,NNW,76.0,NNE,N,15.0,28.0,65.0,98.0,1007.2,1005.3,0.0,8.0,20.3,20.0,No,0.0,1.51,65.59116022099448,1.49,0.42,0.9321739130434783
6073,6.5,27.9,0.0,0.0,0.0,N,46.0,N,NNW,13.0,20.0,78.0,32.0,1014.5,1009.0,0.0,0.0,16.5,25.2,No,0.0,0.41,65.59116022099448,0.49,0.42,0.3586206896551724
6074,12.7,16.9,5.6,0.0,0.0,W,78.0,WNW,WSW,44.0,43.0,71.0,73.0,999.4,1003.9,8.0,8.0,15.1,15.1,Yes,1.0,1.03,65.59116022099448,1.11,0.42,0.8387096774193549
6079,16.5,28.5,0.0,0.0,0.0,NW,61.0,N,NW,24.0,35.0,36.0,37.0,1005.0,1004.4,8.0,8.0,24.1,27.5,No,1.0,1.03,65.59116022099448,0.56,0.42,0.5476190476190477
6082,5.1,25.9,0.0,0.0,0.0,W,37.0,NNE,WSW,11.0,26.0,76.0,36.0,1011.1,1007.0,0.0,0.0,15.1,24.2,No,0.0,0.47,65.59116022099448,0.55,0.42,0.35514018691588783
6085,8.5,29.2,0.0,0.0,0.0,N,59.0,N,W,28.0,20.0,34.0,69.0,1010.1,1009.0,0.0,7.0,21.5,17.8,No,0.0,2.03,65.59116022099448,1.05,0.42,0.6691176470588235
6086,9.0,21.2,1.4,0.0,0.0,WNW,52.0,W,W,30.0,35.0,75.0,78.0,1010.4,1011.1,8.0,8.0,15.6,16.2,Yes,1.0,1.04,65.59116022099448,1.19,0.42,0.4563106796116505
6092,14.5,23.8,0.2,0.0,0.0,ESE,35.0,E,E,13.0,20.0,98.0,0.0,1009.0,1005.1,8.0,8.0,18.6,22.3,No,1.0,0.0,65.59116022099448,0.0,0.42,0.3010752688172043
6093,18.5,28.9,33.6,0.0,0.0,NNW,81.0,NNE,NW,43.0,43.0,0.0,96.0,991.2,998.1,8.0,8.0,22.6,26.7,Yes,1.0,0.0,65.59116022099448,1.46,0.42,0.8609271523178808
6094,16.3,30.1,8.8,0.0,0.0,NW,48.0,NNE,NNW,13.0,22.0,92.0,45.0,1003.2,1001.3,8.0,0.0,19.3,28.5,Yes,0.0,0.49,65.59116022099448,0.69,0.42,0.5357142857142857
6095,14.8,22.0,0.0,0.0,0.0,W,54.0,WNW,W,30.0,31.0,79.0,69.0,1001.7,1002.9,7.0,8.0,19.2,20.3,No,1.14,0.87,65.59116022099448,1.05,0.42,0.5362318840579711
6096,13.4,20.7,0.6,0.0,0.0,WNW,31.0,W,WNW,13.0,17.0,0.0,80.0,1007.0,1006.7,0.0,8.0,15.6,19.6,No,0.0,0.0,65.59116022099448,1.22,0.42,0.5
6097,5.4,12.5,2.6,2.9,3.0,W,33.0,WSW,WSW,9.0,19.0,99.0,82.0,1026.2,1025.8,7.0,0.0,7.7,11.5,Yes,0.0,0.83,50.74863387978142,1.62,0.306,0.3674698795180723
6099,6.3,14.2,0.0,0.4,6.2,WNW,30.0,NNW,WNW,9.0,17.0,78.0,67.0,1027.3,1022.2,7.0,0.0,9.4,12.4,No,0.0,0.86,50.74863387978142,1.32,0.306,0.2891566265060241
6100,6.4,11.3,0.0,2.3,0.4,WSW,48.0,NW,W,13.0,22.0,76.0,95.0,1015.2,1010.1,8.0,0.0,9.6,8.1,No,0.0,1.25,50.74863387978142,1.87,0.306,0.9321739130434783
6101,6.3,13.8,0.0,0.0,3.9,WSW,31.0,0,SW,0.0,15.0,99.0,80.0,1024.6,1023.2,0.0,0.0,7.0,11.5,Null,0.0,0.81,50.74863387978142,1.58,0.306,0.334841628959276
6102,5.7,11.3,3.9,0.1,0.1,SE,26.0,E,SE,7.0,9.0,81.0,67.0,1024.8,1021.4,7.0,0.0,8.6,10.9,Yes,0.0,0.83,50.74863387978142,1.32,0.306,0.22330097087378642
6103,0.7,12.7,0.1,0.1,7.9,SSW,20.0,NNE,SSW,6.0,11.0,95.0,71.0,1023.5,1022.5,1.0,0.0,5.5,11.1,No,0.0,0.75,50.74863387978142,1.4,0.306,0.2891566265060241
6104,2.4,11.0,0.0,0.1,2.0,NE,43.0,NE,NE,15.0,20.0,81.0,72.0,1024.4,1019.3,5.0,0.0,8.7,10.7,No,0.0,0.89,50.74863387978142,1.42,0.306,0.4896907216494845
6105,8.6,13.5,10.8,2.8,1.4,NNE,59.0,NNE,N,31.0,11.0,81.0,87.0,1010.3,1005.8,6.0,0.0,10.1,12.0,Yes,0.0,1.07,50.74863387978142,1.71,0.306,0.9321739130434783
6106,8.5,13.2,1.2,1.2,7.5,WNW,83.0,WNW,NW,50.0,43.0,69.0,74.0,1003.8,1003.7,2.0,0.0,10.0,12.1,Yes,0.0,1.07,50.74863387978142,1.46,0.306,0.6176470588235294
6107,5.4,8.7,12.3,4.3,5.5,W,80.0,WNW,WSW,39.0,50.0,83.0,82.0,1007.2,1011.4,6.0,0.0,5.5,5.3,Yes,0.0,0.99,50.74863387978142,1.62,0.306,0.8387096774193549
6108,3.8,11.7,3.3,2.9,7.2,WSW,54.0,W,WSW,19.0,26.0,88.0,61.0,1026.8,1028.8,3.0,0.0,6.8,10.2,Yes,0.0,0.69,50.74863387978142,1.2,0.306,0.6853146853146853
6113,3.9,17.4,0.0,2.8,7.0,WNW,43.0,WNW,WNW,13.0,22.0,74.0,66.0,1021.5,1019.4,6.0,0.0,13.5,16.9,No,0.0,0.89,50.74863387978142,1.3,0.306,0.2396694214876033
6114,4.6,17.1,0.0,2.2,4.3,SE,33.0,ENE,E,7.0,9.0,71.0,65.0,1021.9,1019.9,4.0,0.0,12.4,15.4,No,0.0,0.92,50.74863387978142,1.28,0.306,0.2891566265060241
6115,10.6,13.6,0.0,1.4,0.4,ESE,30.0,ENE,ENE,13.0,13.0,92.0,92.0,1021.3,1019.3,7.0,0.0,11.8,13.3,No,0.0,1.0,50.74863387978142,1.81,0.306,0.6296296296296297
6116,7.8,22.0,0.0,0.0,7.0,NW,41.0,ENE,NW,7.0,22.0,95.0,58.0,1015.4,1010.4,3.0,0.0,12.4,20.8,No,0.0,0.61,50.74863387978142,1.14,0.306,0.36585365853658536
6117,12.2,15.3,2.1,4.3,1.8,W,85.0,WNW,W,28.0,33.0,81.0,92.0,1005.0,1001.5,7.0,0.0,12.5,10.2,Yes,0.0,1.14,50.74863387978142,1.81,0.306,0.9321739130434783
6118,7.1,11.7,8.8,3.6,5.3,W,72.0,SW,W,9.0,19.0,93.0,57.0,1014.3,1015.0,6.0,0.0,8.5,10.4,Yes,0.0,0.61,50.74863387978142,1.12,0.306,0.6853146853146853
6119,3.6,10.5,0.4,1.0,5.1,W,69.0,NW,WNW,28.0,41.0,75.0,72.0,1009.1,1008.7,3.0,0.0,8.9,10.0,No,0.0,0.96,50.74863387978142,1.42,0.306,0.6176470588235294
6120,6.5,11.8,6.1,3.0,4.2,WNW,67.0,WNW,WNW,28.0,39.0,84.0,92.0,1015.5,1013.0,2.0,0.0,8.5,10.2,Yes,0.0,1.1,50.74863387978142,1.81,0.306,0.9321739130434783
6121,4.9,10.8,6.2,3.0,2.5,W,69.0,NW,NW,17.0,30.0,84.0,74.0,1016.1,1011.4,6.0,0.0,7.2,10.0,Yes,0.0,0.88,50.74863387978142,1.46,0.306,0.7555555555555555
6122,7.2,11.7,8.8,2.4,4.4,W,54.0,WSW,0,15.0,0.0,79.0,0.0,1022.4,0.0,7.0,0.0,8.8,0.0,Yes,0.0,0.0,50.74863387978142,0.0,0.306,0.5294117647058824
6123,7.8,12.2,0.3,1.5,0.0,W,33.0,WNW,W,15.0,15.0,93.0,94.0,1029.8,1027.4,8.0,0.0,8.8,10.5,No,0.0,1.01,50.74863387978142,1.85,0.306,0.6296296296296297
6124,4.5,13.8,1.4,0.0,7.5,WSW,33.0,SE,W,7.0,20.0,89.0,70.0,1026.1,1023.4,0.0,0.0,9.0,13.3,Yes,0.0,0.79,50.74863387978142,1.38,0.306,0.22330097087378642
6126,9.2,15.0,1.6,2.0,0.8,N,30.0,NNE,N,9.0,7.0,99.0,72.0,1017.3,1013.4,7.0,0.0,11.6,14.2,Yes,0.0,0.73,50.74863387978142,1.42,0.306,0.437125748502994
6127,10.4,12.2,5.8,2.4,0.2,SW,43.0,WNW,SW,19.0,19.0,94.0,74.0,1013.3,1014.1,8.0,0.0,11.4,11.0,Yes,0.0,0.79,50.74863387978142,1.46,0.306,0.640074211502783
6135,11.9,18.4,0.0,0.0,6.2,WNW,74.0,NNW,W,20.0,33.0,55.0,66.0,1011.2,1006.6,0.0,0.0,13.9,15.2,No,0.0,1.2,50.74863387978142,1.3,0.306,0.6691176470588235
6136,6.9,13.6,0.0,6.8,7.8,WNW,72.0,WNW,WNW,41.0,46.0,87.0,71.0,1012.7,1012.6,6.0,0.0,8.8,12.2,No,0.0,0.82,50.74863387978142,1.4,0.306,0.56
6139,3.5,13.4,0.1,2.9,7.7,W,37.0,WSW,WSW,13.0,19.0,99.0,66.0,1025.4,1024.6,6.0,0.0,8.8,12.4,No,0.0,0.67,50.74863387978142,1.3,0.306,0.2396694214876033
6144,8.4,23.0,0.0,3.0,8.6,NNW,65.0,N,NNW,24.0,28.0,36.0,27.0,1012.6,1007.8,0.0,0.0,18.3,22.4,No,0.0,0.75,50.74863387978142,0.53,0.306,0.5620915032679739
6145,7.9,11.1,14.6,0.0,8.2,WSW,76.0,W,W,35.0,33.0,83.0,66.0,1010.9,1011.8,4.0,0.0,9.2,9.6,Yes,0.0,0.8,50.74863387978142,1.3,0.306,0.7596899224806202
6146,5.7,13.2,5.2,2.6,6.9,WNW,46.0,WNW,WNW,28.0,26.0,93.0,69.0,1019.0,1018.2,7.0,0.0,8.5,12.0,Yes,0.0,0.74,50.74863387978142,1.36,0.306,0.6138613861386139
6150,2.1,14.6,0.0,2.1,8.4,SE,35.0,0,SE,0.0,13.0,75.0,78.0,1016.4,1014.3,2.0,0.0,10.9,11.0,No,0.0,1.04,50.74863387978142,1.54,0.306,0.437125748502994
6155,9.1,18.2,2.0,5.0,1.5,NNE,67.0,NE,NNE,9.0,20.0,66.0,42.0,1017.8,1013.1,7.0,0.0,11.0,17.1,Yes,0.0,0.64,50.74863387978142,0.83,0.306,0.3741496598639456
6156,10.8,18.9,7.1,2.7,5.8,NE,46.0,NNE,WNW,6.0,20.0,96.0,67.0,1013.7,1011.1,8.0,0.0,12.1,18.4,Yes,0.0,0.7,50.74863387978142,1.32,0.306,0.6138613861386139
6157,10.1,15.8,6.6,3.5,4.8,W,46.0,W,W,24.0,20.0,89.0,72.0,1018.6,1017.5,7.0,0.0,11.9,14.4,Yes,0.0,0.81,50.74863387978142,1.42,0.306,0.3674698795180723
6158,8.9,17.0,1.4,2.7,6.5,SE,28.0,NE,ENE,11.0,11.0,90.0,49.0,1018.5,1013.3,6.0,0.0,11.3,16.3,Yes,0.0,0.54,50.74863387978142,0.97,0.306,0.22748815165876776
6160,7.4,13.1,0.8,1.8,4.3,W,57.0,WNW,WSW,30.0,33.0,95.0,67.0,1013.9,1015.7,8.0,0.0,9.6,11.0,No,0.0,0.71,50.74863387978142,1.32,0.306,0.2396694214876033
6161,6.1,13.6,3.0,2.4,0.4,W,30.0,WNW,W,2.0,13.0,90.0,65.0,1027.3,1026.5,8.0,0.0,10.0,13.3,Yes,0.0,0.72,50.74863387978142,1.28,0.306,0.22330097087378642
6162,3.6,18.2,0.2,1.8,10.0,NE,26.0,NE,NW,20.0,11.0,81.0,87.0,1030.1,1026.9,6.0,0.0,11.7,16.8,No,0.0,1.07,50.74863387978142,1.71,0.306,0.39520958083832336
6165,12.2,17.0,0.6,6.5,0.5,W,41.0,NNE,NNE,15.0,19.0,62.0,81.0,1015.6,1011.5,7.0,0.0,16.2,16.5,No,0.0,1.31,50.74863387978142,1.6,0.306,0.5
6166,9.1,14.8,28.6,2.4,6.2,WSW,43.0,WSW,WSW,15.0,28.0,93.0,67.0,1014.8,1014.7,8.0,0.0,9.5,14.6,Yes,0.0,0.72,50.74863387978142,1.32,0.306,0.6138613861386139
6167,8.2,12.0,3.6,1.4,1.3,WSW,31.0,WSW,SW,17.0,17.0,75.0,67.0,1022.5,1020.2,7.0,0.0,10.4,11.7,Yes,0.0,0.89,50.74863387978142,1.32,0.306,0.3869047619047619
6168,2.0,16.1,0.0,1.0,10.7,WNW,31.0,0,WSW,0.0,17.0,84.0,64.0,1021.0,1018.5,1.0,0.0,11.3,15.3,No,0.0,0.76,50.74863387978142,1.26,0.306,0.2891566265060241
6169,4.2,14.1,0.0,2.8,0.7,SSE,31.0,NE,SSE,19.0,13.0,87.0,79.0,1020.2,1017.7,8.0,0.0,10.5,13.1,No,0.0,0.91,50.74863387978142,1.56,0.306,0.334841628959276
6170,7.2,11.1,6.0,2.2,0.2,WNW,35.0,NE,NE,11.0,11.0,96.0,80.0,1015.9,1010.4,8.0,0.0,7.9,10.7,Yes,0.0,0.83,50.74863387978142,1.58,0.306,0.3674698795180723
6171,6.9,10.4,14.5,3.3,0.0,W,72.0,W,W,43.0,44.0,91.0,95.0,1008.7,1008.0,8.0,0.0,7.1,8.5,Yes,0.0,1.04,50.74863387978142,1.87,0.306,0.9321739130434783
6172,6.8,12.6,29.3,3.9,0.0,0,0.0,SW,WSW,20.0,22.0,89.0,65.0,1015.7,1014.6,7.0,0.0,9.9,11.7,Yes,0.0,0.73,50.74863387978142,1.28,0.306,0.3484848484848485
6175,4.3,12.2,5.0,3.8,4.6,WSW,35.0,SW,SW,19.0,22.0,72.0,71.0,1016.7,1015.0,6.0,0.0,8.6,11.1,Yes,0.0,0.99,50.74863387978142,1.4,0.306,0.3869047619047619
6176,2.7,14.5,0.2,2.8,5.3,NNW,41.0,N,NNW,13.0,17.0,83.0,52.0,1014.5,1010.2,7.0,0.0,8.4,14.0,No,0.0,0.63,50.74863387978142,1.02,0.306,0.36585365853658536
6177,5.1,16.5,0.0,2.4,1.3,WNW,52.0,SW,N,13.0,17.0,69.0,70.0,1010.2,1007.5,8.0,0.0,11.2,14.5,No,0.0,1.01,50.74863387978142,1.38,0.306,0.36585365853658536
6178,8.9,12.3,6.5,1.3,0.0,WSW,43.0,SW,WSW,20.0,28.0,79.0,64.0,1015.4,1016.9,7.0,0.0,10.1,10.8,Yes,0.0,0.81,50.74863387978142,1.26,0.306,0.3869047619047619
6179,1.2,12.2,0.0,2.2,2.4,WSW,19.0,WSW,SW,9.0,9.0,72.0,66.0,1021.7,1019.2,0.0,0.0,9.3,11.5,No,0.0,0.92,50.74863387978142,1.3,0.306,0.2891566265060241
6180,2.4,18.5,0.0,0.0,11.2,NE,33.0,NNE,N,19.0,19.0,69.0,50.0,1014.7,1008.7,2.0,0.0,11.5,17.8,No,0.0,0.72,50.74863387978142,0.99,0.306,0.35514018691588783
6181,7.2,16.0,3.5,4.9,3.0,WSW,39.0,NNW,W,6.0,22.0,93.0,86.0,1007.0,1006.0,8.0,0.0,11.5,13.0,Yes,0.0,0.92,50.74863387978142,1.69,0.306,0.8609271523178808
6185,3.7,16.1,0.0,3.8,4.0,NW,67.0,NE,ENE,26.0,26.0,53.0,84.0,1005.1,991.8,2.0,0.0,14.3,13.4,No,0.0,1.58,50.74863387978142,1.66,0.306,0.39520958083832336
6186,5.9,13.1,23.9,6.6,2.3,WNW,83.0,WNW,WNW,48.0,44.0,85.0,95.0,982.0,986.4,7.0,0.0,9.9,10.1,Yes,0.0,1.12,50.74863387978142,1.87,0.306,0.9321739130434783
6187,7.5,13.0,44.4,12.4,3.0,WNW,70.0,WNW,W,33.0,33.0,96.0,72.0,1001.5,1004.2,8.0,0.0,10.3,12.2,Yes,0.0,0.75,50.74863387978142,1.42,0.306,0.8387096774193549
6189,9.4,21.6,0.0,2.6,8.5,WNW,67.0,N,WSW,28.0,24.0,38.0,64.0,995.8,996.3,3.0,0.0,18.7,17.3,No,0.0,1.68,50.74863387978142,1.26,0.306,0.6691176470588235
6190,7.0,13.1,5.6,7.8,6.1,WNW,83.0,NW,WNW,30.0,43.0,84.0,68.0,1001.5,1003.4,8.0,0.0,8.7,11.3,Yes,0.0,0.81,50.74863387978142,1.34,0.306,0.7596899224806202
6191,7.6,14.0,4.0,4.9,3.2,WNW,72.0,NW,W,35.0,31.0,96.0,64.0,1007.6,1012.7,8.0,0.0,10.4,13.0,Yes,0.0,0.67,50.74863387978142,1.26,0.306,0.6853146853146853
6196,10.9,28.0,0.0,7.0,3.5,NW,76.0,N,W,30.0,30.0,43.0,89.0,1004.0,1009.2,7.0,0.0,21.3,17.4,No,0.0,2.07,50.74863387978142,1.75,0.306,0.9321739130434783
6197,8.9,13.8,2.2,4.7,5.2,SW,65.0,W,WSW,28.0,33.0,83.0,56.0,1014.8,1016.3,7.0,0.0,10.1,12.0,Yes,0.0,0.67,50.74863387978142,1.1,0.306,0.6853146853146853
6203,12.2,13.4,0.0,10.2,2.4,W,52.0,WNW,WNW,33.0,30.0,76.0,69.0,1004.9,1004.2,8.0,0.0,12.3,12.6,No,0.0,0.91,50.74863387978142,1.36,0.306,0.36585365853658536
6204,6.6,14.0,12.4,4.2,5.6,WNW,54.0,WNW,WNW,22.0,33.0,83.0,61.0,1013.9,1014.2,4.0,0.0,10.2,12.4,Yes,0.0,0.73,50.74863387978142,1.2,0.306,0.6853146853146853
6205,8.5,14.3,3.0,3.0,9.8,W,67.0,W,W,31.0,39.0,70.0,54.0,1014.0,1015.9,3.0,0.0,10.6,12.8,Yes,0.0,0.77,50.74863387978142,1.06,0.306,0.6853146853146853
6220,2.3,18.4,0.2,3.8,12.7,WNW,37.0,W,WSW,6.0,20.0,70.0,100.0,1019.3,1018.3,3.0,0.0,11.7,17.3,No,0.0,1.43,50.74863387978142,1.97,0.306,0.39520958083832336
6230,12.5,19.3,0.0,7.6,7.2,WNW,69.0,WNW,W,50.0,35.0,77.0,50.0,1002.2,1003.0,7.0,0.0,14.1,18.6,No,0.0,0.65,50.74863387978142,0.99,0.306,0.5620915032679739
6231,9.8,14.9,17.0,5.4,7.0,W,63.0,WSW,WSW,31.0,37.0,84.0,66.0,1007.8,1010.3,7.0,0.0,10.7,13.2,Yes,0.0,0.79,50.74863387978142,1.3,0.306,0.7596899224806202
6239,17.7,35.8,0.0,10.8,8.4,WNW,59.0,N,WSW,17.0,30.0,23.0,32.0,1006.9,1008.0,4.0,0.0,31.7,27.9,No,0.0,1.39,50.74863387978142,0.63,0.306,0.5620915032679739
6240,12.3,15.9,0.5,9.9,0.0,SE,33.0,SE,SSW,15.0,13.0,79.0,79.0,1016.8,1016.5,8.0,0.0,13.5,14.4,No,0.0,1.0,50.74863387978142,1.56,0.306,0.7218543046357616
6252,15.1,28.1,0.4,10.2,8.0,NW,59.0,WNW,N,20.0,9.0,67.0,72.0,1010.7,1005.9,8.0,0.0,21.4,23.5,No,0.0,1.07,50.74863387978142,1.42,0.306,0.8018018018018018
6261,14.7,36.9,0.0,12.0,7.2,NNW,65.0,NNW,WSW,22.0,28.0,20.0,22.0,1009.2,1006.4,7.0,0.0,32.0,33.2,No,0.0,1.1,50.74863387978142,0.43,0.306,0.5620915032679739
6262,14.2,19.6,1.2,11.8,0.3,SE,48.0,ESE,SSE,11.0,17.0,87.0,57.0,1014.5,1013.7,7.0,0.0,14.2,18.6,Yes,0.0,0.66,50.74863387978142,1.12,0.306,0.6853146853146853
6274,21.7,21.7,0.0,5.356814357823893,0.0,SE,61.0,WSW,NE,13.0,15.0,64.0,87.0,1010.1,1008.3,8.0,0.0,21.7,19.9,No,0.0,1.36,50.74863387978142,1.71,0.306,0.9321739130434783
6275,19.2,26.2,15.6,1.0,0.0,NNE,65.0,ENE,E,19.0,17.0,93.0,83.0,1006.3,1001.1,8.0,0.0,20.1,23.3,Yes,0.0,0.89,50.74863387978142,1.64,0.306,0.8387096774193549
6276,20.1,32.1,18.6,4.6,12.0,NE,80.0,NW,WSW,28.0,24.0,77.0,68.0,998.7,999.8,6.0,0.0,25.8,27.8,Yes,0.0,0.88,50.74863387978142,1.34,0.306,0.7596899224806202
6278,15.2,23.9,0.0,11.6,8.8,WNW,41.0,WNW,W,24.0,26.0,74.0,60.0,1004.7,1004.9,6.0,0.0,18.0,21.5,No,0.0,0.81,50.74863387978142,1.18,0.306,0.36585365853658536
6279,15.2,24.6,0.0,6.1,8.7,SW,41.0,SW,SW,17.0,19.0,72.0,51.0,1008.5,1006.5,7.0,0.0,17.5,23.6,No,0.0,0.71,50.74863387978142,1.0,0.306,0.2354948805460751
6283,8.6,15.4,2.4,0.0,0.0,SW,54.0,W,W,7.0,26.0,92.0,68.0,1017.2,1013.5,8.0,8.0,9.4,13.7,Yes,1.0,0.74,29.30857142857143,2.32,0.103,0.4793388429752066
6284,3.6,13.7,1.6,1.8,0.0,SW,56.0,WSW,SSW,19.0,30.0,84.0,40.0,1022.2,1021.4,0.0,0.0,6.9,13.4,Yes,0.0,0.48,29.30857142857143,1.36,0.103,0.4793388429752066
6289,8.6,18.9,2.6,2.4,0.0,NNE,57.0,N,NW,33.0,41.0,79.0,39.0,1010.7,1007.3,8.0,5.0,11.8,18.6,Yes,0.62,0.49,29.30857142857143,1.33,0.103,0.4793388429752066
6311,10.9,13.8,0.6,11.8,0.0,SSW,57.0,SSW,SSW,11.0,28.0,92.0,78.0,1015.4,1015.8,7.0,0.0,10.9,12.4,No,0.0,0.85,29.30857142857143,2.66,0.103,0.6176470588235294
6328,14.2,27.5,0.0,10.2,0.0,N,67.0,N,NNW,33.0,41.0,29.0,14.0,1015.0,1008.7,1.0,8.0,19.5,26.0,No,8.0,0.48,29.30857142857143,0.48,0.103,0.2184873949579832
6329,7.8,15.9,6.2,8.8,0.0,WSW,67.0,W,WSW,30.0,33.0,76.0,49.0,1016.8,1017.2,2.0,1.0,10.3,13.8,Yes,0.5,0.64,29.30857142857143,1.67,0.103,0.4793388429752066
6339,15.0,22.9,0.0,9.8,0.0,N,69.0,N,N,35.0,44.0,47.0,57.0,1013.6,1012.6,7.0,0.0,16.3,17.2,No,0.0,1.21,29.30857142857143,1.94,0.103,0.56
6340,12.5,22.1,12.8,5.6,0.0,NNW,39.0,NW,WNW,17.0,26.0,86.0,47.0,1014.1,1012.5,7.0,0.0,15.0,21.0,Yes,0.0,0.55,29.30857142857143,1.6,0.103,0.22748815165876776
6349,16.9,27.3,0.2,10.1,0.0,N,59.0,NNE,N,30.0,37.0,54.0,40.0,1014.8,1010.2,7.0,7.0,18.7,25.0,No,1.0,0.74,29.30857142857143,1.36,0.103,0.6691176470588235
6350,10.2,18.2,12.0,5.0,0.0,SW,56.0,SW,SW,41.0,35.0,66.0,43.0,1019.1,1017.9,7.0,0.0,12.2,16.8,Yes,0.0,0.65,29.30857142857143,1.47,0.103,0.4793388429752066
6354,9.6,15.9,8.0,4.8,0.0,WSW,59.0,SW,W,22.0,35.0,95.0,44.0,1016.8,1013.2,8.0,0.0,10.1,15.1,Yes,0.0,0.46,29.30857142857143,1.5,0.103,0.4793388429752066
6355,5.1,15.9,1.6,4.2,0.0,SW,56.0,W,SW,26.0,37.0,70.0,28.0,1018.9,1015.5,1.0,0.0,9.6,14.8,Yes,0.0,0.4,29.30857142857143,0.96,0.103,0.21656050955414013
6358,9.3,16.1,0.0,6.8,0.0,S,48.0,NNE,N,28.0,20.0,74.0,77.0,1013.3,1011.8,6.0,8.0,11.9,15.3,No,1.33,1.04,29.30857142857143,2.63,0.103,0.8018018018018018
6361,10.5,18.7,11.0,8.6,0.0,WNW,80.0,SE,WSW,15.0,33.0,93.0,84.0,1008.4,1008.4,7.0,7.0,11.8,15.2,Yes,1.0,0.9,29.30857142857143,2.87,0.103,0.8609271523178808
6365,13.4,22.2,2.4,10.4,0.0,WSW,74.0,SSW,W,22.0,46.0,54.0,20.0,1007.3,1007.2,3.0,2.0,17.3,21.6,Yes,0.67,0.37,29.30857142857143,0.68,0.103,0.21656050955414013
6369,10.5,31.1,2.2,4.8,0.0,NW,96.0,N,WNW,33.0,57.0,87.0,15.0,1001.6,992.3,7.0,0.0,16.6,28.2,Yes,0.0,0.17,29.30857142857143,0.51,0.103,0.21656050955414013
6370,8.0,15.5,0.5,12.7,0.0,W,91.0,W,W,57.0,63.0,55.0,39.0,1001.4,1002.3,8.0,7.0,10.2,14.4,No,0.88,0.71,29.30857142857143,1.33,0.103,0.6691176470588235
6371,6.6,18.8,0.0,4.0,0.0,WSW,61.0,WSW,W,41.0,26.0,53.0,31.0,1010.5,1008.4,5.0,0.0,12.2,18.3,No,0.0,0.58,29.30857142857143,1.06,0.103,0.6691176470588235
6373,16.0,25.7,0.0,5.356814357823893,0.0,W,65.0,NNW,W,35.0,39.0,37.0,26.0,997.5,998.6,2.0,0.0,21.9,23.7,No,0.0,0.7,29.30857142857143,0.89,0.103,0.5476190476190477
6380,20.0,38.7,0.0,5.356814357823893,0.0,NW,76.0,NNW,SW,48.0,48.0,10.0,31.0,1007.8,1008.0,1.0,0.0,30.1,30.9,No,0.0,3.1,29.30857142857143,1.06,0.103,0.6691176470588235
6386,12.7,31.3,0.0,12.2,0.0,N,72.0,NNE,N,33.0,43.0,11.0,7.0,1014.6,1008.0,5.0,0.0,21.0,30.2,No,0.0,0.64,29.30857142857143,0.24,0.103,0.2184873949579832
6387,14.2,19.2,0.0,5.356814357823893,0.0,W,80.0,SW,WNW,35.0,43.0,41.0,34.0,1008.7,1008.6,8.0,3.0,14.2,18.6,No,0.38,0.83,29.30857142857143,1.16,0.103,0.6691176470588235
6391,12.6,33.1,0.0,10.0,0.0,N,80.0,NNE,N,43.0,50.0,38.0,9.0,1014.1,1008.6,1.0,0.0,21.8,32.7,No,0.0,0.24,29.30857142857143,0.31,0.103,0.2184873949579832
6392,11.9,17.9,7.0,5.356814357823893,0.0,SSW,57.0,SSW,SSW,37.0,33.0,92.0,62.0,1015.3,1018.3,8.0,8.0,12.2,15.0,Yes,1.0,0.67,29.30857142857143,2.12,0.103,0.4793388429752066
6396,13.7,32.8,0.0,11.6,0.0,N,59.0,N,NNW,31.0,28.0,20.0,9.0,1013.6,1010.0,4.0,0.0,20.7,31.4,No,0.0,0.45,29.30857142857143,0.31,0.103,0.2184873949579832
6409,16.0,32.8,0.0,12.6,0.0,WNW,67.0,N,NW,24.0,28.0,6.0,11.0,1006.3,1003.9,5.0,0.0,27.0,31.7,No,0.0,1.83,29.30857142857143,0.38,0.103,0.2184873949579832
6413,18.5,40.1,0.0,13.4,0.0,W,74.0,NE,WSW,39.0,41.0,60.0,15.0,1000.3,997.0,2.0,0.0,26.0,38.7,No,0.0,0.25,29.30857142857143,0.51,0.103,0.2184873949579832
6414,14.3,27.1,0.0,5.356814357823893,0.0,WSW,72.0,WSW,WSW,30.0,41.0,54.0,28.0,1009.6,1008.0,4.0,0.0,17.7,24.5,No,0.0,0.52,29.30857142857143,0.96,0.103,0.5476190476190477
6423,24.1,42.2,0.0,5.356814357823893,0.0,N,63.0,N,SW,31.0,26.0,17.0,28.0,1007.1,1004.1,2.0,5.0,33.3,33.8,No,2.5,1.65,29.30857142857143,0.96,0.103,0.5476190476190477
6432,20.4,33.6,0.0,14.6,0.0,S,69.0,SE,SSW,30.0,13.0,38.0,23.0,1009.5,1008.4,7.0,0.0,23.0,31.2,No,0.0,0.61,29.30857142857143,0.78,0.103,0.2184873949579832
6436,24.2,38.7,0.0,10.6,0.0,NNW,80.0,SSW,N,13.0,24.0,43.0,23.0,1008.4,1004.5,7.0,3.0,28.3,36.4,No,0.43,0.53,29.30857142857143,0.78,0.103,0.2184873949579832
6440,15.3,25.2,2.4,14.2,0.0,WSW,65.0,SW,SSW,35.0,41.0,58.0,30.0,1011.6,1011.9,5.0,0.0,17.1,24.2,Yes,0.0,0.52,29.30857142857143,1.02,0.103,0.21568627450980393
6445,25.7,41.2,0.0,5.356814357823893,0.0,NNW,67.0,N,NW,39.0,22.0,30.0,12.0,1009.9,1005.9,4.0,0.0,33.4,39.3,No,0.0,0.4,29.30857142857143,0.41,0.103,0.2184873949579832
6446,21.1,27.4,0.0,5.356814357823893,0.0,SSE,59.0,SE,SSE,35.0,28.0,65.0,57.0,1009.9,1010.3,7.0,7.0,21.6,24.6,No,1.0,0.88,29.30857142857143,1.94,0.103,0.6691176470588235
6447,15.6,27.7,3.5,7.7,0.0,SSE,46.0,SSE,SSE,26.0,17.0,81.0,47.0,1013.6,1011.1,5.0,7.0,17.8,25.8,Yes,1.4,0.58,29.30857142857143,1.6,0.103,0.22748815165876776
6453,26.3,30.1,0.0,0.0,0.0,ESE,46.0,SSE,ESE,24.0,19.0,46.0,74.0,1005.6,1004.3,8.0,4.0,26.8,25.3,Null,0.5,1.61,29.30857142857143,2.52,0.103,0.437125748502994
6454,18.7,33.4,0.0,0.0,0.0,SSW,57.0,SSE,WSW,22.0,9.0,66.0,24.0,1007.5,1004.7,0.0,0.0,22.0,32.0,Null,0.0,0.36,29.30857142857143,0.82,0.103,0.21656050955414013
6455,9.5,18.5,1.2,2.0,0.0,0,0.0,NNW,0,13.0,0.0,87.0,0.0,1027.1,1025.0,1.0,0.0,12.0,0.0,Yes,0.0,0.0,0.0,0.0,0.376,0.3185840707964602
6457,9.6,13.1,15.8,0.0,0.0,0,0.0,SSW,0,33.0,0.0,95.0,0.0,1023.7,1026.5,8.0,0.0,10.2,0.0,Yes,0.0,0.0,0.0,0.0,0.376,0.5661375661375662
6458,10.4,13.5,3.2,7.4,0.0,0,0.0,SE,0,33.0,0.0,70.0,0.0,1032.7,1031.2,5.0,0.0,11.7,0.0,Yes,0.0,0.0,0.0,0.0,0.376,0.3185840707964602
6462,10.6,15.8,1.0,2.8,0.0,0,0.0,NW,0,20.0,0.0,83.0,0.0,1004.5,1003.8,1.0,0.0,11.9,0.0,No,0.0,0.0,0.0,0.0,0.376,0.35514018691588783
6463,7.9,14.0,3.1,0.0,0.0,0,0.0,S,0,28.0,0.0,80.0,0.0,1003.4,1000.5,6.0,0.0,12.0,0.0,Yes,0.0,0.0,0.0,0.0,0.376,0.3185840707964602
6464,8.9,14.8,15.2,0.0,0.0,0,0.0,SW,0,33.0,0.0,85.0,0.0,1007.5,1010.3,6.0,0.0,12.5,0.0,Yes,0.0,0.0,0.0,0.0,0.376,0.5661375661375662
6465,10.6,13.5,4.6,11.8,0.0,0,0.0,SW,0,41.0,0.0,81.0,0.0,1017.8,1020.8,6.0,0.0,12.8,0.0,Yes,0.0,0.0,0.0,0.0,0.376,0.5661375661375662
6467,6.0,15.2,1.4,1.0,0.0,0,0.0,NW,0,7.0,0.0,93.0,0.0,1031.4,1026.1,1.0,0.0,7.0,0.0,Yes,0.0,0.0,0.0,0.0,0.376,0.3185840707964602
6469,11.4,20.4,9.2,2.8,0.0,0,0.0,NNE,0,2.0,0.0,96.0,0.0,1015.3,1011.7,8.0,0.0,13.4,0.0,Yes,0.0,0.0,0.0,0.0,0.376,0.5661375661375662
6470,13.2,21.4,2.4,0.0,0.0,0,0.0,NNW,0,19.0,0.0,78.0,0.0,1008.1,1003.5,5.0,0.0,17.5,0.0,Yes,0.0,0.0,0.0,0.0,0.376,0.3185840707964602
6471,12.6,17.2,5.4,0.0,0.0,0,0.0,NW,0,22.0,0.0,78.0,0.0,1006.2,1007.0,6.0,0.0,14.0,0.0,Yes,0.0,0.0,0.0,0.0,0.376,0.5661375661375662
6472,8.5,14.7,2.6,8.4,0.0,0,0.0,SSW,0,4.0,0.0,93.0,0.0,1019.2,1020.0,6.0,0.0,10.1,0.0,Yes,0.0,0.0,0.0,0.0,0.376,0.3185840707964602
6474,8.5,0.0,0.0,4.2,0.0,0,0.0,NE,0,9.0,0.0,75.0,0.0,1015.1,1010.1,1.0,0.0,11.0,0.0,No,0.0,0.0,0.0,0.0,0.376,0.35514018691588783
6475,8.5,0.0,11.8,2.2,0.0,0,0.0,SSW,0,4.0,0.0,90.0,0.0,1006.8,1004.9,6.0,0.0,9.2,0.0,Yes,0.0,0.0,0.0,0.0,0.376,0.5661375661375662
6476,8.2,0.0,9.2,3.8,0.0,0,0.0,WSW,0,33.0,0.0,59.0,0.0,1020.4,1022.0,6.0,0.0,11.0,0.0,Yes,0.0,0.0,0.0,0.0,0.376,0.5661375661375662
6477,6.5,0.0,4.4,0.0,0.0,0,0.0,WSW,0,9.0,0.0,96.0,0.0,1018.3,1021.0,8.0,0.0,9.2,0.0,Yes,0.0,0.0,0.0,0.0,0.376,0.5661375661375662
6478,8.9,0.0,1.2,0.0,0.0,0,0.0,NW,0,4.0,0.0,87.0,0.0,1026.3,1024.1,6.0,0.0,9.9,0.0,Yes,0.0,0.0,0.0,0.0,0.376,0.3185840707964602
6479,9.9,14.3,3.4,3.8,0.0,0,0.0,W,0,4.0,0.0,97.0,0.0,1026.3,1024.5,8.0,0.0,11.1,0.0,Yes,0.0,0.0,0.0,0.0,0.376,0.5661375661375662
6480,11.2,15.5,5.2,2.0,0.0,0,0.0,SSW,0,15.0,0.0,92.0,0.0,1026.3,1025.6,7.0,0.0,12.5,0.0,Yes,0.0,0.0,0.0,0.0,0.376,0.5661375661375662
6483,10.2,21.0,0.0,1.0,0.0,0,0.0,NE,0,4.0,0.0,85.0,0.0,1013.7,1004.4,6.0,0.0,11.8,0.0,No,0.0,0.0,0.0,0.0,0.376,0.3010752688172043
6484,10.9,18.0,3.2,0.0,0.0,0,0.0,NW,0,28.0,0.0,88.0,0.0,1012.5,1008.2,2.0,0.0,13.0,0.0,Yes,0.0,0.0,0.0,0.0,0.376,0.3185840707964602
6485,6.7,12.0,18.0,0.0,0.0,0,0.0,WSW,0,65.0,0.0,87.0,0.0,1012.6,1019.1,6.0,0.0,10.9,0.0,Yes,0.0,0.0,0.0,0.0,0.376,0.5661375661375662
6486,6.2,14.5,2.6,8.2,0.0,0,0.0,N,0,2.0,0.0,95.0,0.0,1031.0,1029.5,7.0,0.0,9.1,0.0,Yes,0.0,0.0,0.0,0.0,0.376,0.3185840707964602
6489,11.2,0.0,6.6,1.0,0.0,0,0.0,SSW,0,4.0,0.0,96.0,0.0,1017.6,1017.1,8.0,0.0,11.8,0.0,Yes,0.0,0.0,0.0,0.0,0.376,0.5661375661375662
6491,4.8,0.0,0.0,0.0,0.0,0,0.0,0,0,0.0,0.0,90.0,0.0,1013.3,1007.1,0.0,0.0,8.5,0.0,No,0.0,0.0,0.0,0.0,0.376,0.35514018691588783
6492,8.3,0.0,3.0,0.0,0.0,0,0.0,SSW,0,13.0,0.0,78.0,0.0,1006.8,1005.7,3.0,0.0,10.2,0.0,Yes,0.0,0.0,0.0,0.0,0.376,0.3185840707964602
6493,6.5,0.0,5.4,0.0,0.0,0,0.0,NNW,0,20.0,0.0,76.0,0.0,1008.8,1009.3,5.0,0.0,7.0,0.0,Yes,0.0,0.0,0.0,0.0,0.376,0.5661375661375662
6494,5.7,0.0,15.0,0.0,0.0,0,0.0,W,0,33.0,0.0,67.0,0.0,1015.3,1015.9,8.0,0.0,11.8,0.0,Yes,0.0,0.0,0.0,0.0,0.376,0.5661375661375662
6495,8.5,17.2,19.2,1.6,0.0,0,0.0,NE,0,20.0,0.0,88.0,0.0,1021.3,1019.3,4.0,0.0,11.5,0.0,Yes,0.0,0.0,0.0,0.0,0.376,0.5661375661375662
6497,8.5,16.4,5.0,2.2,0.0,0,0.0,NW,0,9.0,0.0,78.0,0.0,1023.5,1022.3,6.0,0.0,11.6,0.0,Yes,0.0,0.0,0.0,0.0,0.376,0.5661375661375662
6500,10.0,15.5,0.0,7.4,0.0,0,0.0,NW,0,13.0,0.0,89.0,0.0,1007.9,1011.1,7.0,0.0,15.0,0.0,No,0.0,0.0,0.0,0.0,0.376,0.3010752688172043
6501,5.4,17.0,5.2,1.4,0.0,0,0.0,N,0,2.0,0.0,88.0,0.0,1017.9,1013.7,2.0,0.0,9.0,0.0,Yes,0.0,0.0,0.0,0.0,0.376,0.5661375661375662
6502,9.0,18.7,0.0,0.0,0.0,0,0.0,NNE,0,41.0,0.0,70.0,0.0,999.2,994.9,6.0,0.0,17.0,0.0,No,0.0,0.0,0.0,0.0,0.376,0.3010752688172043
6503,7.0,11.8,13.0,4.8,0.0,0,0.0,WSW,0,50.0,0.0,79.0,0.0,1015.8,1018.7,6.0,0.0,9.8,0.0,Yes,0.0,0.0,0.0,0.0,0.376,0.5661375661375662
6505,10.2,14.0,2.6,0.0,0.0,0,0.0,NW,0,9.0,0.0,99.0,0.0,1017.2,1017.5,8.0,0.0,10.8,0.0,Yes,0.0,0.0,0.0,0.0,0.376,0.3185840707964602
6506,8.1,18.0,1.8,0.0,0.0,0,0.0,N,0,7.0,0.0,85.0,0.0,1016.4,1011.1,5.0,0.0,11.9,0.0,Yes,0.0,0.0,0.0,0.0,0.376,0.3185840707964602
6507,9.8,13.4,7.4,0.0,0.0,0,0.0,WSW,0,46.0,0.0,92.0,0.0,1019.8,1020.5,6.0,0.0,11.2,0.0,Yes,0.0,0.0,0.0,0.0,0.376,0.5661375661375662
6508,9.4,0.0,2.4,5.356814357823893,0.0,0,0.0,SE,0,9.0,0.0,82.0,0.0,1025.5,1024.5,2.0,0.0,11.7,0.0,Yes,0.0,0.0,0.0,0.0,0.376,0.3185840707964602
6511,8.4,20.2,0.0,4.4,0.0,0,0.0,N,0,28.0,0.0,81.0,0.0,1011.6,1004.9,6.0,0.0,15.8,0.0,No,0.0,0.0,0.0,0.0,0.376,0.3010752688172043
6512,10.4,16.4,4.8,0.0,0.0,0,0.0,N,0,4.0,0.0,89.0,0.0,997.9,993.4,7.0,0.0,13.1,0.0,Yes,0.0,0.0,0.0,0.0,0.376,0.5661375661375662
6513,11.8,15.0,12.6,0.0,0.0,0,0.0,S,0,19.0,0.0,100.0,0.0,1004.6,1007.6,8.0,0.0,12.0,0.0,Yes,0.0,0.0,0.0,0.0,0.376,0.5661375661375662
6514,11.4,13.3,6.2,14.4,0.0,0,0.0,SW,0,31.0,0.0,88.0,0.0,1014.7,1014.2,7.0,0.0,12.5,0.0,Yes,0.0,0.0,0.0,0.0,0.376,0.5661375661375662
6515,9.1,16.0,3.0,1.8,0.0,0,0.0,NW,0,11.0,0.0,78.0,0.0,1016.7,1013.5,7.0,0.0,11.6,0.0,Yes,0.0,0.0,0.0,0.0,0.376,0.3185840707964602
6517,10.6,13.2,3.4,3.6,0.0,0,0.0,SW,0,9.0,0.0,63.0,0.0,1024.8,1023.6,7.0,0.0,12.6,0.0,Yes,0.0,0.0,0.0,0.0,0.376,0.5661375661375662
6519,9.6,16.3,3.6,0.0,0.0,0,0.0,NNW,0,7.0,0.0,86.0,0.0,1024.1,1021.8,7.0,0.0,12.2,0.0,Yes,0.0,0.0,0.0,0.0,0.376,0.5661375661375662
6522,11.7,20.2,0.0,1.8,0.0,0,0.0,NW,0,4.0,0.0,84.0,0.0,1011.1,1005.6,8.0,0.0,14.3,0.0,No,0.0,0.0,0.0,0.0,0.376,0.3010752688172043
6523,9.8,16.8,5.4,6.4,0.0,0,0.0,WSW,0,19.0,0.0,83.0,0.0,1005.3,1005.9,6.0,0.0,11.4,0.0,Yes,0.0,0.0,0.0,0.0,0.376,0.5661375661375662
6524,8.0,14.5,9.4,3.8,0.0,0,0.0,S,0,33.0,0.0,87.0,0.0,1021.1,1022.3,2.0,0.0,12.1,0.0,Yes,0.0,0.0,0.0,0.0,0.376,0.5661375661375662
6526,11.5,13.6,7.8,0.0,0.0,0,0.0,WSW,0,20.0,0.0,92.0,0.0,1021.4,1021.3,7.0,0.0,12.2,0.0,Yes,0.0,0.0,0.0,0.0,0.376,0.5661375661375662
6531,6.4,16.4,0.0,2.4,0.0,0,0.0,SSW,0,31.0,0.0,62.0,0.0,1013.4,1006.9,6.0,0.0,13.2,0.0,No,0.0,0.0,0.0,0.0,0.376,0.3010752688172043
6532,9.2,13.4,13.4,4.2,0.0,0,0.0,SW,0,17.0,0.0,77.0,0.0,1019.3,1021.6,7.0,0.0,10.0,0.0,Yes,0.0,0.0,0.0,0.0,0.376,0.5661375661375662
6534,7.0,17.2,0.0,0.0,0.0,0,0.0,N,0,13.0,0.0,85.0,0.0,1014.8,1005.9,1.0,0.0,12.6,0.0,No,0.0,0.0,0.0,0.0,0.376,0.35514018691588783
6535,9.4,14.1,6.2,8.4,0.0,0,0.0,WSW,0,41.0,0.0,81.0,0.0,1012.5,1013.5,3.0,0.0,11.8,0.0,Yes,0.0,0.0,0.0,0.0,0.376,0.5661375661375662
6538,9.3,15.4,0.4,4.0,0.0,0,0.0,WNW,0,2.0,0.0,91.0,0.0,1008.4,1007.6,8.0,0.0,14.0,0.0,No,0.0,0.0,0.0,0.0,0.376,0.3010752688172043
6539,7.8,12.2,14.0,2.6,0.0,0,0.0,S,0,37.0,0.0,89.0,0.0,1011.5,1013.1,6.0,0.0,10.3,0.0,Yes,0.0,0.0,0.0,0.0,0.376,0.5661375661375662
6540,6.0,16.2,7.6,0.0,0.0,0,0.0,NW,0,9.0,0.0,81.0,0.0,1015.4,1011.8,7.0,0.0,11.4,0.0,Yes,0.0,0.0,0.0,0.0,0.376,0.5661375661375662
6541,9.6,14.0,7.2,0.0,0.0,0,0.0,SW,0,30.0,0.0,83.0,0.0,1017.1,1017.3,5.0,0.0,9.8,0.0,Yes,0.0,0.0,0.0,0.0,0.376,0.5661375661375662
6543,10.2,17.5,6.0,12.6,0.0,0,0.0,S,0,13.0,0.0,76.0,0.0,1007.6,1004.3,4.0,0.0,15.0,0.0,Yes,0.0,0.0,0.0,0.0,0.376,0.5661375661375662
6544,7.0,11.8,14.6,5.8,0.0,0,0.0,S,0,50.0,0.0,0.0,0.0,1020.6,1022.9,6.0,0.0,0.0,0.0,Yes,0.0,0.0,0.0,0.0,0.376,0.5661375661375662
6546,8.1,18.6,0.0,3.6,0.0,0,0.0,NNW,0,13.0,0.0,69.0,0.0,1002.8,998.9,8.0,0.0,13.2,0.0,No,0.0,0.0,0.0,0.0,0.376,0.3010752688172043
6547,8.7,13.6,4.2,0.0,0.0,0,0.0,WSW,0,61.0,0.0,72.0,0.0,992.5,997.1,5.0,0.0,10.8,0.0,Yes,0.0,0.0,0.0,0.0,0.376,0.5661375661375662
6548,6.8,15.3,9.8,0.0,0.0,0,0.0,WSW,0,61.0,0.0,74.0,0.0,1009.2,1011.5,6.0,0.0,11.8,0.0,Yes,0.0,0.0,0.0,0.0,0.376,0.5661375661375662
6549,10.8,17.2,3.0,12.4,0.0,0,0.0,SSW,0,13.0,0.0,99.0,0.0,1013.0,1014.1,6.0,0.0,15.1,0.0,Yes,0.0,0.0,0.0,0.0,0.376,0.3185840707964602
6550,11.2,19.8,3.0,4.2,0.0,0,0.0,W,0,6.0,0.0,93.0,0.0,1014.6,1011.7,6.0,0.0,15.2,0.0,Yes,0.0,0.0,0.0,0.0,0.376,0.3185840707964602
6551,13.1,23.0,3.0,3.8,0.0,0,0.0,W,0,13.0,0.0,89.0,0.0,1010.6,1005.6,4.0,0.0,15.5,0.0,Yes,0.0,0.0,0.0,0.0,0.376,0.3185840707964602
6552,14.8,15.3,1.6,10.4,0.0,0,0.0,SSW,0,28.0,0.0,98.0,0.0,1005.8,1009.2,8.0,0.0,15.0,0.0,Yes,0.0,0.0,0.0,0.0,0.376,0.3185840707964602
6553,11.2,21.7,0.6,0.0,0.0,0,0.0,NNE,0,13.0,0.0,91.0,0.0,1012.8,1007.6,7.0,0.0,14.8,0.0,No,0.0,0.0,0.0,0.0,0.376,0.3010752688172043
6554,14.5,19.8,1.0,0.0,0.0,0,0.0,NW,0,15.0,0.0,80.0,0.0,1002.8,1001.8,7.0,0.0,17.4,0.0,No,0.0,0.0,0.0,0.0,0.376,0.3010752688172043
6555,9.0,14.8,13.0,0.0,0.0,0,0.0,WSW,0,56.0,0.0,68.0,0.0,1015.7,1018.3,6.0,0.0,12.8,0.0,Yes,0.0,0.0,0.0,0.0,0.376,0.5661375661375662
6559,12.7,24.2,0.0,8.0,0.0,0,0.0,SSW,0,4.0,0.0,76.0,0.0,1007.8,1006.9,4.0,0.0,22.0,0.0,No,0.0,0.0,0.0,0.0,0.376,0.35514018691588783
6560,12.8,20.1,0.0,8.4,0.0,0,0.0,NW,0,39.0,0.0,82.0,0.0,1006.2,1006.0,2.0,0.0,17.8,0.0,No,0.0,0.0,0.0,0.0,0.376,0.35514018691588783
6561,7.8,14.2,9.2,0.0,0.0,0,0.0,WNW,0,19.0,0.0,89.0,0.0,1009.0,1012.7,6.0,0.0,11.8,0.0,Yes,0.0,0.0,0.0,0.0,0.376,0.5661375661375662
6562,9.8,15.5,1.6,0.0,0.0,0,0.0,SW,0,22.0,0.0,87.0,0.0,1024.3,1022.8,6.0,0.0,13.7,0.0,Yes,0.0,0.0,0.0,0.0,0.376,0.3185840707964602
6563,11.2,14.8,2.0,5.356814357823893,0.0,0,0.0,S,0,31.0,0.0,89.0,0.0,1023.4,1023.5,8.0,0.0,13.2,0.0,Yes,0.0,0.0,0.0,0.0,0.376,0.3185840707964602
6566,10.0,13.4,5.6,10.6,0.0,0,0.0,S,0,33.0,0.0,80.0,0.0,1019.0,1021.9,6.0,0.0,11.9,0.0,Yes,0.0,0.0,0.0,0.0,0.376,0.5661375661375662
6569,11.0,26.8,0.0,0.0,0.0,0,0.0,NNW,0,9.0,0.0,98.0,0.0,1010.5,1008.0,1.0,0.0,21.8,0.0,No,0.0,0.0,0.0,0.0,0.376,0.35514018691588783
6574,12.1,22.0,0.0,8.0,0.0,0,0.0,NW,0,9.0,0.0,66.0,0.0,1014.5,1009.7,7.0,0.0,17.1,0.0,No,0.0,0.0,0.0,0.0,0.376,0.3010752688172043
6575,12.5,17.6,0.6,0.0,0.0,0,0.0,W,0,13.0,0.0,87.0,0.0,1007.4,1010.9,7.0,0.0,14.2,0.0,No,0.0,0.0,0.0,0.0,0.376,0.3010752688172043
6577,10.0,15.5,1.2,10.6,0.0,0,0.0,S,0,7.0,0.0,79.0,0.0,1022.3,1021.4,6.0,0.0,13.0,0.0,Yes,0.0,0.0,0.0,0.0,0.376,0.3185840707964602
6581,14.6,18.7,1.2,5.2,0.0,0,0.0,S,0,19.0,0.0,91.0,0.0,1022.9,1021.4,8.0,0.0,15.1,0.0,Yes,0.0,0.0,0.0,0.0,0.376,0.3185840707964602
6586,11.0,16.0,0.0,2.6,0.0,0,0.0,SE,0,6.0,0.0,63.0,0.0,1011.9,1010.8,8.0,0.0,15.0,0.0,No,0.0,0.0,0.0,0.0,0.376,0.3010752688172043
6587,7.2,21.5,0.0,1.6,0.0,0,0.0,SSW,0,4.0,0.0,74.0,0.0,1009.5,1005.7,5.0,0.0,15.5,0.0,No,0.0,0.0,0.0,0.0,0.376,0.3010752688172043
6588,12.2,16.0,16.4,3.8,0.0,0,0.0,SSW,0,41.0,0.0,58.0,0.0,1013.0,1014.0,6.0,0.0,15.0,0.0,Yes,0.0,0.0,0.0,0.0,0.376,0.5661375661375662
6589,10.5,17.0,2.2,0.0,0.0,0,0.0,SW,0,15.0,0.0,88.0,0.0,1020.4,1021.6,5.0,0.0,15.1,0.0,Yes,0.0,0.0,0.0,0.0,0.376,0.3185840707964602
6593,17.0,18.2,0.0,10.2,0.0,0,0.0,SW,0,20.0,0.0,85.0,0.0,1002.0,1007.5,6.0,0.0,17.5,0.0,No,0.0,0.0,0.0,0.0,0.376,0.3010752688172043
6608,14.5,18.0,1.6,6.8,0.0,0,0.0,SW,0,19.0,0.0,61.0,0.0,1017.0,1016.5,6.0,0.0,15.8,0.0,Yes,0.0,0.0,0.0,0.0,0.376,0.3185840707964602
6610,14.2,24.2,0.0,0.0,0.0,0,0.0,NNW,0,9.0,0.0,72.0,0.0,1005.6,1003.4,7.0,0.0,17.4,0.0,No,0.0,0.0,0.0,0.0,0.376,0.3010752688172043
6614,14.5,17.7,1.8,8.8,0.0,0,0.0,W,0,46.0,0.0,65.0,0.0,1015.2,1018.2,5.0,0.0,16.5,0.0,Yes,0.0,0.0,0.0,0.0,0.376,0.3185840707964602
6617,16.5,22.0,0.0,0.0,0.0,0,0.0,SE,0,15.0,0.0,80.0,0.0,1016.3,1011.1,1.0,0.0,20.5,0.0,No,0.0,0.0,0.0,0.0,0.376,0.35514018691588783
6618,14.4,21.2,0.0,0.0,0.0,0,0.0,W,0,13.0,0.0,81.0,0.0,1009.7,1010.1,8.0,0.0,19.8,0.0,No,0.0,0.0,0.0,0.0,0.376,0.3010752688172043
6619,15.5,18.8,6.6,5.356814357823893,0.0,0,0.0,SE,0,15.0,0.0,85.0,0.0,1012.1,1014.6,8.0,0.0,17.4,0.0,Yes,0.0,0.0,0.0,0.0,0.376,0.5661375661375662
6629,17.2,20.5,0.0,8.2,0.0,0,0.0,SSW,0,33.0,0.0,81.0,0.0,1008.6,1009.9,7.0,0.0,18.2,0.0,No,0.0,0.0,0.0,0.0,0.376,0.3010752688172043
6630,11.6,22.0,0.0,10.2,0.0,0,0.0,ESE,0,7.0,0.0,70.0,0.0,1011.7,1009.8,1.0,0.0,19.0,0.0,No,0.0,0.0,0.0,0.0,0.376,0.35514018691588783
6631,0.0,25.1,0.0,0.0,0.0,0,0.0,0,0,0.0,0.0,0.0,0.0,1007.6,1001.0,0.0,0.0,0.0,0.0,Null,0.0,0.0,0.0,0.0,0.376,0.3185840707964602
6632,0.0,18.2,0.0,0.0,0.0,0,0.0,0,0,0.0,0.0,0.0,0.0,1008.2,1010.2,0.0,0.0,0.0,0.0,Null,0.0,0.0,0.0,0.0,0.376,0.3185840707964602
6633,14.8,19.0,4.2,0.0,0.0,0,0.0,S,0,19.0,0.0,63.0,0.0,1013.6,1012.3,8.0,0.0,17.6,0.0,Yes,0.0,0.0,0.0,0.0,0.376,0.5661375661375662
6634,15.5,18.5,0.0,0.0,0.0,0,0.0,SSE,0,7.0,0.0,88.0,0.0,1010.6,1010.4,7.0,0.0,17.8,0.0,No,0.0,0.0,0.0,0.0,0.376,0.3010752688172043
6635,14.5,0.0,1.4,0.0,0.0,0,0.0,SSW,0,13.0,0.0,0.0,0.0,1017.0,1017.3,7.0,0.0,18.5,0.0,Yes,0.0,0.0,0.0,0.0,0.376,0.3185840707964602
6638,6.7,13.9,9.8,0.0,0.0,S,48.0,S,SE,22.0,19.0,84.0,83.0,1026.4,1026.9,0.0,0.0,11.0,10.6,Yes,0.0,0.99,61.46111111111111,1.35,0.389,0.7555555555555555
6642,3.6,16.2,0.2,0.0,0.0,NNW,67.0,N,N,15.0,22.0,99.0,92.0,1016.8,1012.0,0.0,0.0,11.9,14.6,No,0.0,0.93,61.46111111111111,1.5,0.389,0.39520958083832336
6643,10.4,14.3,4.8,0.0,0.0,W,56.0,W,SW,22.0,20.0,65.0,69.0,1006.3,1005.3,0.0,0.0,12.1,11.5,Yes,0.0,1.06,61.46111111111111,1.12,0.389,0.6853146853146853
6644,6.6,12.5,13.0,0.0,0.0,SW,61.0,SW,SW,19.0,24.0,69.0,92.0,1007.6,1004.9,0.0,0.0,10.8,9.0,Yes,0.0,1.33,61.46111111111111,1.5,0.389,0.9321739130434783
6645,8.4,14.9,17.0,0.0,0.0,SSW,67.0,S,SSW,19.0,17.0,74.0,87.0,1012.8,1014.3,0.0,0.0,12.0,12.2,Yes,0.0,1.18,61.46111111111111,1.42,0.389,0.9321739130434783
6646,9.6,15.4,7.4,0.0,0.0,SSW,44.0,S,SSW,11.0,15.0,82.0,78.0,1021.9,1022.9,0.0,0.0,10.9,12.7,Yes,0.0,0.95,61.46111111111111,1.27,0.389,0.3674698795180723
6648,5.8,15.3,0.0,0.0,0.0,N,43.0,NNE,N,17.0,30.0,66.0,68.0,1029.8,1024.6,0.0,0.0,8.6,12.9,No,0.0,1.03,61.46111111111111,1.11,0.389,0.2396694214876033
6649,3.6,18.3,0.0,0.0,0.0,N,69.0,N,N,43.0,35.0,62.0,75.0,1013.8,1010.4,0.0,0.0,15.2,17.1,No,0.0,1.21,61.46111111111111,1.22,0.389,0.6176470588235294
6650,14.5,18.0,11.0,0.0,0.0,NNW,61.0,N,NW,7.0,20.0,100.0,100.0,1013.6,1011.9,0.0,0.0,15.8,15.5,Yes,0.0,1.0,61.46111111111111,1.63,0.389,0.9321739130434783
6651,15.4,18.0,42.6,0.0,0.0,NNW,59.0,NW,NW,22.0,20.0,82.0,97.0,1008.0,1003.5,0.0,0.0,17.5,17.3,Yes,0.0,1.18,61.46111111111111,1.58,0.389,0.9321739130434783
6652,12.7,16.9,36.4,0.0,0.0,NNW,57.0,W,W,19.0,7.0,60.0,89.0,1007.4,1008.5,0.0,0.0,14.1,10.4,Yes,0.0,1.48,61.46111111111111,1.45,0.389,0.9321739130434783
6653,6.0,15.2,22.4,0.0,0.0,SSW,43.0,SSW,SSW,4.0,15.0,99.0,64.0,1020.9,1021.3,0.0,0.0,10.2,14.0,Yes,0.0,0.65,61.46111111111111,1.04,0.389,0.6138613861386139
6654,7.2,15.7,0.8,0.0,0.0,N,24.0,N,NW,7.0,4.0,99.0,66.0,1023.0,1019.5,0.0,0.0,10.0,14.9,No,0.0,0.67,61.46111111111111,1.07,0.389,0.2891566265060241
6655,10.0,16.7,3.2,0.0,0.0,NNW,50.0,N,NW,22.0,24.0,76.0,73.0,1014.0,1010.2,0.0,0.0,13.8,14.0,Yes,0.0,0.96,61.46111111111111,1.19,0.389,0.640074211502783
6656,7.6,13.7,36.8,0.0,0.0,W,57.0,SW,W,17.0,31.0,54.0,80.0,1010.8,1009.7,0.0,0.0,10.2,9.4,Yes,0.0,1.48,61.46111111111111,1.3,0.389,0.640074211502783
6657,6.8,13.9,6.8,0.0,0.0,SSW,41.0,SSE,SSE,9.0,9.0,69.0,65.0,1022.8,1023.4,0.0,0.0,10.8,11.7,Yes,0.0,0.94,61.46111111111111,1.06,0.389,0.3869047619047619
6658,4.7,13.6,3.4,0.0,0.0,SSW,52.0,SSW,S,20.0,24.0,91.0,72.0,1022.1,1023.6,0.0,0.0,11.2,10.9,Yes,0.0,0.79,61.46111111111111,1.17,0.389,0.7555555555555555
6659,5.5,14.2,0.4,0.0,0.0,SW,28.0,0,SW,0.0,15.0,99.0,84.0,1028.1,1026.6,0.0,0.0,9.6,11.7,No,0.0,0.85,61.46111111111111,1.37,0.389,0.5209580838323353
6660,7.3,16.5,1.2,0.0,0.0,SW,24.0,NW,SW,4.0,13.0,99.0,66.0,1028.3,1026.6,0.0,0.0,11.4,15.5,Yes,0.0,0.67,61.46111111111111,1.07,0.389,0.22330097087378642
6662,10.3,16.5,0.4,0.0,0.0,NNE,48.0,NNE,NNW,6.0,13.0,78.0,69.0,1026.7,1023.5,0.0,0.0,13.4,15.4,No,0.0,0.88,61.46111111111111,1.12,0.389,0.2396694214876033
6663,10.7,17.2,0.0,0.0,0.0,WSW,20.0,NNW,S,7.0,9.0,98.0,90.0,1022.2,1019.9,0.0,0.0,14.2,15.6,No,0.0,0.92,61.46111111111111,1.46,0.389,0.5209580838323353
6664,6.5,19.4,1.8,0.0,0.0,NW,70.0,N,WNW,17.0,33.0,99.0,69.0,1011.9,1005.9,0.0,0.0,13.6,18.3,Yes,0.0,0.7,61.46111111111111,1.12,0.389,0.6853146853146853
6665,13.5,17.5,8.2,0.0,0.0,W,67.0,WNW,WNW,24.0,22.0,54.0,70.0,1014.2,1011.3,0.0,0.0,15.3,14.7,Yes,0.0,1.3,61.46111111111111,1.14,0.389,0.6853146853146853
6666,9.1,13.0,11.4,0.0,0.0,WSW,83.0,SW,S,31.0,20.0,51.0,58.0,1017.4,1022.8,0.0,0.0,11.9,11.9,Yes,0.0,1.14,61.46111111111111,0.94,0.389,0.5294117647058824
6669,5.1,17.8,0.0,0.0,0.0,NNW,48.0,N,NNW,15.0,22.0,89.0,72.0,1012.5,1011.8,0.0,0.0,13.2,17.4,No,0.0,0.81,61.46111111111111,1.17,0.389,0.4396551724137931
6670,12.1,16.7,35.2,0.0,0.0,SSE,31.0,SE,SSE,6.0,19.0,100.0,66.0,1017.5,1016.8,0.0,0.0,12.4,15.8,Yes,0.0,0.66,61.46111111111111,1.07,0.389,0.3484848484848485
6672,6.2,15.1,0.2,0.0,0.0,WNW,54.0,NNE,N,15.0,15.0,85.0,82.0,1011.5,1006.4,0.0,0.0,12.1,14.4,No,0.0,0.96,61.46111111111111,1.33,0.389,0.8018018018018018
6673,8.6,15.3,30.2,0.0,0.0,WNW,81.0,W,NW,20.0,37.0,55.0,72.0,1009.1,1007.1,0.0,0.0,12.8,12.9,Yes,0.0,1.31,61.46111111111111,1.17,0.389,0.8387096774193549
6674,7.8,12.7,12.0,0.0,0.0,W,72.0,W,WSW,20.0,30.0,73.0,56.0,1012.3,1013.3,0.0,0.0,9.3,10.5,Yes,0.0,0.77,61.46111111111111,0.91,0.389,0.5294117647058824
6675,7.2,14.7,3.4,0.0,0.0,SW,52.0,WSW,WSW,19.0,20.0,54.0,59.0,1019.6,1019.3,0.0,0.0,12.7,13.7,Yes,0.0,1.09,61.46111111111111,0.96,0.389,0.3741496598639456
6676,9.0,17.2,0.4,0.0,0.0,NW,50.0,NNW,NNW,9.0,20.0,90.0,74.0,1022.3,1020.5,0.0,0.0,11.9,14.1,No,0.0,0.82,61.46111111111111,1.2,0.389,0.4896907216494845
6677,11.7,16.3,3.2,0.0,0.0,NW,54.0,NW,W,24.0,13.0,87.0,95.0,1016.8,1016.3,0.0,0.0,13.2,12.0,Yes,0.0,1.09,61.46111111111111,1.55,0.389,0.9321739130434783
6678,4.4,16.3,12.0,0.0,0.0,W,31.0,0,NW,0.0,9.0,99.0,91.0,1025.4,1024.6,0.0,0.0,11.6,12.7,Yes,0.0,0.92,61.46111111111111,1.48,0.389,0.7237569060773481
6679,9.2,16.1,1.4,0.0,0.0,W,28.0,0,W,0.0,13.0,99.0,58.0,1026.8,1024.1,0.0,0.0,12.0,15.4,Yes,0.0,0.59,61.46111111111111,0.94,0.389,0.22748815165876776
6680,11.1,18.0,0.0,0.0,0.0,NNW,44.0,N,WNW,15.0,20.0,74.0,60.0,1018.8,1013.3,0.0,0.0,14.3,17.5,No,0.0,0.81,61.46111111111111,0.98,0.389,0.3865546218487395
6681,11.9,15.9,6.4,0.0,0.0,NW,46.0,W,SW,6.0,17.0,92.0,59.0,1010.2,1012.8,0.0,0.0,12.9,15.2,Yes,0.0,0.64,61.46111111111111,0.96,0.389,0.22748815165876776
6683,10.7,14.9,14.8,0.0,0.0,SW,70.0,W,W,26.0,26.0,81.0,64.0,998.8,999.3,0.0,0.0,13.7,13.7,Yes,0.0,0.79,61.46111111111111,1.04,0.389,0.6853146853146853
6684,7.2,13.1,16.2,0.0,0.0,S,52.0,SSW,SW,17.0,19.0,67.0,64.0,1020.4,1021.5,0.0,0.0,9.8,11.2,Yes,0.0,0.96,61.46111111111111,1.04,0.389,0.6853146853146853
6687,7.3,17.0,1.0,0.0,0.0,WNW,57.0,N,SW,13.0,24.0,95.0,76.0,1016.5,1013.9,0.0,0.0,11.6,11.6,No,0.0,0.8,61.46111111111111,1.24,0.389,0.8018018018018018
6688,7.6,14.4,8.8,0.0,0.0,S,44.0,S,SSE,19.0,20.0,64.0,67.0,1022.7,1022.7,0.0,0.0,12.2,13.1,Yes,0.0,1.05,61.46111111111111,1.09,0.389,0.3869047619047619
6692,7.1,19.3,0.0,0.0,0.0,N,63.0,N,N,24.0,28.0,71.0,80.0,1009.7,1003.5,0.0,0.0,16.9,16.1,No,0.0,1.13,61.46111111111111,1.3,0.389,0.6176470588235294
6693,10.5,14.3,34.2,0.0,0.0,SSW,61.0,WSW,SW,22.0,30.0,76.0,75.0,999.4,999.1,0.0,0.0,11.8,13.9,Yes,0.0,0.99,61.46111111111111,1.22,0.389,0.8387096774193549
6694,9.2,12.6,13.2,0.0,0.0,S,54.0,S,S,24.0,20.0,91.0,93.0,1012.0,1012.3,0.0,0.0,10.1,12.1,Yes,0.0,1.02,61.46111111111111,1.51,0.389,0.9321739130434783
6695,9.8,14.4,3.8,0.0,0.0,S,33.0,S,SSE,13.0,15.0,78.0,71.0,1017.7,1016.0,0.0,0.0,11.0,12.5,Yes,0.0,0.91,61.46111111111111,1.16,0.389,0.3869047619047619
6696,7.6,16.1,0.0,0.0,0.0,NNW,39.0,N,NNW,13.0,20.0,76.0,64.0,1016.9,1013.5,0.0,0.0,12.1,15.4,No,0.0,0.84,61.46111111111111,1.04,0.389,0.3865546218487395
6697,10.7,15.4,14.4,0.0,0.0,S,48.0,S,SSE,17.0,15.0,93.0,87.0,1013.6,1016.4,0.0,0.0,11.8,12.1,Yes,0.0,0.94,61.46111111111111,1.42,0.389,0.7237569060773481
6699,10.2,16.0,0.0,0.0,0.0,SW,37.0,W,S,17.0,13.0,67.0,85.0,1021.5,1020.4,0.0,0.0,13.7,13.6,No,0.0,1.27,61.46111111111111,1.38,0.389,0.6990291262135923
6702,5.1,18.1,0.0,0.0,0.0,SW,30.0,SSE,SSW,2.0,17.0,99.0,65.0,1019.4,1016.5,0.0,0.0,12.7,16.2,No,0.0,0.66,61.46111111111111,1.06,0.389,0.2891566265060241
6703,8.2,16.6,0.2,0.0,0.0,NNW,72.0,N,NNW,11.0,28.0,99.0,67.0,1011.6,1006.3,0.0,0.0,12.7,15.8,No,0.0,0.68,61.46111111111111,1.09,0.389,0.6691176470588235
6704,9.6,15.5,14.0,0.0,0.0,W,72.0,W,NW,26.0,28.0,52.0,72.0,1008.6,1008.5,0.0,0.0,12.8,12.2,Yes,0.0,1.38,61.46111111111111,1.17,0.389,0.8387096774193549
6705,8.9,15.6,6.8,0.0,0.0,SW,48.0,SW,W,15.0,11.0,53.0,56.0,1023.4,1023.1,0.0,0.0,12.8,13.8,Yes,0.0,1.06,61.46111111111111,0.91,0.389,0.3741496598639456
6706,10.6,17.4,0.4,0.0,0.0,NW,35.0,NW,W,11.0,19.0,88.0,68.0,1023.1,1020.7,0.0,0.0,14.5,15.5,No,0.0,0.77,61.46111111111111,1.11,0.389,0.2891566265060241
6707,9.5,13.5,6.6,0.0,0.0,SSE,39.0,SSE,SSE,19.0,24.0,99.0,81.0,1022.3,1021.5,0.0,0.0,10.7,11.5,Yes,0.0,0.82,61.46111111111111,1.32,0.389,0.3674698795180723
6708,7.3,15.7,1.2,0.0,0.0,SSE,48.0,SE,SSE,19.0,28.0,68.0,61.0,1027.8,1026.3,0.0,0.0,11.1,13.8,Yes,0.0,0.9,61.46111111111111,0.99,0.389,0.3741496598639456
6711,4.4,15.6,0.0,0.0,0.0,NW,52.0,NNW,W,11.0,19.0,98.0,90.0,1014.4,1010.4,0.0,0.0,11.6,12.5,Null,0.0,0.92,61.46111111111111,1.46,0.389,0.5209580838323353
6714,5.5,15.1,0.0,0.0,0.0,NW,57.0,NW,NW,22.0,24.0,62.0,81.0,1015.6,1008.7,0.0,0.0,13.9,12.8,No,0.0,1.31,61.46111111111111,1.32,0.389,0.8018018018018018
6715,7.7,15.1,19.0,0.0,0.0,SSW,50.0,SSW,SW,22.0,24.0,65.0,70.0,1016.5,1017.2,0.0,0.0,12.8,13.3,Yes,0.0,1.08,61.46111111111111,1.14,0.389,0.6853146853146853
6717,11.1,18.0,0.0,0.0,0.0,NNW,43.0,NW,NNW,17.0,28.0,62.0,74.0,1017.5,1015.5,0.0,0.0,14.9,15.1,No,0.0,1.19,61.46111111111111,1.2,0.389,0.23243243243243245
6718,11.1,15.8,13.6,0.0,0.0,W,50.0,SW,WSW,9.0,19.0,86.0,54.0,1010.6,1010.1,0.0,0.0,12.9,14.9,Yes,0.0,0.63,61.46111111111111,0.88,0.389,0.5357142857142857
6719,7.8,12.4,7.4,0.0,0.0,SW,48.0,SSW,SSW,22.0,19.0,50.0,76.0,1014.8,1015.9,0.0,0.0,12.0,9.5,Yes,0.0,1.52,61.46111111111111,1.24,0.389,0.640074211502783
6722,7.4,17.4,0.2,0.0,0.0,W,52.0,WNW,WNW,19.0,22.0,74.0,73.0,1017.4,1016.1,0.0,0.0,14.1,15.2,No,0.0,0.99,61.46111111111111,1.19,0.389,0.4396551724137931
6723,11.2,15.0,4.8,0.0,0.0,SW,78.0,WNW,SW,22.0,24.0,83.0,72.0,1009.2,1010.3,0.0,0.0,14.1,12.1,Yes,0.0,0.87,61.46111111111111,1.17,0.389,0.8387096774193549
6724,6.7,13.6,13.8,0.0,0.0,SSW,50.0,S,SSE,20.0,22.0,58.0,52.0,1023.7,1023.8,0.0,0.0,11.8,12.6,Yes,0.0,0.9,61.46111111111111,0.85,0.389,0.5294117647058824
6725,1.7,15.8,0.0,0.0,0.0,NNE,37.0,NNE,NNE,11.0,24.0,66.0,67.0,1021.8,1015.6,0.0,0.0,10.6,13.1,No,0.0,1.02,61.46111111111111,1.09,0.389,0.2396694214876033
6726,9.1,16.3,4.0,0.0,0.0,W,57.0,WNW,W,28.0,30.0,69.0,69.0,1005.0,1003.7,0.0,0.0,14.8,15.3,Yes,0.0,1.0,61.46111111111111,1.12,0.389,0.6853146853146853
6727,7.8,16.1,0.0,0.0,0.0,WSW,61.0,SW,W,24.0,24.0,63.0,55.0,1015.1,1016.4,0.0,0.0,12.2,15.1,Null,0.0,0.87,61.46111111111111,0.89,0.389,0.3741496598639456
6728,11.4,16.7,1.6,0.0,0.0,W,48.0,W,W,19.0,20.0,98.0,72.0,1017.1,1017.3,0.0,0.0,14.0,15.2,Yes,0.0,0.73,61.46111111111111,1.17,0.389,0.4396551724137931
6729,12.4,17.5,1.4,0.0,0.0,NW,46.0,WNW,NW,19.0,26.0,69.0,70.0,1016.5,1014.5,0.0,0.0,14.4,16.5,Yes,0.0,1.01,61.46111111111111,1.14,0.389,0.3869047619047619
6730,13.2,19.2,1.4,0.0,0.0,N,61.0,WNW,NNW,22.0,33.0,70.0,71.0,1011.3,1007.3,0.0,0.0,16.2,17.3,Yes,0.0,1.01,61.46111111111111,1.16,0.389,0.6853146853146853
6731,13.3,17.2,7.4,0.0,0.0,NW,52.0,W,WSW,11.0,11.0,92.0,59.0,1007.7,1009.4,0.0,0.0,14.9,16.6,Yes,0.0,0.64,61.46111111111111,0.96,0.389,0.5357142857142857
6732,7.5,21.2,0.2,0.0,0.0,NNW,59.0,NNE,N,9.0,35.0,79.0,87.0,1010.4,1007.2,0.0,0.0,15.7,18.3,No,0.0,1.1,61.46111111111111,1.42,0.389,0.9321739130434783
6733,13.2,17.5,29.2,0.0,0.0,W,59.0,WNW,W,22.0,28.0,82.0,62.0,1004.4,1005.8,0.0,0.0,16.2,16.7,Yes,0.0,0.76,61.46111111111111,1.01,0.389,0.6853146853146853
6734,10.0,16.1,3.0,0.0,0.0,W,61.0,WSW,SW,20.0,24.0,58.0,60.0,1020.1,1021.9,0.0,0.0,13.9,14.5,Yes,0.0,1.03,61.46111111111111,0.98,0.389,0.3741496598639456
6738,10.2,20.0,0.0,0.0,0.0,WNW,46.0,WNW,NW,20.0,22.0,78.0,56.0,1010.2,1008.9,0.0,0.0,15.8,19.0,No,0.0,0.72,61.46111111111111,0.91,0.389,0.3586206896551724
6740,8.3,15.7,8.4,0.0,0.0,SW,57.0,SW,SSW,31.0,22.0,57.0,60.0,1014.8,1018.9,0.0,0.0,12.8,13.9,Yes,0.0,1.05,61.46111111111111,0.98,0.389,0.3741496598639456
6742,11.4,17.0,2.6,0.0,0.0,SSW,41.0,S,S,19.0,20.0,94.0,54.0,1025.2,1024.6,0.0,0.0,14.0,14.7,Yes,0.0,0.57,61.46111111111111,0.88,0.389,0.22748815165876776
6744,6.1,16.9,0.2,0.0,0.0,WNW,46.0,W,W,17.0,19.0,61.0,66.0,1015.9,1012.5,0.0,0.0,14.4,16.1,No,0.0,1.08,61.46111111111111,1.07,0.389,0.3865546218487395
6750,6.2,17.9,1.6,0.0,0.0,W,35.0,W,W,15.0,19.0,75.0,71.0,1015.3,1015.7,0.0,0.0,15.8,16.0,Yes,0.0,0.95,61.46111111111111,1.16,0.389,0.3869047619047619
6753,7.1,20.0,0.0,0.0,0.0,NW,37.0,WNW,WNW,13.0,20.0,67.0,61.0,1015.5,1011.8,0.0,0.0,16.3,17.7,No,0.0,0.91,61.46111111111111,0.99,0.389,0.3865546218487395
6754,12.1,17.5,5.0,0.0,0.0,WSW,50.0,W,SSW,24.0,22.0,64.0,58.0,1011.4,1014.6,0.0,0.0,15.4,14.7,Yes,0.0,0.91,61.46111111111111,0.94,0.389,0.3741496598639456
6758,14.7,23.4,0.0,0.0,0.0,0,0.0,SSE,SW,15.0,19.0,80.0,55.0,1023.1,1020.6,0.0,0.0,16.3,22.0,Null,0.0,0.69,61.46111111111111,0.89,0.389,0.3755274261603376
6760,13.1,20.7,0.0,0.0,0.0,S,41.0,SSW,S,11.0,22.0,76.0,67.0,1015.3,1017.4,0.0,0.0,18.8,16.6,No,0.0,0.88,61.46111111111111,1.09,0.389,0.2396694214876033
6764,6.8,18.7,1.6,0.0,0.0,WSW,33.0,NNW,SW,19.0,17.0,91.0,82.0,1009.3,1008.6,0.0,0.0,14.9,13.7,Yes,0.0,0.9,61.46111111111111,1.33,0.389,0.5
6770,15.0,20.5,0.0,0.0,0.0,SSW,48.0,SW,SSE,15.0,17.0,51.0,81.0,1004.8,1009.6,0.0,0.0,19.8,14.0,No,0.0,1.59,61.46111111111111,1.32,0.389,0.8018018018018018
6787,9.2,21.1,0.0,0.0,0.0,SW,48.0,NW,WSW,19.0,15.0,66.0,97.0,1007.5,1007.2,0.0,0.0,19.5,17.3,No,0.0,1.47,61.46111111111111,1.58,0.389,0.9321739130434783
6796,14.4,19.3,15.6,0.0,0.0,SSE,48.0,SSE,SSE,22.0,30.0,100.0,76.0,1012.6,1015.1,0.0,0.0,15.3,17.3,Yes,0.0,0.76,61.46111111111111,1.24,0.389,0.640074211502783
6807,10.9,27.5,0.0,0.0,0.0,SSE,35.0,ESE,S,6.0,20.0,73.0,36.0,1011.5,1008.8,0.0,0.0,18.3,25.5,No,0.0,0.49,61.46111111111111,0.59,0.389,0.35514018691588783
6811,13.3,20.8,4.8,0.0,0.0,SSW,57.0,S,SSW,30.0,33.0,61.0,55.0,1005.6,1008.4,0.0,0.0,16.6,19.8,Yes,0.0,0.9,61.46111111111111,0.89,0.389,0.3741496598639456
6812,14.0,19.4,0.0,0.0,0.0,SSE,41.0,SSW,S,24.0,26.0,56.0,59.0,1012.5,1012.9,0.0,0.0,16.7,17.3,No,0.0,1.05,61.46111111111111,0.96,0.389,0.3865546218487395
6817,7.4,21.2,0.0,0.0,5.5,NE,30.0,ENE,S,7.0,9.0,60.0,60.0,1024.4,1020.8,0.0,7.0,13.8,19.9,No,0.0,1.0,48.65745856353591,1.23,0.243,0.22767857142857142
6822,8.7,16.1,0.0,0.0,0.4,ENE,33.0,NNE,N,15.0,17.0,81.0,72.0,1019.8,1015.9,0.0,8.0,11.2,15.7,No,0.0,0.89,48.65745856353591,1.48,0.243,0.437125748502994
6823,11.1,17.1,8.6,0.0,5.3,W,54.0,WNW,WSW,11.0,19.0,70.0,56.0,1009.9,1006.4,2.0,0.0,14.7,16.8,Yes,0.0,0.8,48.65745856353591,1.15,0.243,0.3986013986013986
6824,6.8,14.0,14.8,0.0,3.1,WSW,56.0,S,SW,13.0,15.0,89.0,85.0,1008.1,1009.2,0.0,8.0,9.3,9.8,Yes,0.0,0.96,48.65745856353591,1.75,0.243,0.8609271523178808
6831,13.8,21.8,0.0,0.0,0.7,NNW,46.0,N,NNW,22.0,31.0,68.0,74.0,1013.0,1007.8,7.0,6.0,16.5,21.1,No,0.86,1.09,48.65745856353591,1.52,0.243,0.437125748502994
6832,12.9,19.1,20.0,0.0,5.3,0,0.0,N,WNW,13.0,35.0,93.0,55.0,1010.9,1010.4,8.0,4.0,14.7,18.1,Yes,0.5,0.59,48.65745856353591,1.13,0.243,0.22748815165876776
6838,5.8,17.1,0.0,0.0,5.0,SSW,39.0,NNW,W,11.0,19.0,79.0,79.0,1023.7,1022.0,3.0,8.0,10.7,13.9,No,2.67,1.0,48.65745856353591,1.62,0.243,0.334841628959276
6844,11.1,23.4,0.0,0.0,3.5,NW,67.0,N,NW,17.0,43.0,75.0,68.0,1015.9,1011.9,7.0,1.0,17.3,21.8,No,0.14,0.91,48.65745856353591,1.4,0.243,0.56
6845,11.9,19.4,0.2,0.0,7.2,NW,41.0,N,WNW,11.0,28.0,76.0,57.0,1018.0,1016.0,7.0,8.0,14.8,18.0,No,1.14,0.75,48.65745856353591,1.17,0.243,0.31208053691275167
6846,12.6,15.4,4.2,0.0,5.7,WSW,69.0,SW,SW,35.0,30.0,74.0,85.0,1018.7,1023.3,8.0,7.0,13.9,11.9,Yes,0.88,1.15,48.65745856353591,1.75,0.243,0.9321739130434783
6850,12.2,15.8,2.0,0.0,0.3,ENE,22.0,S,E,9.0,11.0,91.0,79.0,1016.1,1014.8,8.0,8.0,12.9,15.4,Yes,1.0,0.87,48.65745856353591,1.62,0.243,0.7218543046357616
6851,6.1,16.2,0.0,0.0,1.2,E,24.0,SE,E,9.0,13.0,89.0,70.0,1019.7,1017.2,8.0,8.0,11.9,15.7,No,1.0,0.79,48.65745856353591,1.44,0.243,0.22767857142857142
6852,10.6,18.9,0.0,0.0,7.0,N,39.0,NE,N,17.0,20.0,77.0,83.0,1013.2,1009.4,0.0,8.0,14.1,15.4,No,0.0,1.08,48.65745856353591,1.71,0.243,0.5
6853,10.5,17.5,13.2,0.0,7.1,NW,50.0,NW,WNW,6.0,28.0,78.0,57.0,1014.1,1013.3,6.0,7.0,13.0,15.8,Yes,1.17,0.73,48.65745856353591,1.17,0.243,0.544973544973545
6854,9.6,14.8,11.8,0.0,4.3,W,69.0,WNW,WSW,15.0,35.0,85.0,71.0,1015.4,1015.7,8.0,8.0,11.4,12.6,Yes,1.0,0.84,48.65745856353591,1.46,0.243,0.7596899224806202
6855,8.0,16.7,5.4,0.0,4.8,SW,50.0,NNE,WNW,11.0,20.0,85.0,64.0,1021.6,1020.3,4.0,7.0,12.5,15.5,Yes,1.75,0.75,48.65745856353591,1.32,0.243,0.7596899224806202
6856,7.5,17.3,7.4,0.0,5.7,NNW,22.0,N,NW,9.0,9.0,92.0,65.0,1024.4,1022.2,8.0,8.0,11.8,16.5,Yes,1.0,0.71,48.65745856353591,1.34,0.243,0.22330097087378642
6857,9.8,18.5,0.0,0.0,5.3,W,44.0,WNW,NW,9.0,19.0,83.0,74.0,1020.6,1017.5,7.0,8.0,12.6,17.2,No,1.14,0.89,48.65745856353591,1.52,0.243,0.4896907216494845
6861,7.6,20.0,0.0,0.0,5.0,NW,50.0,NNW,W,19.0,22.0,85.0,91.0,1013.2,1013.4,1.0,8.0,15.0,14.1,No,8.0,1.07,48.65745856353591,1.87,0.243,0.9321739130434783
6862,7.7,19.3,14.6,0.0,8.5,N,28.0,NNW,N,9.0,13.0,94.0,66.0,1018.7,1015.5,7.0,0.0,12.1,18.8,Yes,0.0,0.7,48.65745856353591,1.36,0.243,0.3484848484848485
6863,12.0,16.6,0.2,0.0,0.1,WSW,80.0,N,WNW,30.0,19.0,87.0,94.0,1003.9,1005.0,8.0,8.0,15.2,12.4,No,1.0,1.08,48.65745856353591,1.93,0.243,0.9321739130434783
6864,6.0,15.4,20.0,0.0,9.4,SW,37.0,0,SSW,0.0,26.0,77.0,65.0,1021.4,1021.7,1.0,8.0,11.0,12.9,Yes,8.0,0.84,48.65745856353591,1.34,0.243,0.3869047619047619
6865,8.9,16.2,0.0,0.0,1.9,WNW,28.0,N,NW,11.0,13.0,77.0,69.0,1024.6,1022.1,7.0,8.0,11.1,14.8,No,1.14,0.9,48.65745856353591,1.42,0.243,0.22767857142857142
6873,11.0,17.2,25.2,0.0,5.5,NW,70.0,N,W,20.0,31.0,96.0,87.0,1003.8,1004.0,8.0,8.0,13.4,13.5,Yes,1.0,0.91,48.65745856353591,1.79,0.243,0.8609271523178808
6874,10.3,16.5,7.0,0.0,6.0,S,54.0,SSW,SW,26.0,28.0,76.0,65.0,1011.2,1010.5,7.0,3.0,12.8,15.4,Yes,0.43,0.86,48.65745856353591,1.34,0.243,0.7596899224806202
6875,9.3,17.3,0.0,0.0,8.3,WSW,30.0,S,SSW,11.0,22.0,80.0,60.0,1016.6,1015.2,2.0,8.0,12.6,15.9,No,4.0,0.75,48.65745856353591,1.23,0.243,0.22767857142857142
6877,9.7,17.1,5.8,0.0,5.0,SSW,41.0,N,SSW,11.0,22.0,96.0,71.0,1012.9,1013.9,0.0,8.0,12.5,15.9,Yes,0.0,0.74,48.65745856353591,1.46,0.243,0.6138613861386139
6879,3.6,18.0,0.0,0.0,3.9,SW,30.0,SSE,SSW,7.0,19.0,81.0,58.0,1023.2,1020.4,8.0,8.0,12.5,15.5,No,1.0,0.72,48.65745856353591,1.19,0.243,0.22767857142857142
6882,6.1,20.6,0.0,0.0,9.8,W,28.0,E,WSW,6.0,20.0,97.0,64.0,1018.0,1015.1,8.0,0.0,10.0,19.7,No,0.0,0.66,48.65745856353591,1.32,0.243,0.2891566265060241
6883,5.5,19.1,0.0,0.0,8.6,NW,44.0,N,NW,7.0,22.0,84.0,66.0,1013.5,1009.2,0.0,8.0,15.5,17.9,No,0.0,0.79,48.65745856353591,1.36,0.243,0.31519274376417233
6884,11.1,18.1,5.8,0.0,7.9,W,69.0,W,W,26.0,37.0,66.0,58.0,1012.5,1014.2,7.0,8.0,14.9,15.0,Yes,1.14,0.88,48.65745856353591,1.19,0.243,0.3986013986013986
6886,5.9,19.4,0.0,0.0,4.0,WSW,31.0,SW,SSW,2.0,17.0,77.0,57.0,1025.2,1021.1,8.0,8.0,13.3,17.9,No,1.0,0.74,48.65745856353591,1.17,0.243,0.22767857142857142
6887,10.3,20.2,1.4,0.0,4.0,SW,33.0,N,WSW,7.0,20.0,94.0,65.0,1021.3,1018.2,7.0,8.0,14.2,18.8,Yes,1.14,0.69,48.65745856353591,1.34,0.243,0.3484848484848485
6892,3.1,19.5,0.0,0.0,7.2,0,0.0,NW,NW,6.0,22.0,72.0,71.0,1017.8,1013.2,0.0,8.0,13.0,15.9,No,0.0,0.99,48.65745856353591,1.46,0.243,0.22767857142857142
6894,3.2,20.2,0.0,0.0,2.7,W,63.0,WNW,W,7.0,33.0,68.0,60.0,1018.1,1013.3,3.0,8.0,12.9,16.2,No,2.67,0.88,48.65745856353591,1.23,0.243,0.56
6895,4.7,16.1,11.2,0.0,9.3,S,59.0,S,SW,20.0,24.0,71.0,60.0,1017.3,1017.2,1.0,5.0,11.6,15.6,Yes,5.0,0.85,48.65745856353591,1.23,0.243,0.3986013986013986
6898,5.2,19.2,0.0,0.0,3.6,WNW,46.0,NNW,SW,13.0,31.0,80.0,92.0,1011.6,1011.5,6.0,8.0,15.6,14.0,No,1.33,1.15,48.65745856353591,1.89,0.243,0.87248322147651
6899,8.9,16.0,6.0,0.0,7.8,WSW,50.0,SW,SW,26.0,33.0,78.0,52.0,1015.7,1015.2,8.0,6.0,11.0,14.3,Yes,0.75,0.67,48.65745856353591,1.07,0.243,0.544973544973545
6903,10.4,20.2,1.6,0.0,5.9,WNW,63.0,NNW,SW,17.0,17.0,84.0,90.0,1013.8,1011.1,8.0,8.0,15.9,13.9,Yes,1.0,1.07,48.65745856353591,1.85,0.243,0.9321739130434783
6906,4.6,19.1,0.0,0.0,5.2,W,54.0,N,W,15.0,30.0,72.0,60.0,1009.1,1007.1,8.0,8.0,15.1,18.7,No,1.0,0.83,48.65745856353591,1.23,0.243,0.5362318840579711
6907,10.8,16.7,2.8,0.0,7.0,WSW,85.0,WSW,WSW,35.0,43.0,87.0,55.0,1004.6,1006.7,8.0,4.0,14.7,13.8,Yes,0.5,0.63,48.65745856353591,1.13,0.243,0.544973544973545
6908,8.9,17.9,5.2,0.0,8.4,SW,54.0,WSW,WSW,35.0,31.0,50.0,57.0,1016.4,1017.8,2.0,8.0,15.1,15.9,Yes,4.0,1.14,48.65745856353591,1.17,0.243,0.3986013986013986
6910,12.1,22.1,4.4,0.0,7.8,WNW,46.0,N,WNW,13.0,26.0,87.0,62.0,1018.9,1015.6,8.0,8.0,16.7,21.0,Yes,1.0,0.71,48.65745856353591,1.27,0.243,0.3755274261603376
6911,6.8,24.7,0.0,0.0,11.7,W,37.0,N,W,13.0,17.0,71.0,46.0,1014.2,1009.3,0.0,0.0,17.6,24.1,No,0.0,0.65,48.65745856353591,0.95,0.243,0.35514018691588783
6912,10.5,23.3,0.2,0.0,6.6,WNW,46.0,NNW,W,17.0,28.0,83.0,62.0,1011.1,1010.7,5.0,8.0,19.2,21.1,No,1.6,0.75,48.65745856353591,1.27,0.243,0.5362318840579711
6913,12.7,26.1,0.0,0.0,8.7,N,50.0,N,W,20.0,24.0,78.0,59.0,1013.0,1009.4,2.0,8.0,18.5,24.5,No,4.0,0.76,48.65745856353591,1.21,0.243,0.5362318840579711
6914,14.3,18.6,15.2,0.0,1.9,W,69.0,NNW,W,17.0,31.0,96.0,73.0,1008.8,1009.2,6.0,8.0,15.4,17.5,Yes,1.33,0.76,48.65745856353591,1.5,0.243,0.8387096774193549
6918,13.2,21.1,0.2,0.0,8.6,W,61.0,W,WNW,31.0,31.0,72.0,52.0,1012.3,1010.9,6.0,1.0,19.1,19.8,No,0.17,0.72,48.65745856353591,1.07,0.243,0.6691176470588235
6919,10.2,17.6,3.8,0.0,8.1,WSW,69.0,WSW,SW,31.0,31.0,72.0,50.0,1016.8,1018.5,6.0,2.0,13.3,17.1,Yes,0.33,0.69,48.65745856353591,1.03,0.243,0.3986013986013986
6923,4.6,19.2,0.0,0.0,10.1,SW,37.0,SSE,SW,15.0,26.0,66.0,59.0,1017.3,1013.7,4.0,8.0,15.3,17.5,No,2.0,0.89,48.65745856353591,1.21,0.243,0.56
6928,8.1,22.4,0.0,0.0,10.6,WSW,41.0,S,SW,11.0,26.0,62.0,58.0,1013.2,1011.1,0.0,8.0,18.1,20.3,No,0.0,0.94,48.65745856353591,1.19,0.243,0.31519274376417233
6933,9.6,20.9,0.0,0.0,8.4,WSW,54.0,W,SW,30.0,31.0,71.0,62.0,1013.3,1014.4,8.0,8.0,18.0,17.8,No,1.0,0.87,48.65745856353591,1.27,0.243,0.56
6945,4.9,24.1,0.0,0.0,8.0,W,43.0,NW,NW,20.0,31.0,53.0,65.0,1011.7,1009.2,3.0,8.0,18.4,19.3,No,2.67,1.23,48.65745856353591,1.34,0.243,0.31519274376417233
6951,16.9,22.7,0.0,0.0,4.3,NW,57.0,NNW,WNW,15.0,30.0,71.0,61.0,1004.8,1007.5,8.0,6.0,20.0,21.5,No,0.75,0.86,48.65745856353591,1.25,0.243,0.5362318840579711
6968,12.2,25.4,0.0,0.0,9.6,WSW,48.0,SW,SW,20.0,28.0,53.0,50.0,1008.8,1008.4,1.0,4.0,20.8,23.7,No,4.0,0.94,48.65745856353591,1.03,0.243,0.5362318840579711
6977,17.3,26.0,11.8,0.0,6.0,S,46.0,NW,SW,7.0,24.0,94.0,53.0,1010.3,1010.4,8.0,7.0,19.1,23.3,Yes,0.88,0.56,48.65745856353591,1.09,0.243,0.22748815165876776
6987,19.8,29.4,0.0,0.0,9.4,WSW,39.0,SW,SW,24.0,20.0,69.0,43.0,1009.8,1007.6,8.0,0.0,21.7,28.4,No,0.0,0.62,48.65745856353591,0.88,0.243,0.2354948805460751
6995,8.8,25.9,0.0,0.0,13.1,SW,50.0,N,WSW,7.0,33.0,54.0,50.0,1008.8,1007.9,0.0,1.0,20.3,21.6,No,0.0,0.93,48.65745856353591,1.03,0.243,0.36585365853658536
7003,9.3,15.5,0.0,2.4,0.4,N,30.0,NNE,NNE,20.0,19.0,74.0,68.0,1019.5,1015.5,7.0,7.0,11.3,15.3,No,1.0,0.92,43.65217391304348,1.56,0.228,0.22767857142857142
7004,11.3,17.0,12.4,1.6,5.3,WSW,39.0,SW,WSW,17.0,22.0,81.0,51.0,1010.0,1006.5,7.0,5.0,14.2,16.1,Yes,0.71,0.63,43.65217391304348,1.17,0.228,0.22748815165876776
7005,7.5,13.5,19.6,3.0,3.1,WNW,50.0,S,W,22.0,9.0,79.0,89.0,1008.0,1008.8,6.0,7.0,9.9,9.3,Yes,1.17,1.13,43.65217391304348,2.04,0.228,0.9321739130434783
7012,15.2,20.7,0.0,2.6,0.7,NW,52.0,N,NNW,17.0,26.0,62.0,72.0,1013.0,1007.6,7.0,7.0,16.1,20.6,No,1.0,1.16,43.65217391304348,1.65,0.228,0.8018018018018018
7013,13.4,19.0,36.2,3.0,5.3,WNW,46.0,WNW,NW,20.0,24.0,74.0,52.0,1010.8,1010.3,5.0,6.0,15.3,16.9,Yes,1.2,0.7,43.65217391304348,1.19,0.228,0.23722627737226276
7017,8.7,14.9,13.8,2.2,4.0,WSW,54.0,S,W,20.0,26.0,88.0,44.0,1012.5,1013.7,7.0,7.0,9.5,14.0,Yes,1.0,0.5,43.65217391304348,1.01,0.228,0.544973544973545
7019,5.9,16.7,0.0,2.4,5.0,WSW,44.0,NNE,SSW,11.0,24.0,73.0,92.0,1024.0,1022.3,4.0,5.0,10.1,12.8,No,1.25,1.26,43.65217391304348,2.11,0.228,0.87248322147651
7025,12.3,22.6,0.0,1.8,3.5,NNW,72.0,NNE,NW,17.0,43.0,67.0,63.0,1015.7,1011.6,7.0,7.0,16.2,22.0,No,1.0,0.94,43.65217391304348,1.44,0.228,0.56
7027,12.3,15.8,5.6,2.6,5.7,SW,80.0,W,SW,33.0,31.0,80.0,60.0,1018.8,1023.3,7.0,3.0,12.3,13.2,Yes,0.43,0.75,43.65217391304348,1.37,0.228,0.7596899224806202
7031,12.1,15.5,3.8,1.2,0.3,E,28.0,ENE,E,11.0,15.0,94.0,76.0,1016.7,1015.3,8.0,7.0,12.7,14.8,Yes,0.88,0.81,43.65217391304348,1.74,0.228,0.3674698795180723
7032,7.8,16.5,3.8,0.8,1.2,E,28.0,E,ESE,13.0,17.0,78.0,64.0,1020.0,1017.4,7.0,7.0,12.7,16.2,Yes,1.0,0.82,43.65217391304348,1.47,0.228,0.3869047619047619
7033,9.6,18.2,0.0,1.6,7.0,N,35.0,NE,NNE,19.0,19.0,72.0,81.0,1013.4,1009.1,1.0,3.0,14.2,15.5,No,3.0,1.12,43.65217391304348,1.86,0.228,0.5
7035,10.1,14.4,8.0,1.6,4.3,SW,63.0,WSW,WSW,20.0,33.0,78.0,62.0,1015.2,1015.7,7.0,7.0,11.6,13.3,Yes,1.0,0.79,43.65217391304348,1.42,0.228,0.7596899224806202
7037,8.8,17.7,3.4,1.8,5.7,NW,30.0,NNE,WNW,9.0,17.0,92.0,55.0,1024.7,1022.2,7.0,6.0,11.2,17.0,Yes,0.86,0.6,43.65217391304348,1.26,0.228,0.22748815165876776
7042,7.5,18.9,0.0,2.8,5.0,WNW,50.0,N,W,15.0,13.0,74.0,59.0,1013.0,1012.9,2.0,7.0,15.7,17.0,No,3.5,0.8,43.65217391304348,1.35,0.228,0.56
7044,11.1,15.6,2.0,3.0,0.1,WSW,80.0,N,W,33.0,17.0,90.0,84.0,1003.1,1003.1,5.0,7.0,14.8,13.4,Yes,1.4,0.93,43.65217391304348,1.92,0.228,0.8609271523178808
7047,8.8,17.8,10.2,3.0,7.3,SSW,52.0,NNE,SW,9.0,24.0,96.0,51.0,1021.3,1019.1,7.0,3.0,11.0,16.9,Yes,0.43,0.53,43.65217391304348,1.17,0.228,0.544973544973545
7054,10.9,16.8,34.4,2.6,5.5,WSW,56.0,N,WSW,13.0,31.0,93.0,68.0,1003.3,1003.5,7.0,3.0,12.7,14.6,Yes,0.43,0.73,43.65217391304348,1.56,0.228,0.7596899224806202
7055,10.2,16.1,5.4,3.4,6.0,SSW,54.0,SSW,SW,41.0,33.0,67.0,64.0,1011.3,1010.6,6.0,8.0,13.0,14.7,Yes,1.33,0.96,43.65217391304348,1.47,0.228,0.7596899224806202
7058,10.1,17.7,9.4,2.0,5.0,SW,50.0,N,SSW,2.0,35.0,95.0,50.0,1012.9,1014.1,8.0,3.0,12.4,16.5,Yes,0.38,0.53,43.65217391304348,1.15,0.228,0.544973544973545
7064,6.8,19.4,0.0,2.6,8.6,NW,44.0,NNE,NW,9.0,28.0,77.0,50.0,1013.4,1009.2,1.0,6.0,14.1,18.7,No,6.0,0.65,43.65217391304348,1.15,0.228,0.31519274376417233
7065,12.5,17.0,7.6,3.0,7.9,WSW,70.0,WSW,WNW,33.0,33.0,63.0,45.0,1012.4,1013.9,4.0,6.0,14.2,16.0,Yes,1.5,0.71,43.65217391304348,1.03,0.228,0.3986013986013986
7068,11.9,19.8,1.4,1.4,4.0,WSW,31.0,N,WSW,9.0,24.0,82.0,62.0,1021.3,1018.8,2.0,7.0,15.6,18.5,Yes,3.5,0.76,43.65217391304348,1.42,0.228,0.3755274261603376
7076,3.1,18.9,0.0,3.0,2.7,WNW,81.0,NNE,WNW,11.0,26.0,59.0,58.0,1018.1,1013.4,5.0,8.0,12.9,15.7,No,1.6,0.98,43.65217391304348,1.33,0.228,0.56
7077,4.1,16.3,11.0,3.8,9.3,SW,48.0,S,SW,22.0,28.0,61.0,55.0,1017.3,1017.3,7.0,6.0,11.7,15.0,Yes,0.86,0.9,43.65217391304348,1.26,0.228,0.3986013986013986
7080,6.1,19.0,0.0,4.0,3.6,SW,44.0,NNE,SW,11.0,26.0,74.0,75.0,1011.6,1011.4,7.0,7.0,14.5,15.4,No,1.0,1.01,43.65217391304348,1.72,0.228,0.437125748502994
7084,3.9,17.6,0.0,3.0,4.0,W,35.0,N,W,15.0,20.0,66.0,58.0,1021.3,1018.7,5.0,8.0,12.5,16.8,No,1.6,0.88,43.65217391304348,1.33,0.228,0.22767857142857142
7085,11.2,19.4,2.6,2.8,5.9,WSW,72.0,WNW,WSW,24.0,22.0,56.0,69.0,1013.6,1011.0,4.0,7.0,17.0,14.6,Yes,1.75,1.23,43.65217391304348,1.58,0.228,0.7596899224806202
7088,6.3,19.1,0.0,3.2,5.2,SW,54.0,NNE,W,15.0,26.0,67.0,52.0,1008.9,1006.9,6.0,3.0,14.3,18.4,No,0.5,0.78,43.65217391304348,1.19,0.228,0.36585365853658536
7089,10.5,16.2,4.2,1.0,7.0,WSW,96.0,WSW,WSW,44.0,56.0,63.0,70.0,1004.4,1006.8,4.0,3.0,15.0,11.9,Yes,0.75,1.11,43.65217391304348,1.6,0.228,0.7596899224806202
7090,9.1,17.5,2.6,5.2,8.4,SW,65.0,SW,SW,39.0,30.0,49.0,51.0,1016.6,1017.9,6.0,6.0,14.8,16.1,Yes,1.0,1.04,43.65217391304348,1.17,0.228,0.3986013986013986
7091,7.1,19.0,0.0,4.0,1.8,WNW,39.0,WSW,WNW,7.0,17.0,75.0,82.0,1020.0,1019.2,8.0,7.0,15.0,16.5,No,0.88,1.09,43.65217391304348,1.88,0.228,0.334841628959276
7092,11.4,21.1,4.0,3.6,7.8,NW,35.0,N,WNW,15.0,20.0,84.0,59.0,1018.9,1016.0,6.0,5.0,16.1,19.5,Yes,0.83,0.7,43.65217391304348,1.35,0.228,0.3755274261603376
7093,8.1,23.6,0.0,3.0,11.7,WNW,35.0,NNE,WNW,15.0,24.0,67.0,36.0,1014.0,1009.7,1.0,1.0,17.1,23.4,No,1.0,0.54,43.65217391304348,0.82,0.228,0.35514018691588783
7094,12.0,21.8,0.0,2.2,6.6,NW,48.0,NNW,WNW,17.0,26.0,76.0,55.0,1010.9,1010.5,8.0,6.0,18.7,21.4,No,0.75,0.72,43.65217391304348,1.26,0.228,0.5362318840579711
7095,14.7,24.7,0.2,3.0,8.7,N,37.0,NNE,WNW,24.0,22.0,76.0,50.0,1012.9,1009.6,6.0,6.0,18.8,24.2,No,1.0,0.66,43.65217391304348,1.15,0.228,0.31519274376417233
7096,15.2,18.7,7.4,5.4,1.9,WSW,59.0,NNW,WNW,15.0,33.0,91.0,69.0,1008.5,1008.8,7.0,8.0,16.3,17.4,Yes,1.14,0.76,43.65217391304348,1.58,0.228,0.7596899224806202
7097,12.7,19.0,7.4,3.0,6.7,SW,50.0,WSW,SSW,30.0,33.0,60.0,44.0,1021.6,1022.3,4.0,2.0,15.8,16.9,Yes,0.5,0.73,43.65217391304348,1.01,0.228,0.3986013986013986
7101,9.3,24.9,0.0,7.0,11.7,W,44.0,NNW,WSW,4.0,19.0,56.0,56.0,1011.9,1010.6,3.0,2.0,20.8,22.8,No,0.67,1.0,43.65217391304348,1.28,0.228,0.36585365853658536
7102,13.5,20.8,0.8,3.4,8.6,W,50.0,W,WNW,28.0,30.0,64.0,48.0,1012.3,1010.9,7.0,7.0,18.3,19.3,No,1.0,0.75,43.65217391304348,1.1,0.228,0.5362318840579711
7113,7.1,20.3,0.0,4.8,10.3,SW,35.0,W,WSW,6.0,26.0,49.0,60.0,1016.8,1016.1,7.0,7.0,16.2,18.5,No,1.0,1.22,43.65217391304348,1.37,0.228,0.22767857142857142
7129,6.4,22.2,0.0,5.0,8.0,NW,50.0,N,WNW,13.0,28.0,51.0,83.0,1011.7,1009.2,2.0,8.0,19.0,17.5,No,4.0,1.63,43.65217391304348,1.9,0.228,0.6176470588235294
7134,17.0,36.8,0.0,10.0,12.5,WNW,43.0,NNE,WNW,20.0,24.0,15.0,59.0,1005.6,1004.6,0.0,4.0,32.1,24.7,No,0.0,3.93,43.65217391304348,1.35,0.228,0.31519274376417233
7135,18.3,21.8,0.0,7.8,4.3,NW,48.0,NNW,SSW,11.0,13.0,65.0,66.0,1004.6,1007.7,7.0,7.0,20.6,19.3,No,1.0,1.02,43.65217391304348,1.51,0.228,0.5362318840579711
7152,13.7,23.5,0.0,7.8,9.6,WSW,52.0,SSW,W,20.0,22.0,48.0,58.0,1009.1,1008.7,8.0,7.0,20.9,21.8,No,0.88,1.21,43.65217391304348,1.33,0.228,0.5362318840579711
7161,17.8,24.7,7.0,7.6,6.0,SSW,50.0,NW,SE,7.0,28.0,89.0,56.0,1010.1,1011.1,7.0,7.0,20.0,21.5,Yes,1.0,0.63,43.65217391304348,1.28,0.228,0.544973544973545
7187,10.1,15.9,0.0,2.4,0.4,NE,28.0,NNE,NNE,15.0,11.0,79.0,70.0,1019.4,1015.3,7.0,7.0,10.9,15.7,No,1.0,0.89,49.619565217391305,1.41,0.261,0.22767857142857142
7189,8.2,14.5,27.4,3.0,3.1,SSW,57.0,S,WSW,19.0,11.0,74.0,88.0,1007.9,1008.8,6.0,7.0,10.6,8.4,Yes,1.17,1.19,49.619565217391305,1.77,0.261,0.9321739130434783
7190,8.4,16.4,29.8,4.0,6.4,SSW,35.0,SSW,SW,15.0,19.0,85.0,67.0,1014.1,1014.9,6.0,5.0,12.0,14.2,Yes,0.83,0.79,49.619565217391305,1.35,0.261,0.3869047619047619
7196,15.3,21.1,0.0,2.6,0.7,NW,44.0,N,NNW,9.0,17.0,69.0,73.0,1012.8,1007.2,7.0,7.0,15.7,21.0,No,1.0,1.06,49.619565217391305,1.47,0.261,0.437125748502994
7197,14.3,19.4,32.8,3.0,5.3,W,41.0,WNW,WNW,13.0,17.0,74.0,52.0,1010.6,1010.3,5.0,6.0,15.7,17.4,Yes,1.2,0.7,49.619565217391305,1.05,0.261,0.23722627737226276
7201,8.8,15.3,15.4,2.2,4.0,W,44.0,S,WSW,13.0,17.0,91.0,51.0,1012.4,1013.8,7.0,7.0,9.1,14.3,Yes,1.0,0.56,49.619565217391305,1.03,0.261,0.22748815165876776
7203,8.0,17.1,0.0,2.4,5.0,SSW,31.0,SSE,SSW,6.0,15.0,75.0,91.0,1023.8,1022.4,4.0,5.0,11.5,12.6,No,1.25,1.21,49.619565217391305,1.83,0.261,0.87248322147651
7209,10.6,22.5,0.0,1.8,3.5,NNW,56.0,NNE,NW,11.0,20.0,72.0,69.0,1015.5,1011.4,7.0,7.0,16.5,21.9,No,1.0,0.96,49.619565217391305,1.39,0.261,0.56
7210,12.2,19.4,0.0,3.8,7.2,WNW,41.0,W,NW,6.0,17.0,61.0,59.0,1017.7,1015.7,5.0,7.0,16.2,17.4,No,1.4,0.97,49.619565217391305,1.19,0.261,0.31208053691275167
7211,12.3,15.6,6.4,2.6,5.7,SW,56.0,WSW,SSW,20.0,15.0,83.0,67.0,1018.5,1023.2,7.0,3.0,12.5,13.4,Yes,0.43,0.81,49.619565217391305,1.35,0.261,0.7596899224806202
7215,11.8,15.9,3.0,1.2,0.3,ESE,17.0,NE,ESE,6.0,6.0,97.0,82.0,1016.7,1015.3,8.0,7.0,12.7,15.6,Yes,0.88,0.85,49.619565217391305,1.65,0.261,0.3674698795180723
7216,7.1,16.7,3.0,0.8,1.2,ESE,17.0,ESE,SSE,7.0,7.0,99.0,70.0,1019.9,1017.4,7.0,7.0,11.0,16.3,Yes,1.0,0.71,49.619565217391305,1.41,0.261,0.3484848484848485
7217,9.2,17.7,0.0,1.6,7.0,WNW,41.0,NE,NNE,17.0,11.0,80.0,77.0,1013.3,1008.9,1.0,3.0,13.6,16.2,No,3.0,0.96,49.619565217391305,1.55,0.261,0.437125748502994
7219,10.3,15.1,12.2,1.6,4.3,WSW,57.0,W,WSW,15.0,22.0,69.0,71.0,1014.9,1015.8,7.0,7.0,12.9,12.8,Yes,1.0,1.03,49.619565217391305,1.43,0.261,0.7596899224806202
7226,8.9,19.6,0.2,2.8,5.0,WNW,41.0,WNW,W,11.0,11.0,61.0,66.0,1012.8,1012.8,2.0,7.0,18.0,16.9,No,3.5,1.08,49.619565217391305,1.33,0.261,0.56
7228,12.1,16.2,1.6,3.0,0.1,WSW,72.0,N,W,17.0,20.0,94.0,70.0,1002.9,1003.2,5.0,7.0,14.8,13.8,Yes,1.4,0.74,49.619565217391305,1.41,0.261,0.7596899224806202
7230,9.5,15.9,0.0,3.0,1.9,WSW,26.0,NE,NW,9.0,13.0,73.0,67.0,1024.7,1022.1,8.0,7.0,11.0,14.8,No,0.88,0.92,49.619565217391305,1.35,0.261,0.22767857142857142
7231,9.1,17.9,2.8,3.0,7.3,SW,30.0,SSW,SSW,7.0,15.0,97.0,58.0,1021.2,1019.2,7.0,3.0,11.5,17.2,Yes,0.43,0.6,49.619565217391305,1.17,0.261,0.22748815165876776
7232,7.3,18.5,1.6,2.0,3.8,W,48.0,NNE,NW,7.0,13.0,92.0,59.0,1019.2,1014.8,8.0,6.0,10.3,17.5,Yes,0.75,0.64,49.619565217391305,1.19,0.261,0.544973544973545
7238,11.2,17.0,31.0,2.6,5.5,WNW,50.0,NW,WSW,15.0,24.0,78.0,72.0,1003.1,1003.6,7.0,3.0,14.6,14.6,Yes,0.43,0.92,49.619565217391305,1.45,0.261,0.640074211502783
7239,10.9,16.5,7.6,3.4,6.0,SW,43.0,SSW,SW,15.0,22.0,69.0,63.0,1011.3,1010.8,6.0,8.0,14.0,15.1,Yes,1.33,0.91,49.619565217391305,1.27,0.261,0.23722627737226276
7241,4.5,18.2,0.0,1.6,6.4,NW,30.0,NNE,W,11.0,9.0,77.0,57.0,1018.2,1015.3,2.0,7.0,11.5,17.1,No,3.5,0.74,49.619565217391305,1.15,0.261,0.22767857142857142
7242,10.9,17.2,9.8,2.0,5.0,SSW,41.0,SSE,SW,9.0,26.0,96.0,60.0,1012.7,1014.3,8.0,3.0,13.0,16.4,Yes,0.38,0.62,49.619565217391305,1.21,0.261,0.22748815165876776
7248,7.2,19.6,0.0,2.6,8.6,NNW,35.0,NE,WNW,9.0,13.0,80.0,58.0,1013.4,1009.2,1.0,6.0,14.6,18.6,No,6.0,0.72,49.619565217391305,1.17,0.261,0.31519274376417233
7249,12.3,17.5,6.2,3.0,7.9,W,57.0,WSW,WNW,20.0,19.0,62.0,54.0,1012.2,1013.9,4.0,6.0,15.2,16.1,Yes,1.5,0.87,49.619565217391305,1.09,0.261,0.3986013986013986
7251,7.0,19.2,0.0,4.0,4.0,WSW,24.0,SW,W,7.0,11.0,74.0,62.0,1025.1,1021.7,8.0,7.0,12.6,17.5,No,0.88,0.84,49.619565217391305,1.25,0.261,0.22767857142857142
7252,12.3,20.5,0.0,1.4,4.0,SW,30.0,NNE,SW,9.0,15.0,82.0,64.0,1021.3,1018.8,2.0,7.0,16.0,17.7,No,3.5,0.78,49.619565217391305,1.29,0.261,0.22767857142857142
7260,3.7,19.1,0.0,3.0,2.7,SW,54.0,NNE,W,11.0,19.0,62.0,68.0,1017.9,1013.6,5.0,8.0,13.5,14.9,No,1.6,1.1,49.619565217391305,1.37,0.261,0.56
7261,5.9,15.8,13.8,3.8,9.3,SSW,61.0,S,SW,13.0,15.0,65.0,63.0,1017.3,1017.5,7.0,6.0,11.6,14.3,Yes,0.86,0.97,49.619565217391305,1.27,0.261,0.3986013986013986
7264,7.2,18.8,0.0,4.0,3.6,SW,35.0,NNE,SW,7.0,17.0,74.0,74.0,1011.5,1011.5,7.0,7.0,15.2,15.2,No,1.0,1.0,49.619565217391305,1.49,0.261,0.437125748502994
7265,10.2,15.6,10.2,1.4,7.8,WSW,48.0,SW,SSW,15.0,20.0,61.0,55.0,1015.5,1015.5,7.0,6.0,13.6,13.1,Yes,0.86,0.9,49.619565217391305,1.11,0.261,0.3986013986013986
7267,8.9,16.7,15.6,2.4,8.0,SW,35.0,SSE,SW,15.0,17.0,82.0,49.0,1018.0,1017.7,6.0,2.0,12.2,16.1,Yes,0.33,0.6,49.619565217391305,0.99,0.261,0.22748815165876776
7268,4.5,18.3,0.0,3.0,4.0,W,31.0,NNE,W,11.0,15.0,67.0,62.0,1021.1,1018.7,5.0,8.0,14.4,17.0,No,1.6,0.93,49.619565217391305,1.25,0.261,0.22767857142857142
7269,12.0,19.7,3.6,2.8,5.9,SW,70.0,WNW,WSW,15.0,20.0,62.0,68.0,1013.4,1011.0,4.0,7.0,18.1,15.1,Yes,1.75,1.1,49.619565217391305,1.37,0.261,0.7596899224806202
7273,12.3,16.5,4.6,1.0,7.0,WSW,70.0,WSW,WSW,28.0,30.0,63.0,64.0,1004.5,1006.8,4.0,3.0,15.3,12.8,Yes,0.75,1.02,49.619565217391305,1.29,0.261,0.7596899224806202
7275,9.1,18.8,0.0,4.0,1.8,W,31.0,W,W,11.0,13.0,70.0,80.0,1019.9,1019.2,8.0,7.0,16.6,16.6,No,0.88,1.14,49.619565217391305,1.61,0.261,0.334841628959276
7278,12.3,22.4,0.0,2.2,6.6,NW,43.0,NW,NW,13.0,17.0,72.0,63.0,1010.7,1010.5,8.0,6.0,19.4,21.6,No,0.75,0.88,49.619565217391305,1.27,0.261,0.31519274376417233
7279,14.7,24.3,1.2,3.0,8.7,WNW,37.0,N,NW,13.0,17.0,83.0,56.0,1012.8,1009.7,6.0,6.0,18.0,22.6,Yes,1.0,0.67,49.619565217391305,1.13,0.261,0.3755274261603376
7280,15.3,18.8,9.0,5.4,1.9,W,44.0,NNW,WNW,9.0,17.0,91.0,71.0,1008.3,1008.9,7.0,8.0,16.5,17.4,Yes,1.14,0.78,49.619565217391305,1.43,0.261,0.3869047619047619
7286,16.0,21.4,0.6,3.4,8.6,W,43.0,W,WNW,17.0,19.0,62.0,49.0,1012.3,1010.9,7.0,7.0,18.9,19.6,No,1.0,0.79,49.619565217391305,0.99,0.261,0.2354948805460751
7289,9.3,19.8,0.0,4.4,6.6,SW,33.0,SSE,SW,11.0,19.0,61.0,58.0,1025.5,1022.6,7.0,7.0,15.4,18.7,No,1.0,0.95,49.619565217391305,1.17,0.261,0.22767857142857142
7291,8.1,19.8,0.0,6.0,10.1,SW,37.0,S,SW,9.0,19.0,61.0,57.0,1017.4,1013.9,7.0,6.0,15.4,17.3,No,0.86,0.93,49.619565217391305,1.15,0.261,0.3865546218487395
7297,8.9,21.4,0.0,4.8,10.3,WSW,35.0,SSE,WSW,6.0,17.0,51.0,62.0,1016.7,1016.4,7.0,7.0,16.5,17.2,No,1.0,1.22,49.619565217391305,1.25,0.261,0.22767857142857142
7301,15.0,20.0,1.4,6.0,8.4,SW,50.0,W,WSW,13.0,20.0,77.0,51.0,1013.1,1014.5,7.0,7.0,18.4,18.8,Yes,1.0,0.66,49.619565217391305,1.03,0.261,0.544973544973545
7312,13.0,21.4,0.0,8.4,8.1,WSW,37.0,SSE,SW,13.0,20.0,58.0,44.0,1011.4,1010.5,7.0,1.0,17.1,19.7,No,0.14,0.76,49.619565217391305,0.89,0.261,0.2354948805460751
7313,8.2,21.8,0.0,5.0,8.0,WNW,41.0,NW,NW,11.0,15.0,52.0,87.0,1011.6,1009.2,2.0,8.0,19.2,17.3,No,4.0,1.67,49.619565217391305,1.75,0.261,0.87248322147651
7318,17.3,35.8,0.0,10.0,12.5,NW,39.0,NE,WNW,15.0,15.0,18.0,64.0,1005.7,1004.6,0.0,4.0,31.4,24.3,No,0.0,3.56,49.619565217391305,1.29,0.261,0.31519274376417233
7319,18.6,21.6,0.0,7.8,4.3,WNW,39.0,WNW,SSW,7.0,9.0,63.0,64.0,1004.6,1007.8,7.0,7.0,20.5,19.5,No,1.0,1.02,49.619565217391305,1.29,0.261,0.31519274376417233
7336,15.7,23.4,0.0,7.8,9.6,W,35.0,WSW,W,15.0,15.0,55.0,64.0,1009.1,1008.8,8.0,7.0,20.4,21.3,No,0.88,1.16,49.619565217391305,1.29,0.261,0.31519274376417233
7344,18.2,28.6,0.0,10.6,8.0,SSW,43.0,WSW,SSW,15.0,13.0,67.0,42.0,1011.8,1007.5,1.0,7.0,22.2,26.0,No,7.0,0.63,49.619565217391305,0.85,0.261,0.35514018691588783
7345,17.7,24.6,7.8,7.6,6.0,SSE,43.0,WSW,SSE,11.0,20.0,74.0,57.0,1010.1,1011.2,7.0,7.0,21.1,22.0,Yes,1.0,0.77,49.619565217391305,1.15,0.261,0.23722627737226276
7360,16.3,22.5,0.6,8.4,11.1,WSW,56.0,SW,SSW,22.0,28.0,51.0,47.0,1005.9,1006.8,6.0,1.0,19.1,21.1,No,0.17,0.92,49.619565217391305,0.95,0.261,0.2354948805460751
7361,13.4,22.9,0.0,8.2,13.1,SW,46.0,S,SW,15.0,20.0,51.0,44.0,1012.1,1011.0,7.0,1.0,17.9,22.0,No,0.14,0.86,49.619565217391305,0.89,0.261,0.2354948805460751
7363,13.1,23.2,0.0,7.0,13.1,SSW,50.0,N,SW,4.0,24.0,52.0,50.0,1008.9,1008.3,1.0,2.0,21.1,22.0,No,2.0,0.96,49.619565217391305,1.01,0.261,0.36585365853658536
7367,1.0,17.2,0.0,0.0,0.0,SSW,48.0,NW,SW,7.0,22.0,69.0,69.0,0.0,0.0,0.0,0.0,9.9,13.4,No,0.0,1.0,40.021857923497265,1.72,0.153,0.36585365853658536
7368,5.2,12.7,3.0,0.0,0.0,SE,37.0,SSE,SE,11.0,9.0,89.0,65.0,0.0,0.0,0.0,0.0,8.6,12.3,Yes,0.0,0.73,40.021857923497265,1.62,0.153,0.6138613861386139
7373,7.8,10.9,12.6,0.0,0.0,WSW,44.0,W,WSW,6.0,22.0,93.0,83.0,0.0,0.0,0.0,0.0,8.1,10.6,Yes,0.0,0.89,40.021857923497265,2.07,0.153,0.640074211502783
7375,5.8,14.3,0.2,0.0,0.0,WSW,54.0,W,WSW,19.0,24.0,83.0,77.0,0.0,0.0,0.0,0.0,8.9,10.3,No,0.0,0.93,40.021857923497265,1.92,0.153,0.8018018018018018
7381,12.2,16.6,4.0,0.0,0.0,WNW,43.0,N,WNW,19.0,19.0,86.0,71.0,0.0,0.0,0.0,0.0,13.0,14.5,Yes,0.0,0.83,40.021857923497265,1.77,0.153,0.45652173913043476
7382,7.9,14.9,2.0,0.0,0.0,S,22.0,NW,SW,11.0,9.0,88.0,65.0,0.0,0.0,0.0,0.0,10.5,14.2,Yes,0.0,0.74,40.021857923497265,1.62,0.153,0.3484848484848485
7385,3.7,15.5,0.2,0.0,0.0,WNW,52.0,NNW,W,20.0,22.0,73.0,54.0,0.0,0.0,0.0,0.0,9.7,14.6,No,0.0,0.74,40.021857923497265,1.35,0.153,0.36585365853658536
7386,5.7,12.0,0.2,0.0,0.0,W,56.0,W,WSW,19.0,22.0,79.0,61.0,0.0,0.0,0.0,0.0,7.4,11.1,No,0.0,0.77,40.021857923497265,1.52,0.153,0.36585365853658536
7387,0.9,14.3,0.8,0.0,0.0,WSW,50.0,NW,WSW,15.0,26.0,72.0,63.0,0.0,0.0,0.0,0.0,7.8,12.1,No,0.0,0.88,40.021857923497265,1.57,0.153,0.36585365853658536
7393,3.3,21.0,0.0,0.0,0.0,NW,43.0,N,NNW,13.0,19.0,49.0,68.0,0.0,0.0,0.0,0.0,15.7,18.2,No,0.0,1.39,40.021857923497265,1.7,0.153,0.36585365853658536
7395,9.0,15.5,0.0,0.0,0.0,SSW,54.0,WNW,SW,22.0,24.0,66.0,47.0,0.0,0.0,0.0,0.0,13.7,11.8,No,0.0,0.71,40.021857923497265,1.17,0.153,0.36585365853658536
7400,8.4,13.8,8.6,0.0,0.0,E,19.0,E,SE,11.0,6.0,93.0,80.0,0.0,0.0,0.0,0.0,10.1,13.3,Yes,0.0,0.86,40.021857923497265,2.0,0.153,0.640074211502783
7403,7.7,14.9,0.6,0.0,0.0,NW,43.0,NW,W,15.0,24.0,89.0,53.0,0.0,0.0,0.0,0.0,10.6,12.9,No,0.0,0.6,40.021857923497265,1.32,0.153,0.36585365853658536
7404,3.5,14.8,1.4,0.0,0.0,W,52.0,WNW,WNW,20.0,26.0,71.0,44.0,0.0,0.0,0.0,0.0,7.8,14.0,Yes,0.0,0.62,40.021857923497265,1.1,0.153,0.21568627450980393
7412,3.5,25.1,0.0,0.0,0.0,NW,76.0,N,NNW,22.0,31.0,52.0,31.0,0.0,0.0,0.0,0.0,17.5,22.9,No,0.0,0.6,40.021857923497265,0.77,0.153,0.5476190476190477
7413,4.6,13.4,6.0,0.0,0.0,W,54.0,W,WSW,22.0,24.0,69.0,43.0,0.0,0.0,0.0,0.0,8.1,12.9,Yes,0.0,0.62,40.021857923497265,1.07,0.153,0.21568627450980393
7415,3.1,17.4,0.0,0.0,0.0,SW,41.0,WNW,W,13.0,20.0,73.0,47.0,0.0,0.0,0.0,0.0,10.7,15.7,No,0.0,0.64,40.021857923497265,1.17,0.153,0.36585365853658536
7417,3.3,12.1,1.4,0.0,0.0,SSW,54.0,WSW,SW,17.0,26.0,89.0,82.0,0.0,0.0,0.0,0.0,9.4,10.8,Yes,0.0,0.92,40.021857923497265,2.05,0.153,0.8018018018018018
7422,11.3,16.4,0.0,0.0,0.0,NNW,50.0,WNW,NW,19.0,24.0,48.0,56.0,0.0,0.0,0.0,0.0,15.2,16.0,No,0.0,1.17,40.021857923497265,1.4,0.153,0.36585365853658536
7423,8.9,15.1,1.6,0.0,0.0,NW,46.0,WNW,SW,20.0,22.0,90.0,73.0,0.0,0.0,0.0,0.0,9.5,14.2,Yes,0.0,0.81,40.021857923497265,1.82,0.153,0.437125748502994
7424,9.5,13.7,13.4,0.0,0.0,SW,44.0,WSW,SW,19.0,22.0,94.0,84.0,0.0,0.0,0.0,0.0,11.8,12.2,Yes,0.0,0.89,40.021857923497265,2.1,0.153,0.8609271523178808
7427,10.0,15.1,5.4,0.0,0.0,SSW,41.0,SSW,SSW,22.0,20.0,90.0,57.0,0.0,0.0,0.0,0.0,10.8,13.7,Yes,0.0,0.63,40.021857923497265,1.42,0.153,0.22748815165876776
7434,8.2,15.2,0.0,0.0,0.0,WNW,48.0,WSW,SSW,22.0,20.0,60.0,60.0,0.0,0.0,0.0,0.0,11.0,13.9,No,0.0,1.0,40.021857923497265,1.5,0.153,0.36585365853658536
7438,5.8,14.7,0.0,0.0,0.0,SSE,41.0,ESE,SE,22.0,24.0,65.0,55.0,0.0,0.0,0.0,0.0,11.1,12.6,No,0.0,0.85,40.021857923497265,1.37,0.153,0.36585365853658536
7442,6.8,14.1,0.4,0.0,0.0,SSW,52.0,SW,SSW,24.0,28.0,72.0,56.0,0.0,0.0,0.0,0.0,9.8,11.1,No,0.0,0.78,40.021857923497265,1.4,0.153,0.36585365853658536
7443,1.6,15.1,2.0,0.0,0.0,SSW,22.0,WSW,S,7.0,11.0,76.0,54.0,0.0,0.0,0.0,0.0,9.6,14.0,Yes,0.0,0.71,40.021857923497265,1.35,0.153,0.23722627737226276
7445,7.3,14.1,5.4,0.0,0.0,SSW,56.0,WSW,SW,17.0,22.0,77.0,46.0,0.0,0.0,0.0,0.0,9.9,12.5,Yes,0.0,0.6,40.021857923497265,1.15,0.153,0.21568627450980393
7448,2.9,29.3,0.0,0.0,0.0,NNW,56.0,N,SSW,20.0,26.0,31.0,49.0,0.0,0.0,0.0,0.0,21.1,19.9,No,0.0,1.58,40.021857923497265,1.22,0.153,0.36585365853658536
7449,6.1,16.3,0.0,0.0,0.0,WNW,44.0,W,SW,24.0,24.0,53.0,60.0,0.0,0.0,0.0,0.0,12.1,12.2,No,0.0,1.13,40.021857923497265,1.5,0.153,0.36585365853658536
7451,-0.5,16.1,0.2,0.0,0.0,SW,46.0,WSW,SSW,20.0,28.0,59.0,59.0,0.0,0.0,0.0,0.0,13.6,11.6,No,0.0,1.0,40.021857923497265,1.47,0.153,0.36585365853658536
7454,3.7,12.8,6.8,0.0,0.0,SW,61.0,WSW,SSW,28.0,28.0,77.0,56.0,0.0,0.0,0.0,0.0,6.5,10.1,Yes,0.0,0.73,40.021857923497265,1.4,0.153,0.4793388429752066
7455,3.8,17.3,1.2,0.0,0.0,S,26.0,SE,ENE,7.0,9.0,59.0,41.0,0.0,0.0,0.0,0.0,10.8,16.6,Yes,0.0,0.69,40.021857923497265,1.02,0.153,0.23722627737226276
7457,8.8,19.1,0.0,0.0,0.0,W,80.0,NW,W,33.0,30.0,52.0,44.0,0.0,0.0,0.0,0.0,16.0,14.1,No,0.0,0.85,40.021857923497265,1.1,0.153,0.6691176470588235
7458,4.2,15.2,3.8,0.0,0.0,WSW,63.0,WSW,SW,30.0,30.0,60.0,59.0,0.0,0.0,0.0,0.0,9.9,13.8,Yes,0.0,0.98,40.021857923497265,1.47,0.153,0.4793388429752066
7464,17.1,26.3,0.0,0.0,0.0,NW,61.0,NW,W,35.0,24.0,45.0,82.0,0.0,0.0,0.0,0.0,25.8,18.4,No,0.0,1.82,40.021857923497265,2.05,0.153,0.8018018018018018
7465,7.9,18.6,1.4,0.0,0.0,W,54.0,W,W,26.0,24.0,55.0,33.0,0.0,0.0,0.0,0.0,13.7,17.4,Yes,0.0,0.6,40.021857923497265,0.82,0.153,0.21656050955414013
7473,3.9,19.5,0.0,0.0,0.0,S,44.0,W,SSW,20.0,26.0,59.0,62.0,0.0,0.0,0.0,0.0,13.8,15.6,No,0.0,1.05,40.021857923497265,1.55,0.153,0.36585365853658536
7493,14.2,39.2,0.0,0.0,0.0,SSW,67.0,NNW,SSW,28.0,39.0,15.0,32.0,0.0,0.0,0.0,0.0,34.8,22.6,No,0.0,2.13,40.021857923497265,0.8,0.153,0.5476190476190477
7502,13.7,37.2,0.0,0.0,0.0,N,67.0,NNE,NNE,28.0,20.0,15.0,7.0,0.0,0.0,0.0,0.0,27.9,36.9,No,0.0,0.47,40.021857923497265,0.17,0.153,0.2184873949579832
7503,22.0,31.2,0.0,0.0,0.0,SW,61.0,W,NW,9.0,20.0,44.0,30.0,0.0,0.0,0.0,0.0,25.4,29.3,No,0.0,0.68,40.021857923497265,0.75,0.153,0.5476190476190477
7504,11.2,22.0,2.6,0.0,0.0,SSE,39.0,SSW,S,7.0,15.0,84.0,30.0,0.0,0.0,0.0,0.0,13.5,21.0,Yes,0.0,0.36,40.021857923497265,0.75,0.153,0.22748815165876776
7520,12.7,37.6,0.0,0.0,0.0,W,72.0,N,SSW,17.0,31.0,34.0,29.0,0.0,0.0,0.0,0.0,26.3,27.8,No,0.0,0.85,40.021857923497265,0.72,0.153,0.5476190476190477
7526,13.2,37.1,0.0,0.0,0.0,E,54.0,NNE,ENE,24.0,17.0,20.0,10.0,0.0,0.0,0.0,0.0,29.3,35.4,Null,0.0,0.5,40.021857923497265,0.25,0.153,0.21656050955414013
7528,15.6,18.1,1.4,0.0,0.0,SSW,39.0,SE,E,19.0,17.0,82.0,92.0,0.0,0.0,0.0,0.0,17.7,17.0,Yes,0.0,1.12,40.021857923497265,2.3,0.153,0.8900523560209425
7529,12.6,20.9,14.2,0.0,0.0,SSW,39.0,S,S,19.0,20.0,74.0,50.0,0.0,0.0,0.0,0.0,14.5,20.4,Yes,0.0,0.68,40.021857923497265,1.25,0.153,0.23722627737226276
7538,19.1,36.9,0.0,0.0,0.0,SSW,59.0,N,SSW,26.0,39.0,29.0,46.0,0.0,0.0,0.0,0.0,29.3,26.8,No,0.0,1.59,40.021857923497265,1.15,0.153,0.6691176470588235
7541,15.8,25.3,0.6,0.0,0.0,SSE,52.0,S,SSE,30.0,26.0,72.0,57.0,0.0,0.0,0.0,0.0,17.9,21.0,No,0.0,0.79,40.021857923497265,1.42,0.153,0.36585365853658536
7549,7.8,18.2,0.0,0.0,0.0,W,28.0,NNW,W,4.0,9.0,81.0,65.0,1024.7,1021.6,0.0,0.0,11.3,17.2,No,0.0,0.8,69.36158192090396,0.94,0.418,0.2891566265060241
7550,10.0,12.8,10.8,0.0,0.0,SSE,56.0,S,SSE,22.0,20.0,84.0,80.0,1024.8,1026.7,0.0,0.0,10.7,11.0,Yes,0.0,0.95,69.36158192090396,1.15,0.418,0.7555555555555555
7551,8.0,13.0,5.2,0.0,0.0,ESE,28.0,ENE,E,9.0,11.0,93.0,77.0,1032.1,1030.2,0.0,0.0,9.1,11.9,Yes,0.0,0.83,69.36158192090396,1.11,0.418,0.3674698795180723
7554,7.4,17.1,0.0,0.0,0.0,NNW,48.0,N,NNW,9.0,17.0,79.0,63.0,1016.1,1010.5,0.0,0.0,11.7,16.7,No,0.0,0.8,69.36158192090396,0.91,0.418,0.3586206896551724
7555,9.4,12.7,10.6,0.0,0.0,WNW,59.0,NW,NW,31.0,17.0,87.0,86.0,1003.1,1003.7,0.0,0.0,9.7,10.8,Yes,0.0,0.99,69.36158192090396,1.24,0.418,0.9321739130434783
7556,6.7,12.7,20.6,0.0,0.0,NW,41.0,WSW,NW,11.0,20.0,72.0,99.0,1004.1,1000.7,0.0,0.0,10.8,9.9,Yes,0.0,1.38,69.36158192090396,1.43,0.418,0.8900523560209425
7557,8.4,14.3,7.6,0.0,0.0,SW,46.0,SW,SW,15.0,19.0,85.0,68.0,1009.3,1011.8,0.0,0.0,11.2,13.8,Yes,0.0,0.8,69.36158192090396,0.98,0.418,0.3869047619047619
7561,10.2,16.8,6.4,0.0,0.0,NNW,63.0,NE,NNW,13.0,19.0,100.0,98.0,1013.8,1010.3,0.0,0.0,13.8,16.3,Yes,0.0,0.98,69.36158192090396,1.41,0.418,0.9321739130434783
7562,13.8,18.9,18.4,0.0,0.0,N,50.0,NNW,NW,17.0,20.0,99.0,87.0,1007.1,1002.6,0.0,0.0,15.9,17.1,Yes,0.0,0.88,69.36158192090396,1.25,0.418,0.8609271523178808
7563,10.9,15.8,14.8,0.0,0.0,WNW,59.0,NW,NW,28.0,17.0,84.0,77.0,1005.1,1006.4,0.0,0.0,11.9,13.3,Yes,0.0,0.92,69.36158192090396,1.11,0.418,0.8387096774193549
7564,6.5,14.9,9.6,0.0,0.0,SSW,28.0,0,SW,0.0,9.0,97.0,65.0,1019.4,1020.3,0.0,0.0,10.0,13.5,Yes,0.0,0.67,69.36158192090396,0.94,0.418,0.3484848484848485
7566,9.7,16.9,0.0,0.0,0.0,NW,56.0,NNW,NW,19.0,15.0,74.0,69.0,1013.6,1008.6,0.0,0.0,11.2,15.3,No,0.0,0.93,69.36158192090396,0.99,0.418,0.3586206896551724
7567,7.2,13.4,32.8,0.0,0.0,WNW,78.0,WNW,WNW,11.0,37.0,89.0,82.0,1007.6,1005.6,0.0,0.0,8.3,9.8,Yes,0.0,0.92,69.36158192090396,1.18,0.418,0.8387096774193549
7568,7.9,13.4,11.6,0.0,0.0,SSW,50.0,SSW,SW,19.0,9.0,73.0,67.0,1020.9,1022.2,0.0,0.0,10.1,11.0,Yes,0.0,0.92,69.36158192090396,0.97,0.418,0.5294117647058824
7569,7.0,12.5,7.8,0.0,0.0,SW,48.0,SW,SW,20.0,20.0,87.0,56.0,1019.2,1022.1,0.0,0.0,10.1,11.8,Yes,0.0,0.64,69.36158192090396,0.81,0.418,0.5294117647058824
7570,8.2,13.9,0.6,0.0,0.0,WNW,35.0,NW,W,7.0,11.0,89.0,97.0,1026.5,1024.4,0.0,0.0,9.4,12.1,No,0.0,1.09,69.36158192090396,1.4,0.418,0.8900523560209425
7571,9.2,16.0,3.2,0.0,0.0,SW,30.0,WNW,WSW,4.0,15.0,99.0,71.0,1026.6,1024.7,0.0,0.0,11.0,15.6,Yes,0.0,0.72,69.36158192090396,1.02,0.418,0.22330097087378642
7574,11.1,16.9,0.0,0.0,0.0,NNE,22.0,NW,SSW,4.0,4.0,81.0,97.0,1021.5,1019.6,0.0,0.0,12.8,13.9,No,0.0,1.2,69.36158192090396,1.4,0.418,0.6990291262135923
7575,10.1,19.7,0.6,0.0,0.0,WNW,80.0,NE,NNW,11.0,19.0,84.0,91.0,1012.1,1002.9,0.0,0.0,12.0,16.0,No,0.0,1.08,69.36158192090396,1.31,0.418,0.9321739130434783
7576,10.8,16.7,7.2,0.0,0.0,WNW,74.0,NW,WNW,30.0,31.0,79.0,60.0,1011.4,1007.9,0.0,0.0,12.9,15.6,Yes,0.0,0.76,69.36158192090396,0.87,0.418,0.5357142857142857
7577,8.0,11.9,16.2,0.0,0.0,W,81.0,SW,SW,30.0,20.0,73.0,57.0,1014.1,1020.2,0.0,0.0,8.6,11.1,Yes,0.0,0.78,69.36158192090396,0.82,0.418,0.5294117647058824
7578,4.8,14.9,2.2,0.0,0.0,NNE,24.0,0,WNW,0.0,7.0,95.0,68.0,1030.1,1028.7,0.0,0.0,7.7,13.5,Yes,0.0,0.72,69.36158192090396,0.98,0.418,0.22330097087378642
7580,7.4,14.5,0.2,0.0,0.0,N,41.0,N,N,20.0,13.0,56.0,69.0,1013.0,1011.5,0.0,0.0,11.0,14.2,No,0.0,1.23,69.36158192090396,0.99,0.418,0.3865546218487395
7581,10.9,15.4,8.6,0.0,0.0,SE,20.0,0,ESE,0.0,9.0,100.0,85.0,1016.9,1016.7,0.0,0.0,12.5,13.9,Yes,0.0,0.85,69.36158192090396,1.23,0.418,0.7237569060773481
7582,6.5,16.8,0.0,0.0,0.0,E,20.0,0,SE,0.0,11.0,99.0,69.0,1020.6,1017.9,0.0,0.0,10.4,14.6,No,0.0,0.7,69.36158192090396,0.99,0.418,0.2891566265060241
7583,6.8,17.5,0.0,0.0,0.0,NW,54.0,NE,NW,13.0,37.0,78.0,86.0,1011.8,1006.9,0.0,0.0,11.3,11.1,No,0.0,1.1,69.36158192090396,1.24,0.418,0.9321739130434783
7584,7.7,14.6,15.6,0.0,0.0,NNW,74.0,NW,NW,26.0,35.0,78.0,61.0,1006.3,1004.3,0.0,0.0,9.9,14.0,Yes,0.0,0.78,69.36158192090396,0.88,0.418,0.5357142857142857
7585,6.4,11.7,19.2,0.0,0.0,W,65.0,NW,W,19.0,24.0,81.0,70.0,1008.7,1009.2,0.0,0.0,8.2,9.7,Yes,0.0,0.86,69.36158192090396,1.01,0.418,0.6853146853146853
7586,5.8,14.3,12.4,0.0,0.0,0,0.0,W,WNW,22.0,15.0,78.0,87.0,1016.0,1016.2,0.0,0.0,10.8,11.9,Yes,0.0,1.12,69.36158192090396,1.25,0.418,0.8900523560209425
7587,9.1,16.4,5.6,0.0,0.0,NW,44.0,NNW,NW,11.0,26.0,99.0,64.0,1020.7,1018.5,0.0,0.0,10.7,15.4,Yes,0.0,0.65,69.36158192090396,0.92,0.418,0.6138613861386139
7588,10.6,15.3,0.4,0.0,0.0,W,61.0,NW,WSW,30.0,13.0,76.0,99.0,1013.7,1014.6,0.0,0.0,13.8,11.1,No,0.0,1.3,69.36158192090396,1.43,0.418,0.9321739130434783
7589,6.9,15.8,12.0,0.0,0.0,W,43.0,NW,NW,20.0,20.0,81.0,75.0,1023.4,1022.4,0.0,0.0,10.2,14.2,Yes,0.0,0.93,69.36158192090396,1.08,0.418,0.3674698795180723
7591,11.2,15.4,3.6,0.0,0.0,NW,44.0,WNW,WSW,13.0,13.0,99.0,72.0,1008.3,1011.1,0.0,0.0,11.7,13.1,Yes,0.0,0.73,69.36158192090396,1.04,0.418,0.640074211502783
7592,6.6,16.0,6.2,0.0,0.0,NW,44.0,N,NNW,15.0,15.0,75.0,66.0,1016.8,1012.6,0.0,0.0,10.4,15.2,Yes,0.0,0.88,69.36158192090396,0.95,0.418,0.3869047619047619
7593,10.4,13.4,5.0,0.0,0.0,WSW,67.0,N,WNW,17.0,28.0,93.0,84.0,997.0,994.5,0.0,0.0,12.7,12.5,Yes,0.0,0.9,69.36158192090396,1.21,0.418,0.8609271523178808
7594,6.4,11.9,12.6,0.0,0.0,SSW,63.0,SW,W,24.0,9.0,59.0,79.0,1017.2,1019.1,0.0,0.0,9.7,10.6,Yes,0.0,1.34,69.36158192090396,1.14,0.418,0.7555555555555555
7595,7.1,15.5,3.4,0.0,0.0,NW,50.0,NW,WNW,20.0,20.0,89.0,73.0,1021.4,1018.0,0.0,0.0,9.4,14.3,Yes,0.0,0.82,69.36158192090396,1.05,0.418,0.7555555555555555
7596,9.0,14.9,8.2,0.0,0.0,WSW,37.0,SW,SW,13.0,17.0,99.0,65.0,1017.6,1017.9,0.0,0.0,11.9,13.0,Yes,0.0,0.66,69.36158192090396,0.94,0.418,0.6138613861386139
7597,8.6,16.8,0.2,0.0,0.0,W,54.0,NW,NW,17.0,15.0,66.0,98.0,1015.3,1011.2,0.0,0.0,12.4,11.7,No,0.0,1.48,69.36158192090396,1.41,0.418,0.9321739130434783
7598,9.1,13.8,16.0,0.0,0.0,SSW,54.0,S,S,17.0,11.0,70.0,56.0,1021.4,1021.5,0.0,0.0,10.2,12.7,Yes,0.0,0.8,69.36158192090396,0.81,0.418,0.5294117647058824
7603,9.9,14.2,13.2,0.0,0.0,SSW,67.0,NNW,NE,17.0,9.0,87.0,98.0,995.8,991.5,0.0,0.0,11.5,12.4,Yes,0.0,1.13,69.36158192090396,1.41,0.418,0.9321739130434783
7604,9.5,14.4,22.0,0.0,0.0,SSW,70.0,SSW,S,41.0,19.0,96.0,93.0,1007.3,1009.4,0.0,0.0,10.7,12.3,Yes,0.0,0.97,69.36158192090396,1.34,0.418,0.8609271523178808
7605,9.3,13.0,14.6,0.0,0.0,S,39.0,WSW,SW,11.0,11.0,85.0,69.0,1015.8,1015.0,0.0,0.0,10.5,12.6,Yes,0.0,0.81,69.36158192090396,0.99,0.418,0.3869047619047619
7607,11.0,14.7,5.0,0.0,0.0,SSW,48.0,SSW,SSW,17.0,22.0,99.0,74.0,1011.3,1014.6,0.0,0.0,11.3,14.2,Yes,0.0,0.75,69.36158192090396,1.07,0.418,0.640074211502783
7608,8.4,13.7,2.0,0.0,0.0,WSW,24.0,0,WSW,0.0,6.0,81.0,64.0,1025.1,1023.5,0.0,0.0,11.3,13.1,Yes,0.0,0.79,69.36158192090396,0.92,0.418,0.22330097087378642
7609,9.2,13.8,0.0,0.0,0.0,NW,35.0,NW,SW,24.0,13.0,82.0,87.0,1018.9,1019.1,0.0,0.0,11.4,12.0,No,0.0,1.06,69.36158192090396,1.25,0.418,0.6990291262135923
7613,9.1,17.5,0.0,0.0,0.0,NW,56.0,NNW,NW,13.0,17.0,94.0,69.0,1010.8,1005.2,0.0,0.0,12.3,16.1,No,0.0,0.73,69.36158192090396,0.99,0.418,0.3586206896551724
7614,8.5,14.6,12.8,0.0,0.0,W,72.0,W,NW,35.0,31.0,86.0,84.0,1005.3,1005.6,0.0,0.0,9.6,9.8,Yes,0.0,0.98,69.36158192090396,1.21,0.418,0.9321739130434783
7615,6.6,15.1,15.4,0.0,0.0,WSW,57.0,WSW,W,15.0,15.0,62.0,58.0,1021.6,1021.8,0.0,0.0,11.5,13.6,Yes,0.0,0.94,69.36158192090396,0.84,0.418,0.5294117647058824
7616,9.6,16.9,0.0,0.0,0.0,W,46.0,NW,W,19.0,22.0,81.0,73.0,1021.3,1018.4,0.0,0.0,13.4,15.5,No,0.0,0.9,69.36158192090396,1.05,0.418,0.4896907216494845
7617,10.1,12.8,9.6,0.0,0.0,SSW,31.0,S,ESE,9.0,9.0,87.0,89.0,1021.6,1021.6,0.0,0.0,10.9,10.3,Yes,0.0,1.02,69.36158192090396,1.28,0.418,0.8900523560209425
7618,6.7,12.1,2.2,0.0,0.0,SE,43.0,ENE,SE,11.0,19.0,78.0,84.0,1027.8,1028.3,0.0,0.0,10.2,9.8,Yes,0.0,1.08,69.36158192090396,1.21,0.418,0.8900523560209425
7620,7.9,14.6,0.0,0.0,0.0,SE,43.0,E,SE,13.0,28.0,70.0,83.0,1031.9,1029.4,0.0,0.0,11.7,11.2,No,0.0,1.19,69.36158192090396,1.2,0.418,0.4896907216494845
7621,4.7,15.4,0.0,0.0,0.0,WNW,61.0,NNW,NW,17.0,20.0,81.0,96.0,1012.9,1007.2,0.0,0.0,10.6,10.8,Null,0.0,1.19,69.36158192090396,1.38,0.418,0.9321739130434783
7622,7.6,13.5,19.0,0.0,0.0,S,54.0,SSW,SSE,19.0,15.0,81.0,59.0,1020.0,1022.0,0.0,0.0,9.0,12.3,Yes,0.0,0.73,69.36158192090396,0.85,0.418,0.5294117647058824
7623,6.4,15.3,0.8,0.0,0.0,SSW,20.0,WNW,SE,7.0,7.0,84.0,84.0,1026.2,1023.6,0.0,0.0,9.8,12.3,No,0.0,1.0,69.36158192090396,1.21,0.418,0.8900523560209425
7625,7.2,14.6,12.4,0.0,0.0,SSW,50.0,SW,WSW,22.0,20.0,69.0,74.0,1013.5,1014.5,0.0,0.0,11.8,12.9,Yes,0.0,1.07,69.36158192090396,1.07,0.418,0.640074211502783
7627,9.6,19.9,0.0,0.0,0.0,NW,46.0,NNW,WNW,17.0,20.0,73.0,61.0,1016.8,1013.3,0.0,0.0,13.0,18.7,No,0.0,0.84,69.36158192090396,0.88,0.418,0.3865546218487395
7628,11.9,15.7,6.0,0.0,0.0,WSW,39.0,SW,WSW,9.0,20.0,99.0,92.0,1008.7,1007.7,0.0,0.0,12.0,12.0,Yes,0.0,0.93,69.36158192090396,1.33,0.418,0.8609271523178808
7629,6.8,13.3,13.8,0.0,0.0,W,50.0,SSW,SW,20.0,19.0,69.0,63.0,1012.8,1013.7,0.0,0.0,9.4,10.3,Yes,0.0,0.91,69.36158192090396,0.91,0.418,0.5294117647058824
7630,5.7,14.9,2.6,0.0,0.0,NW,44.0,NNW,NNW,15.0,19.0,82.0,82.0,1015.0,1011.4,0.0,0.0,10.3,11.1,Yes,0.0,1.0,69.36158192090396,1.18,0.418,0.640074211502783
7632,8.5,17.0,0.6,0.0,0.0,WNW,57.0,NW,WSW,26.0,20.0,99.0,97.0,1014.2,1013.5,0.0,0.0,11.7,12.4,No,0.0,0.98,69.36158192090396,1.4,0.418,0.9321739130434783
7633,10.1,16.3,5.6,0.0,0.0,WNW,78.0,NW,WSW,31.0,20.0,80.0,96.0,1006.1,1006.1,0.0,0.0,13.7,9.4,Yes,0.0,1.2,69.36158192090396,1.38,0.418,0.9321739130434783
7634,6.2,12.9,14.0,0.0,0.0,SSW,59.0,S,S,17.0,15.0,75.0,71.0,1021.5,1023.1,0.0,0.0,10.2,10.6,Yes,0.0,0.95,69.36158192090396,1.02,0.418,0.6853146853146853
7636,8.9,16.7,1.4,0.0,0.0,NW,76.0,NW,WNW,26.0,35.0,96.0,78.0,1002.0,999.3,0.0,0.0,12.1,14.5,Yes,0.0,0.81,69.36158192090396,1.12,0.418,0.4396551724137931
7638,10.5,17.2,9.6,0.0,0.0,W,59.0,WNW,WNW,30.0,22.0,96.0,93.0,1013.2,1014.9,0.0,0.0,14.3,13.6,Yes,0.0,0.97,69.36158192090396,1.34,0.418,0.7237569060773481
7639,11.6,18.5,7.8,0.0,0.0,WNW,65.0,NW,W,35.0,26.0,82.0,67.0,1014.0,1011.8,0.0,0.0,14.3,17.3,Yes,0.0,0.82,69.36158192090396,0.97,0.418,0.5357142857142857
7641,13.5,15.7,1.6,0.0,0.0,0,0.0,WSW,WSW,20.0,11.0,94.0,65.0,1006.1,1009.2,0.0,0.0,13.9,14.6,Yes,0.0,0.69,69.36158192090396,0.94,0.418,0.3484848484848485
7642,7.7,20.9,0.0,0.0,0.0,NW,44.0,NE,NNW,11.0,15.0,85.0,84.0,1010.8,1006.6,0.0,0.0,15.3,19.6,No,0.0,0.99,69.36158192090396,1.21,0.418,0.6296296296296297
7643,14.5,18.0,3.8,0.0,0.0,NW,72.0,NW,WNW,28.0,33.0,81.0,65.0,1001.9,1001.9,0.0,0.0,16.0,15.8,Yes,0.0,0.8,69.36158192090396,0.94,0.418,0.5357142857142857
7644,9.0,14.6,9.2,0.0,0.0,W,65.0,W,WSW,24.0,26.0,67.0,81.0,1016.5,1019.2,0.0,0.0,13.3,12.4,Yes,0.0,1.21,69.36158192090396,1.17,0.418,0.7555555555555555
7648,12.8,22.2,0.0,0.0,0.0,WNW,43.0,WNW,W,22.0,13.0,68.0,63.0,1007.8,1006.5,0.0,0.0,18.3,19.8,No,0.0,0.93,69.36158192090396,0.91,0.418,0.35514018691588783
7650,7.3,15.0,14.2,0.0,0.0,WSW,74.0,WSW,SW,41.0,28.0,65.0,71.0,1010.2,1015.1,0.0,0.0,11.3,14.4,Yes,0.0,1.09,69.36158192090396,1.02,0.418,0.6853146853146853
7651,8.8,15.0,4.4,0.0,0.0,WNW,35.0,W,W,15.0,19.0,66.0,71.0,1024.5,1023.4,0.0,0.0,13.5,13.8,Yes,0.0,1.08,69.36158192090396,1.02,0.418,0.22330097087378642
7654,7.9,17.0,0.0,0.0,0.0,NW,48.0,WNW,W,24.0,24.0,66.0,81.0,1013.3,1009.8,0.0,0.0,14.8,14.5,No,0.0,1.23,69.36158192090396,1.17,0.418,0.4396551724137931
7655,7.6,13.8,11.6,0.0,0.0,SSW,59.0,SSW,S,26.0,15.0,68.0,63.0,1019.8,1022.4,0.0,0.0,11.4,11.8,Yes,0.0,0.93,69.36158192090396,0.91,0.418,0.5294117647058824
7660,8.7,18.1,1.6,0.0,0.0,WNW,44.0,WNW,SW,17.0,17.0,93.0,89.0,1013.2,1013.9,0.0,0.0,13.1,14.6,Yes,0.0,0.96,69.36158192090396,1.28,0.418,0.8609271523178808
7663,9.5,20.1,0.0,0.0,0.0,WSW,43.0,NW,WNW,13.0,28.0,71.0,60.0,1013.7,1009.8,0.0,0.0,17.0,18.3,No,0.0,0.85,69.36158192090396,0.87,0.418,0.35514018691588783
7664,11.5,16.8,10.2,0.0,0.0,SW,67.0,WNW,SW,20.0,28.0,73.0,67.0,1007.5,1011.8,0.0,0.0,15.0,13.1,Yes,0.0,0.92,69.36158192090396,0.97,0.418,0.5294117647058824
7665,7.3,15.4,1.4,0.0,0.0,SW,31.0,WSW,SW,17.0,11.0,57.0,64.0,1022.3,1022.3,0.0,0.0,14.0,13.9,Yes,0.0,1.12,69.36158192090396,0.92,0.418,0.3869047619047619
7667,9.8,20.9,0.0,0.0,0.0,W,46.0,WNW,W,17.0,28.0,69.0,77.0,1015.1,1015.5,0.0,0.0,17.4,17.8,No,0.0,1.12,69.36158192090396,1.11,0.418,0.4396551724137931
7669,9.9,22.8,0.2,0.0,0.0,SSW,30.0,ENE,S,9.0,20.0,78.0,79.0,1021.1,1016.0,0.0,0.0,17.6,20.7,No,0.0,1.01,69.36158192090396,1.14,0.418,0.23243243243243245
7670,13.8,18.8,0.0,0.0,0.0,SSW,41.0,WSW,SSW,17.0,19.0,77.0,100.0,1013.3,1016.2,0.0,0.0,18.6,13.4,No,0.0,1.3,69.36158192090396,1.44,0.418,0.6990291262135923
7671,10.9,15.2,3.0,0.0,0.0,SSW,24.0,SSW,S,7.0,11.0,68.0,66.0,1019.6,1018.1,0.0,0.0,14.3,14.7,Yes,0.0,0.97,69.36158192090396,0.95,0.418,0.3869047619047619
7672,7.7,17.6,0.0,0.0,0.0,S,26.0,W,S,7.0,15.0,67.0,78.0,1015.9,1013.0,0.0,0.0,14.6,14.4,No,0.0,1.16,69.36158192090396,1.12,0.418,0.23243243243243245
7673,10.5,18.1,0.0,0.0,0.0,SE,26.0,WSW,SE,11.0,17.0,72.0,66.0,1012.0,1010.2,0.0,0.0,14.8,16.2,No,0.0,0.92,69.36158192090396,0.95,0.418,0.35514018691588783
7674,7.6,19.5,0.0,0.0,0.0,W,41.0,NNW,W,15.0,19.0,64.0,85.0,1008.2,1006.0,0.0,0.0,16.0,15.0,No,0.0,1.33,69.36158192090396,1.23,0.418,0.6990291262135923
7676,10.2,19.7,1.0,0.0,0.0,SW,31.0,WSW,SSE,13.0,11.0,82.0,66.0,1020.5,1021.3,0.0,0.0,15.8,17.5,No,0.0,0.8,69.36158192090396,0.95,0.418,0.2891566265060241
7677,7.3,23.2,0.0,0.0,0.0,S,26.0,ENE,SSE,4.0,11.0,70.0,70.0,1024.4,1021.8,0.0,0.0,16.9,18.6,No,0.0,1.0,69.36158192090396,1.01,0.418,0.2891566265060241
7680,0.0,18.7,0.8,0.0,0.0,WSW,65.0,SSW,SSW,11.0,13.0,79.0,93.0,1003.3,1008.4,0.0,0.0,16.9,12.4,No,0.0,1.18,69.36158192090396,1.34,0.418,0.39520958083832336
7686,8.1,21.7,0.0,0.0,0.0,SSE,31.0,E,S,11.0,13.0,61.0,65.0,1021.8,1019.9,0.0,0.0,18.1,19.2,No,0.0,1.07,69.36158192090396,0.94,0.418,0.2891566265060241
7687,9.0,21.5,0.0,0.0,0.0,SE,35.0,ESE,SSE,11.0,20.0,62.0,66.0,1022.1,1021.3,0.0,0.0,20.0,20.0,No,0.0,1.06,69.36158192090396,0.95,0.418,0.2891566265060241
7690,14.7,20.9,0.0,0.0,0.0,SSW,33.0,S,SSE,15.0,13.0,73.0,65.0,1015.9,1016.4,0.0,0.0,18.5,18.7,Null,0.0,0.89,69.36158192090396,0.94,0.418,0.3869047619047619
7696,10.4,23.2,0.0,0.0,0.0,W,63.0,WNW,WNW,20.0,22.0,63.0,97.0,1005.6,1004.4,0.0,0.0,17.8,17.1,No,0.0,1.54,69.36158192090396,1.4,0.418,0.9321739130434783
7698,7.6,22.4,0.0,0.0,0.0,WNW,44.0,NW,SW,15.0,22.0,59.0,69.0,1014.0,1013.9,0.0,0.0,18.3,17.3,No,0.0,1.17,69.36158192090396,0.99,0.418,0.3865546218487395
7699,9.4,22.4,0.8,0.0,0.0,W,48.0,WNW,WNW,17.0,26.0,64.0,58.0,1015.9,1012.2,0.0,0.0,18.2,21.4,No,0.0,0.91,69.36158192090396,0.84,0.418,0.3865546218487395
7702,10.0,27.5,0.0,0.0,0.0,S,31.0,N,S,9.0,13.0,52.0,69.0,1016.7,1015.3,0.0,0.0,21.7,21.8,No,0.0,1.33,69.36158192090396,0.99,0.418,0.2891566265060241
7705,13.9,18.0,24.0,0.0,0.0,SE,41.0,SE,SSE,19.0,20.0,100.0,80.0,1012.3,1015.1,0.0,0.0,14.8,16.5,Yes,0.0,0.8,69.36158192090396,1.15,0.418,0.640074211502783
7706,12.0,19.2,3.4,0.0,0.0,S,26.0,S,SSE,15.0,9.0,77.0,75.0,1021.6,1021.5,0.0,0.0,15.5,18.3,Yes,0.0,0.97,69.36158192090396,1.08,0.418,0.3674698795180723
7708,12.8,27.9,0.0,0.0,0.0,NNE,39.0,N,WSW,11.0,20.0,59.0,64.0,1013.6,1011.4,0.0,0.0,22.7,22.7,No,0.0,1.08,69.36158192090396,0.92,0.418,0.3865546218487395
7711,10.9,21.5,0.0,0.0,0.0,WSW,39.0,W,SW,17.0,22.0,61.0,64.0,1012.6,1013.2,0.0,0.0,19.0,18.9,No,0.0,1.05,69.36158192090396,0.92,0.418,0.3865546218487395
7715,16.0,23.7,0.6,0.0,0.0,WSW,35.0,SW,SSW,13.0,19.0,75.0,62.0,1010.0,1009.9,0.0,0.0,18.6,22.8,No,0.0,0.83,69.36158192090396,0.89,0.418,0.35514018691588783
7717,9.0,23.4,0.0,0.0,0.0,S,30.0,S,SSE,11.0,13.0,69.0,53.0,1009.6,1008.7,0.0,0.0,20.2,22.2,No,0.0,0.77,69.36158192090396,0.76,0.418,0.35514018691588783
7720,11.4,18.8,12.2,0.0,0.0,SW,59.0,SW,SW,24.0,30.0,82.0,65.0,1002.2,1005.0,0.0,0.0,14.8,17.8,Yes,0.0,0.79,69.36158192090396,0.94,0.418,0.5357142857142857
7721,12.5,18.7,3.8,0.0,0.0,SSW,50.0,SW,SSW,15.0,22.0,80.0,71.0,1010.5,1011.5,0.0,0.0,14.0,15.8,Yes,0.0,0.89,69.36158192090396,1.02,0.418,0.6853146853146853
7723,11.4,17.4,0.0,0.0,0.0,SSW,28.0,SW,SSW,7.0,11.0,68.0,95.0,1010.5,1010.4,0.0,0.0,16.5,14.7,No,0.0,1.4,69.36158192090396,1.37,0.418,0.6990291262135923
7724,12.9,20.6,4.6,0.0,0.0,SSW,28.0,S,S,11.0,13.0,85.0,69.0,1017.5,1017.9,0.0,0.0,16.7,18.3,Yes,0.0,0.81,69.36158192090396,0.99,0.418,0.3869047619047619
7727,10.9,16.2,0.0,1.0,3.6,NNW,59.0,N,NNW,17.0,26.0,56.0,50.0,1010.9,1008.4,6.0,7.0,13.0,14.8,No,1.17,0.89,51.233695652173914,0.98,0.277,0.5620915032679739
7728,6.7,8.7,8.0,2.4,0.0,SSW,26.0,SSW,SSE,15.0,11.0,90.0,83.0,1016.4,1016.2,8.0,8.0,6.8,8.3,Yes,1.0,0.92,51.233695652173914,1.62,0.277,0.3674698795180723
7729,6.8,11.5,4.6,0.2,0.0,SSE,44.0,NNW,SSE,6.0,20.0,92.0,91.0,1019.6,1018.8,8.0,8.0,8.5,10.7,Yes,1.0,0.99,51.233695652173914,1.78,0.277,0.8900523560209425
7730,8.1,10.8,0.8,0.4,2.1,SSW,33.0,SSW,SSW,22.0,19.0,71.0,74.0,1023.7,1023.3,7.0,7.0,8.4,9.9,No,1.0,1.04,51.233695652173914,1.44,0.277,0.334841628959276
7732,5.2,11.7,0.0,0.8,2.5,NNW,48.0,NNW,ESE,11.0,9.0,86.0,84.0,1027.1,1025.2,8.0,7.0,6.8,9.8,No,0.88,0.98,51.233695652173914,1.64,0.277,0.9321739130434783
7735,4.8,15.9,0.0,1.6,4.9,NW,81.0,N,N,19.0,41.0,62.0,47.0,996.5,988.0,1.0,7.0,12.3,14.6,No,7.0,0.76,51.233695652173914,0.92,0.277,0.5620915032679739
7736,8.4,12.0,0.2,2.8,3.3,WNW,102.0,NNE,NNW,15.0,41.0,72.0,58.0,988.1,977.1,6.0,7.0,10.6,10.3,No,1.17,0.81,51.233695652173914,1.13,0.277,0.6691176470588235
7737,2.4,11.4,14.4,3.4,5.5,W,113.0,W,W,20.0,39.0,50.0,48.0,996.6,1002.2,2.0,6.0,4.7,7.4,Yes,3.0,0.96,51.233695652173914,0.94,0.277,0.5294117647058824
7738,3.1,14.7,0.6,4.2,2.6,WNW,107.0,WNW,WNW,54.0,46.0,52.0,51.0,1005.3,1005.7,7.0,7.0,10.8,13.4,No,1.0,0.98,51.233695652173914,1.0,0.277,0.5620915032679739
7739,10.7,14.9,2.4,1.6,3.3,NW,78.0,NNW,NW,22.0,13.0,59.0,52.0,1019.4,1020.2,6.0,7.0,13.7,13.5,Yes,1.17,0.88,51.233695652173914,1.01,0.277,0.6853146853146853
7742,8.6,14.8,0.0,2.8,1.4,NW,104.0,NW,NW,54.0,30.0,46.0,72.0,1004.6,1003.8,7.0,7.0,14.4,13.5,No,1.0,1.57,51.233695652173914,1.41,0.277,0.6176470588235294
7743,9.8,15.6,3.2,2.0,6.5,WNW,87.0,N,NW,24.0,22.0,50.0,44.0,1011.1,1012.6,2.0,3.0,12.8,14.1,Yes,1.5,0.88,51.233695652173914,0.86,0.277,0.3741496598639456
7745,4.5,14.1,0.0,2.0,6.6,NNW,46.0,NW,NNW,13.0,19.0,70.0,48.0,1015.0,1008.2,1.0,6.0,8.1,13.0,No,6.0,0.69,51.233695652173914,0.94,0.277,0.3586206896551724
7746,8.0,15.9,10.6,3.0,6.1,NW,74.0,NNW,NW,26.0,28.0,66.0,68.0,983.9,978.2,1.0,6.0,13.6,11.3,Yes,6.0,1.03,51.233695652173914,1.33,0.277,0.7596899224806202
7747,3.7,7.7,7.6,3.8,3.8,WSW,65.0,WSW,SW,15.0,28.0,67.0,66.0,987.2,993.3,7.0,7.0,4.7,4.8,Yes,1.0,0.99,51.233695652173914,1.29,0.277,0.7596899224806202
7748,1.7,9.6,6.0,0.6,7.4,NNW,43.0,N,NW,9.0,17.0,73.0,57.0,1005.1,1002.7,7.0,7.0,4.7,8.8,Yes,1.0,0.78,51.233695652173914,1.11,0.277,0.23722627737226276
7749,2.8,12.1,0.0,1.0,5.8,NW,69.0,NNW,NNW,20.0,15.0,84.0,56.0,998.4,994.2,5.0,6.0,3.8,11.4,No,1.2,0.67,51.233695652173914,1.09,0.277,0.6691176470588235
7750,3.6,10.3,10.8,2.8,5.6,NW,72.0,NW,NW,26.0,22.0,72.0,54.0,996.8,998.5,3.0,7.0,5.1,8.8,Yes,2.33,0.75,51.233695652173914,1.05,0.277,0.6853146853146853
7751,4.3,13.9,3.0,2.4,4.0,NW,83.0,NNW,NW,22.0,24.0,55.0,46.0,1003.5,1001.7,1.0,7.0,6.9,9.8,Yes,7.0,0.84,51.233695652173914,0.9,0.277,0.5294117647058824
7752,6.4,15.9,2.6,2.6,8.4,0,0.0,W,NNW,39.0,13.0,47.0,41.0,1005.9,1007.6,3.0,4.0,13.5,15.0,Yes,1.33,0.87,51.233695652173914,0.8,0.277,0.23722627737226276
7753,9.7,14.5,0.4,2.2,3.8,SW,85.0,N,W,13.0,39.0,60.0,58.0,1006.3,1005.1,4.0,7.0,11.3,12.1,No,1.75,0.97,51.233695652173914,1.13,0.277,0.6691176470588235
7755,4.8,14.3,1.8,2.8,8.0,WNW,46.0,NNW,NW,17.0,20.0,61.0,42.0,1006.8,1008.5,6.0,1.0,10.4,13.6,Yes,0.17,0.69,51.233695652173914,0.82,0.277,0.23722627737226276
7756,2.1,11.8,0.0,1.6,5.6,WSW,48.0,N,S,11.0,6.0,67.0,64.0,1008.2,1003.4,1.0,7.0,5.8,11.2,No,7.0,0.96,51.233695652173914,1.25,0.277,0.5362318840579711
7758,8.0,12.5,0.0,1.4,3.7,S,44.0,SSW,S,17.0,9.0,68.0,70.0,1024.5,1026.4,7.0,3.0,9.3,10.3,No,0.43,1.03,51.233695652173914,1.37,0.277,0.2396694214876033
7764,5.6,16.3,0.0,1.6,5.9,N,76.0,N,N,9.0,44.0,75.0,35.0,1012.4,1003.0,6.0,7.0,9.2,16.1,No,1.17,0.47,51.233695652173914,0.68,0.277,0.5620915032679739
7765,8.9,14.4,1.4,3.6,8.8,NW,67.0,NNW,NW,31.0,41.0,57.0,35.0,999.4,999.0,1.0,3.0,10.4,12.9,Yes,3.0,0.61,51.233695652173914,0.68,0.277,0.5294117647058824
7766,5.8,12.2,0.2,2.8,5.7,SW,54.0,NNW,NNW,26.0,6.0,71.0,53.0,1005.0,1008.9,7.0,5.0,6.7,11.4,No,0.71,0.75,51.233695652173914,1.03,0.277,0.5362318840579711
7767,6.1,16.9,0.2,2.4,5.2,NW,65.0,N,NNW,30.0,31.0,61.0,39.0,1010.2,1005.4,7.0,7.0,10.5,16.0,No,1.0,0.64,51.233695652173914,0.76,0.277,0.5620915032679739
7768,8.5,15.1,0.0,2.8,7.4,W,87.0,NE,NNW,9.0,24.0,68.0,61.0,1009.5,1005.1,7.0,7.0,10.1,13.8,No,1.0,0.9,51.233695652173914,1.19,0.277,0.6691176470588235
7772,8.7,11.8,2.2,1.6,4.7,S,50.0,S,S,11.0,22.0,77.0,64.0,1019.1,1021.2,7.0,6.0,10.1,10.2,Yes,0.86,0.83,51.233695652173914,1.25,0.277,0.6853146853146853
7774,4.4,18.0,0.2,3.2,4.3,N,63.0,NNW,N,28.0,28.0,45.0,60.0,1003.9,998.5,7.0,7.0,16.5,15.5,No,1.0,1.33,51.233695652173914,1.17,0.277,0.6691176470588235
7775,6.4,11.8,0.8,3.6,0.3,NNW,54.0,NNW,NNW,13.0,22.0,66.0,55.0,1000.6,999.7,7.0,7.0,8.0,11.2,No,1.0,0.83,51.233695652173914,1.07,0.277,0.5362318840579711
7780,3.2,14.1,0.0,0.4,5.5,S,37.0,NNW,SE,17.0,17.0,68.0,74.0,1011.4,1011.7,5.0,7.0,6.6,9.6,No,1.4,1.09,51.233695652173914,1.44,0.277,0.437125748502994
7782,9.2,14.9,0.0,3.6,3.8,NNW,69.0,N,NW,24.0,31.0,54.0,45.0,1010.6,1007.0,6.0,7.0,12.1,13.8,No,1.17,0.83,51.233695652173914,0.88,0.277,0.5620915032679739
7783,5.2,12.3,2.0,3.6,8.4,SW,56.0,SW,NNW,24.0,7.0,43.0,38.0,1015.9,1016.4,5.0,5.0,8.6,11.7,Yes,1.0,0.88,51.233695652173914,0.74,0.277,0.5294117647058824
7785,3.7,15.9,0.0,1.8,5.4,NW,33.0,NNW,SE,20.0,9.0,71.0,59.0,1023.2,1018.6,7.0,7.0,7.9,13.8,No,1.0,0.83,51.233695652173914,1.15,0.277,0.22767857142857142
7789,5.5,14.1,0.0,1.8,1.6,N,33.0,NNW,NE,9.0,9.0,81.0,73.0,1005.6,1002.8,7.0,7.0,8.5,12.8,No,1.0,0.9,51.233695652173914,1.42,0.277,0.437125748502994
7795,13.3,19.8,0.2,4.6,2.1,N,35.0,NNW,NNE,9.0,11.0,78.0,56.0,1012.7,1008.0,7.0,7.0,14.7,19.3,No,1.0,0.72,51.233695652173914,1.09,0.277,0.31519274376417233
7796,10.8,15.7,4.2,2.6,4.4,S,35.0,S,ESE,20.0,15.0,86.0,67.0,1010.3,1010.5,7.0,4.0,11.6,13.1,Yes,0.57,0.78,51.233695652173914,1.31,0.277,0.3869047619047619
7797,7.8,17.2,0.2,3.8,1.5,SW,43.0,N,E,17.0,13.0,59.0,67.0,1010.4,1010.7,6.0,7.0,11.9,13.2,No,1.17,1.14,51.233695652173914,1.31,0.277,0.31519274376417233
7798,3.6,11.6,0.0,1.4,6.9,S,31.0,NNW,SW,15.0,19.0,56.0,57.0,1019.6,1020.3,1.0,7.0,9.1,10.1,No,7.0,1.02,51.233695652173914,1.11,0.277,0.22767857142857142
7800,4.6,13.9,0.0,2.6,6.0,E,35.0,SE,E,4.0,19.0,66.0,66.0,1016.9,1011.7,3.0,7.0,10.7,12.9,No,2.33,1.0,51.233695652173914,1.29,0.277,0.22767857142857142
7801,9.5,12.8,22.2,0.4,0.0,SSW,61.0,SSW,S,30.0,17.0,93.0,83.0,1002.8,1003.6,8.0,8.0,9.5,10.1,Yes,1.0,0.89,51.233695652173914,1.62,0.277,0.8387096774193549
7802,6.3,16.1,12.6,2.6,8.4,NNW,39.0,NW,WNW,17.0,19.0,48.0,42.0,1011.9,1010.3,3.0,5.0,12.6,15.9,Yes,1.67,0.88,51.233695652173914,0.82,0.277,0.23722627737226276
7804,9.8,12.9,2.6,3.2,0.3,NNW,22.0,W,SE,4.0,2.0,99.0,100.0,1009.2,1005.7,8.0,7.0,11.0,12.3,Yes,0.88,1.01,51.233695652173914,1.95,0.277,0.8900523560209425
7805,5.7,14.9,8.0,1.2,6.1,ESE,26.0,NNW,SE,15.0,13.0,99.0,71.0,1007.5,1007.4,4.0,5.0,10.6,13.6,Yes,1.25,0.72,51.233695652173914,1.39,0.277,0.3484848484848485
7807,8.7,15.1,0.2,1.8,1.3,SE,22.0,0,ESE,0.0,9.0,73.0,62.0,1013.9,1011.5,7.0,7.0,12.2,14.6,No,1.0,0.85,51.233695652173914,1.21,0.277,0.22767857142857142
7808,7.8,15.6,0.0,3.4,6.3,SE,28.0,NNE,ESE,7.0,15.0,70.0,70.0,1015.5,1015.0,7.0,6.0,13.9,14.1,No,0.86,1.0,51.233695652173914,1.37,0.277,0.2891566265060241
7810,8.5,19.5,0.0,2.4,7.8,NE,37.0,NNW,NNW,20.0,19.0,61.0,49.0,1010.3,1005.1,6.0,7.0,14.1,18.3,No,1.17,0.8,51.233695652173914,0.96,0.277,0.2354948805460751
7812,4.9,16.8,0.0,3.2,10.0,SE,30.0,NNW,E,13.0,17.0,56.0,44.0,1010.7,1007.3,7.0,6.0,11.7,14.8,No,0.86,0.79,51.233695652173914,0.86,0.277,0.2354948805460751
7813,5.0,17.7,1.0,2.8,10.9,ESE,31.0,NNW,ESE,20.0,19.0,70.0,48.0,1008.2,1006.1,3.0,2.0,10.5,15.3,No,0.67,0.69,51.233695652173914,0.94,0.277,0.35514018691588783
7815,8.2,15.2,0.4,2.8,0.0,ENE,54.0,NNE,ENE,11.0,28.0,81.0,77.0,997.8,994.1,8.0,8.0,13.7,14.2,No,1.0,0.95,51.233695652173914,1.5,0.277,0.6176470588235294
7816,11.3,13.8,39.0,4.6,2.5,E,56.0,ESE,NNW,37.0,24.0,93.0,80.0,989.5,987.4,8.0,5.0,12.6,12.0,Yes,0.62,0.86,51.233695652173914,1.56,0.277,0.640074211502783
7818,8.9,18.4,1.0,2.0,4.0,N,48.0,NNW,NNW,19.0,11.0,55.0,47.0,1002.9,999.0,5.0,7.0,14.1,17.0,No,1.4,0.85,51.233695652173914,0.92,0.277,0.2354948805460751
7820,8.8,15.8,1.0,5.0,7.2,NW,67.0,N,WSW,22.0,24.0,48.0,51.0,984.6,987.1,3.0,7.0,12.3,12.9,No,2.33,1.06,51.233695652173914,1.0,0.277,0.5620915032679739
7821,5.7,14.9,1.8,3.8,6.8,W,104.0,NNE,WNW,19.0,26.0,65.0,84.0,998.3,990.8,7.0,7.0,9.3,10.0,Yes,1.0,1.29,51.233695652173914,1.64,0.277,0.9321739130434783
7825,7.4,18.9,0.0,4.6,0.7,NNW,106.0,NNW,NNW,30.0,43.0,47.0,44.0,1005.1,992.4,8.0,7.0,11.5,18.2,No,0.88,0.94,51.233695652173914,0.86,0.277,0.5620915032679739
7826,7.3,13.1,9.4,4.8,9.0,WNW,80.0,NW,WNW,24.0,28.0,79.0,45.0,993.6,994.2,7.0,4.0,7.7,12.7,Yes,0.57,0.57,51.233695652173914,0.88,0.277,0.5294117647058824
7827,4.6,14.3,4.0,3.2,6.9,NW,57.0,NNW,ENE,22.0,7.0,39.0,46.0,1004.7,1005.8,1.0,6.0,10.2,11.4,Yes,6.0,1.18,51.233695652173914,0.9,0.277,0.5294117647058824
7828,7.5,11.1,1.6,3.0,6.5,S,61.0,SSW,SW,11.0,24.0,66.0,58.0,1009.6,1013.6,7.0,4.0,8.7,8.3,Yes,0.57,0.88,51.233695652173914,1.13,0.277,0.6853146853146853
7831,8.2,26.1,0.0,2.4,5.1,NW,80.0,NNW,NW,33.0,37.0,44.0,22.0,1006.9,1001.0,6.0,7.0,15.2,24.9,No,1.17,0.5,51.233695652173914,0.43,0.277,0.5620915032679739
7832,14.0,17.9,0.6,6.2,0.0,NW,78.0,NW,0,17.0,0.0,78.0,91.0,994.8,993.1,8.0,8.0,15.2,13.4,No,1.0,1.17,51.233695652173914,1.78,0.277,0.9321739130434783
7836,5.3,18.0,0.4,2.2,5.9,NNW,59.0,N,NNW,19.0,28.0,55.0,34.0,1015.3,1011.1,7.0,7.0,10.1,17.3,No,1.0,0.62,51.233695652173914,0.66,0.277,0.5620915032679739
7837,10.1,15.2,1.0,3.4,0.4,NNW,76.0,NW,WNW,30.0,13.0,66.0,45.0,1000.7,1005.8,8.0,7.0,15.2,15.0,No,0.88,0.68,51.233695652173914,0.88,0.277,0.5620915032679739
7838,6.4,12.9,17.2,7.2,7.0,SSW,65.0,SSW,SSE,30.0,33.0,73.0,57.0,1017.2,1019.2,7.0,4.0,9.0,10.5,Yes,0.57,0.78,51.233695652173914,1.11,0.277,0.6853146853146853
7839,5.9,12.8,11.0,4.6,7.2,SSW,50.0,SSW,SSW,9.0,20.0,61.0,57.0,1024.7,1023.0,6.0,7.0,8.8,11.0,Yes,1.17,0.93,51.233695652173914,1.11,0.277,0.6853146853146853
7840,8.1,13.6,0.2,3.2,9.7,SW,33.0,NNE,ESE,9.0,20.0,57.0,65.0,1019.9,1016.1,3.0,5.0,12.3,12.4,No,1.67,1.14,51.233695652173914,1.27,0.277,0.2891566265060241
7846,12.4,25.8,0.0,3.0,6.8,WNW,93.0,N,NW,24.0,44.0,68.0,27.0,993.8,984.2,7.0,3.0,17.4,24.4,No,0.43,0.4,51.233695652173914,0.53,0.277,0.5620915032679739
7847,6.7,15.1,0.0,7.8,9.3,WNW,65.0,N,WNW,28.0,31.0,53.0,97.0,1000.9,1003.1,2.0,7.0,9.6,13.0,No,3.5,1.83,51.233695652173914,1.89,0.277,0.9321739130434783
7849,6.1,17.3,5.4,7.0,4.9,NW,65.0,NE,WNW,13.0,24.0,53.0,60.0,1004.5,1004.8,5.0,7.0,11.0,15.7,Yes,1.4,1.13,51.233695652173914,1.17,0.277,0.6853146853146853
7850,11.0,18.8,0.2,2.8,5.0,NW,54.0,NW,NW,26.0,22.0,56.0,48.0,1010.2,1009.4,7.0,8.0,15.5,17.2,No,1.14,0.86,51.233695652173914,0.94,0.277,0.2354948805460751
7852,7.2,14.7,7.8,7.4,6.1,WSW,76.0,ENE,WSW,9.0,26.0,50.0,52.0,994.0,996.1,6.0,6.0,11.6,12.0,Yes,1.0,1.04,51.233695652173914,1.01,0.277,0.6853146853146853
7853,8.0,17.1,0.2,3.4,5.0,WNW,50.0,0,SSE,0.0,11.0,69.0,64.0,1000.2,999.9,7.0,7.0,10.9,13.4,No,1.0,0.93,51.233695652173914,1.25,0.277,0.5362318840579711
7854,10.8,17.9,0.2,3.6,4.1,NNW,72.0,NNW,NNW,43.0,22.0,45.0,46.0,994.0,994.1,8.0,8.0,14.2,16.8,No,1.0,1.02,51.233695652173914,0.9,0.277,0.5620915032679739
7857,6.7,15.2,0.0,4.8,5.6,SE,30.0,N,SSE,7.0,19.0,53.0,60.0,1011.6,1011.4,5.0,7.0,13.7,13.6,No,1.4,1.13,51.233695652173914,1.17,0.277,0.22767857142857142
7859,11.7,15.6,4.0,3.8,1.8,ESE,43.0,NE,ENE,7.0,24.0,77.0,72.0,1006.7,1003.5,7.0,7.0,14.1,13.9,Yes,1.0,0.94,51.233695652173914,1.41,0.277,0.640074211502783
7860,10.5,11.8,12.4,4.4,0.0,S,46.0,SSE,SSE,24.0,24.0,87.0,91.0,998.8,999.1,8.0,8.0,10.5,11.0,Yes,1.0,1.05,51.233695652173914,1.78,0.277,0.8900523560209425
7861,8.8,14.7,14.4,0.8,2.9,SSW,35.0,SSW,SE,19.0,20.0,63.0,69.0,1007.6,1008.6,7.0,7.0,11.5,12.6,Yes,1.0,1.1,51.233695652173914,1.35,0.277,0.3869047619047619
7862,9.7,19.3,0.4,2.4,8.0,WSW,69.0,NNW,SW,20.0,30.0,62.0,50.0,1008.5,1008.4,7.0,6.0,14.7,17.9,No,0.86,0.81,51.233695652173914,0.98,0.277,0.5620915032679739
7863,12.4,18.2,0.2,5.6,7.2,SW,39.0,SE,SE,20.0,20.0,76.0,67.0,1019.8,1020.7,7.0,1.0,13.0,15.8,No,0.14,0.88,51.233695652173914,1.31,0.277,0.2396694214876033
7868,13.3,28.5,0.0,5.0,4.0,NNW,59.0,NW,N,24.0,13.0,74.0,51.0,1008.9,1004.7,7.0,7.0,15.8,26.3,No,1.0,0.69,51.233695652173914,1.0,0.277,0.5620915032679739
7870,9.5,13.5,15.8,5.6,0.8,SSE,43.0,S,S,20.0,26.0,82.0,69.0,1016.6,1016.5,8.0,8.0,10.6,12.5,Yes,1.0,0.84,51.233695652173914,1.35,0.277,0.3869047619047619
7871,6.1,15.2,1.2,2.4,10.4,SE,37.0,NE,SE,13.0,24.0,57.0,54.0,1015.6,1009.7,6.0,2.0,12.1,13.6,Yes,0.33,0.95,51.233695652173914,1.05,0.277,0.23722627737226276
7873,11.9,18.7,0.2,5.8,7.5,WNW,57.0,NNW,N,28.0,9.0,57.0,49.0,1009.2,1009.8,6.0,7.0,13.1,17.1,No,1.17,0.86,51.233695652173914,0.96,0.277,0.2354948805460751
7875,10.4,18.2,0.0,6.6,9.1,SE,39.0,E,ESE,11.0,19.0,51.0,59.0,1011.8,1010.3,4.0,7.0,14.8,15.2,No,1.75,1.16,51.233695652173914,1.15,0.277,0.31519274376417233
7876,8.6,17.4,0.8,5.0,5.7,SE,30.0,NE,SE,11.0,20.0,63.0,65.0,1014.5,1014.2,7.0,5.0,15.0,15.7,No,0.71,1.03,51.233695652173914,1.27,0.277,0.2891566265060241
7877,12.7,18.7,0.4,5.2,5.4,SW,33.0,SE,SSE,9.0,19.0,78.0,59.0,1012.9,1010.7,7.0,7.0,15.2,17.8,No,1.0,0.76,51.233695652173914,1.15,0.277,0.31519274376417233
7878,13.6,21.4,3.8,4.6,4.2,ENE,33.0,NW,ESE,11.0,20.0,78.0,67.0,1008.9,1004.4,7.0,7.0,16.7,20.6,Yes,1.0,0.86,51.233695652173914,1.31,0.277,0.45652173913043476
7885,11.8,24.0,1.2,5.8,6.4,NNW,83.0,WNW,NNW,6.0,35.0,83.0,39.0,993.2,981.9,8.0,1.0,13.2,23.9,Yes,0.12,0.47,51.233695652173914,0.76,0.277,0.5357142857142857
7890,14.6,30.2,0.0,8.4,5.5,NW,91.0,NNW,WNW,20.0,28.0,32.0,18.0,1002.8,996.5,8.0,7.0,19.9,30.2,No,0.88,0.56,51.233695652173914,0.35,0.277,0.5620915032679739
7894,12.9,21.0,0.0,8.2,8.1,W,85.0,NNW,W,22.0,30.0,61.0,55.0,997.1,998.6,6.0,7.0,16.6,13.1,No,1.17,0.9,51.233695652173914,1.07,0.277,0.6691176470588235
7896,7.4,24.0,0.0,7.0,5.5,NNW,63.0,NNW,NNW,26.0,24.0,53.0,27.0,1013.8,1005.6,7.0,7.0,13.3,22.3,No,1.0,0.51,51.233695652173914,0.53,0.277,0.5620915032679739
7900,12.0,25.5,0.0,6.4,10.0,ESE,39.0,N,ESE,20.0,30.0,58.0,73.0,1015.7,1014.2,6.0,7.0,19.5,17.2,No,1.17,1.26,51.233695652173914,1.42,0.277,0.437125748502994
7902,15.7,26.5,0.0,6.8,13.0,ESE,39.0,NNW,ESE,15.0,24.0,60.0,76.0,1013.9,1012.0,3.0,2.0,23.3,19.4,No,0.67,1.27,51.233695652173914,1.48,0.277,0.437125748502994
7903,17.6,23.6,0.0,7.2,5.5,SW,48.0,S,SW,11.0,24.0,59.0,48.0,1003.7,1007.2,7.0,3.0,20.8,22.8,No,0.43,0.81,51.233695652173914,0.94,0.277,0.2354948805460751
7905,14.7,18.0,7.2,5.2,0.0,NNE,26.0,ENE,SSE,2.0,6.0,94.0,92.0,1008.7,1005.7,8.0,8.0,16.2,17.4,Yes,1.0,0.98,51.233695652173914,1.8,0.277,0.8900523560209425
7906,16.0,20.0,12.6,1.4,0.9,SE,24.0,SE,SE,9.0,15.0,96.0,89.0,1006.9,1005.4,8.0,8.0,16.8,18.0,Yes,1.0,0.93,51.233695652173914,1.74,0.277,0.8609271523178808
7907,16.6,25.5,20.8,1.8,7.1,SE,41.0,S,SSW,11.0,20.0,81.0,72.0,997.2,993.4,7.0,6.0,20.0,22.9,Yes,0.86,0.89,51.233695652173914,1.41,0.277,0.640074211502783
7908,16.3,24.6,0.2,5.2,0.0,NW,43.0,WNW,ESE,15.0,9.0,66.0,49.0,999.9,1000.4,7.0,6.0,17.1,22.7,No,0.86,0.74,51.233695652173914,0.96,0.277,0.2354948805460751
7911,7.1,14.4,0.0,0.0,0.0,NNW,43.0,NNW,N,20.0,24.0,83.0,80.0,0.0,0.0,1.0,6.0,11.9,13.9,No,6.0,0.96,60.80978260869565,1.32,0.31,0.5
7912,9.3,13.4,10.2,0.0,0.0,NNW,30.0,S,SE,4.0,2.0,97.0,93.0,0.0,0.0,8.0,8.0,9.6,10.4,Yes,1.0,0.96,60.80978260869565,1.53,0.31,0.8609271523178808
7913,7.2,13.1,8.4,0.0,0.0,SSE,44.0,SSE,SSE,13.0,17.0,89.0,79.0,0.0,0.0,8.0,8.0,8.8,12.9,Yes,1.0,0.89,60.80978260869565,1.3,0.31,0.640074211502783
7914,8.8,11.7,0.0,0.0,0.0,SSE,56.0,SSE,SSE,26.0,30.0,78.0,63.0,0.0,0.0,8.0,8.0,9.2,11.3,No,1.0,0.81,60.80978260869565,1.04,0.31,0.5362318840579711
7916,6.0,13.0,0.0,0.0,0.0,SSE,19.0,SE,SSW,7.0,2.0,87.0,72.0,0.0,0.0,7.0,8.0,7.3,12.5,No,1.14,0.83,60.80978260869565,1.18,0.31,0.4563106796116505
7917,3.6,15.1,0.0,0.0,0.0,NW,13.0,0,NW,0.0,7.0,98.0,80.0,0.0,0.0,8.0,8.0,6.7,11.9,No,1.0,0.82,60.80978260869565,1.32,0.31,0.7218543046357616
7918,1.9,14.6,0.2,0.0,0.0,N,50.0,NNE,NNE,2.0,13.0,98.0,67.0,0.0,0.0,0.0,3.0,4.5,13.7,No,0.0,0.68,60.80978260869565,1.1,0.31,0.36585365853658536
7919,4.4,15.0,5.4,0.0,0.0,NNW,65.0,N,NNW,24.0,28.0,83.0,93.0,0.0,0.0,8.0,8.0,12.2,10.9,Yes,1.0,1.12,60.80978260869565,1.53,0.31,0.9321739130434783
7920,9.0,12.6,23.0,0.0,0.0,NNW,89.0,N,NNW,28.0,43.0,83.0,81.0,0.0,0.0,8.0,8.0,12.1,9.4,Yes,1.0,0.98,60.80978260869565,1.33,0.31,0.8387096774193549
7921,4.2,10.1,12.2,0.0,0.0,W,50.0,WNW,NW,13.0,19.0,67.0,57.0,0.0,0.0,0.0,0.0,5.4,9.1,Yes,0.0,0.85,60.80978260869565,0.94,0.31,0.5294117647058824
7922,5.3,14.0,0.0,0.0,0.0,NW,50.0,NNW,NNW,22.0,26.0,70.0,68.0,0.0,0.0,0.0,0.0,10.1,12.7,No,0.0,0.97,60.80978260869565,1.12,0.31,0.36585365853658536
7924,1.9,15.6,0.0,0.0,0.0,NNW,28.0,0,NNW,0.0,17.0,96.0,72.0,0.0,0.0,2.0,5.0,5.7,14.0,No,2.5,0.75,60.80978260869565,1.18,0.31,0.23243243243243245
7926,8.3,12.9,0.0,0.0,0.0,NNW,54.0,NW,NNW,28.0,22.0,86.0,94.0,0.0,0.0,8.0,8.0,12.4,11.8,No,1.0,1.09,60.80978260869565,1.55,0.31,0.9321739130434783
7927,8.3,14.5,6.2,0.0,0.0,NW,35.0,NW,NNW,11.0,17.0,75.0,63.0,0.0,0.0,0.0,0.0,10.5,13.8,Yes,0.0,0.84,60.80978260869565,1.04,0.31,0.23722627737226276
7929,2.9,13.8,0.0,0.0,0.0,NW,15.0,ENE,NNW,4.0,4.0,99.0,86.0,0.0,0.0,7.0,8.0,3.1,10.9,No,1.14,0.87,60.80978260869565,1.41,0.31,0.39520958083832336
7930,3.1,14.8,31.0,0.0,0.0,NNW,72.0,NNW,NNW,22.0,28.0,88.0,79.0,0.0,0.0,8.0,8.0,13.3,12.8,Yes,1.0,0.9,60.80978260869565,1.3,0.31,0.8387096774193549
7931,4.4,8.9,5.8,0.0,0.0,W,54.0,WSW,NW,24.0,17.0,75.0,67.0,0.0,0.0,6.0,8.0,4.5,6.8,Yes,1.33,0.89,60.80978260869565,1.1,0.31,0.6853146853146853
7933,1.5,11.7,2.8,0.0,0.0,NNW,67.0,0,NNW,0.0,20.0,98.0,75.0,0.0,0.0,8.0,8.0,5.1,11.3,Yes,1.0,0.77,60.80978260869565,1.23,0.31,0.8387096774193549
7934,4.5,10.0,6.8,0.0,0.0,NW,54.0,NNW,NNW,15.0,26.0,69.0,63.0,0.0,0.0,0.0,6.0,6.7,9.5,Yes,0.0,0.91,60.80978260869565,1.04,0.31,0.6853146853146853
7935,4.0,11.6,11.2,0.0,0.0,NW,37.0,NE,NW,6.0,20.0,76.0,56.0,0.0,0.0,0.0,0.0,7.1,10.6,Yes,0.0,0.74,60.80978260869565,0.92,0.31,0.23722627737226276
7937,8.0,15.4,0.0,0.0,0.0,W,44.0,NNW,WNW,24.0,15.0,74.0,57.0,0.0,0.0,6.0,7.0,11.4,14.2,No,1.17,0.77,60.80978260869565,0.94,0.31,0.2354948805460751
7938,-0.8,12.7,0.2,0.0,0.0,N,61.0,0,N,0.0,13.0,92.0,65.0,0.0,0.0,0.0,7.0,2.5,10.7,No,0.0,0.71,60.80978260869565,1.07,0.31,0.6691176470588235
7939,2.4,15.7,4.5,0.0,0.0,NNW,50.0,NW,NW,11.0,13.0,81.0,54.0,0.0,0.0,0.0,0.0,9.5,14.6,Yes,0.0,0.67,60.80978260869565,0.89,0.31,0.5357142857142857
7940,2.5,12.3,0.0,0.0,0.0,NNW,24.0,E,NW,4.0,13.0,97.0,94.0,0.0,0.0,5.0,8.0,5.4,12.2,No,1.6,0.97,60.80978260869565,1.55,0.31,0.39520958083832336
7943,1.8,13.7,0.0,0.0,0.0,S,19.0,0,SSW,0.0,7.0,95.0,54.0,0.0,0.0,8.0,8.0,5.2,10.9,No,1.0,0.57,60.80978260869565,0.89,0.31,0.2354948805460751
7944,5.2,12.1,0.4,0.0,0.0,E,17.0,0,E,0.0,9.0,89.0,51.0,0.0,0.0,8.0,8.0,6.5,11.0,No,1.0,0.57,60.80978260869565,0.84,0.31,0.2354948805460751
7945,0.3,12.0,0.0,0.0,0.0,ESE,15.0,E,NW,2.0,7.0,94.0,61.0,0.0,0.0,8.0,0.0,2.6,10.8,No,0.0,0.65,60.80978260869565,1.0,0.31,0.2354948805460751
7946,1.7,14.0,0.0,0.0,0.0,E,11.0,ENE,E,2.0,2.0,89.0,60.0,0.0,0.0,6.0,8.0,4.8,13.2,No,1.33,0.67,60.80978260869565,0.99,0.31,0.2354948805460751
7948,2.5,14.3,1.4,0.0,0.0,NNW,74.0,0,WNW,0.0,17.0,98.0,68.0,0.0,0.0,0.0,8.0,6.8,13.1,Yes,0.0,0.69,60.80978260869565,1.12,0.31,0.6853146853146853
7949,6.8,11.8,13.6,0.0,0.0,WNW,50.0,NW,NNW,9.0,22.0,91.0,78.0,0.0,0.0,8.0,8.0,9.9,10.3,Yes,1.0,0.86,60.80978260869565,1.28,0.31,0.640074211502783
7951,5.1,12.2,1.0,0.0,0.0,NNW,52.0,NNW,NNW,15.0,30.0,92.0,92.0,0.0,0.0,7.0,8.0,10.5,10.7,No,1.14,1.0,60.80978260869565,1.51,0.31,0.9321739130434783
7952,5.9,14.0,11.2,0.0,0.0,W,54.0,NNW,NNW,9.0,28.0,87.0,72.0,0.0,0.0,0.0,8.0,10.3,13.9,Yes,0.0,0.83,60.80978260869565,1.18,0.31,0.640074211502783
7953,3.4,14.1,0.2,0.0,0.0,NW,46.0,NNW,NNW,17.0,24.0,72.0,73.0,0.0,0.0,0.0,8.0,9.1,13.6,No,0.0,1.01,60.80978260869565,1.2,0.31,0.4563106796116505
7955,7.9,14.4,0.0,0.0,0.0,NNW,43.0,NW,NNW,9.0,24.0,91.0,76.0,0.0,0.0,8.0,8.0,11.9,13.8,No,1.0,0.84,60.80978260869565,1.25,0.31,0.437125748502994
7958,6.9,16.4,0.2,0.0,0.0,N,57.0,N,NW,35.0,19.0,58.0,94.0,0.0,0.0,7.0,8.0,15.9,12.1,No,1.14,1.62,60.80978260869565,1.55,0.31,0.9321739130434783
7959,4.0,12.5,8.8,0.0,0.0,NNW,35.0,0,NNW,0.0,17.0,98.0,80.0,0.0,0.0,7.0,8.0,8.1,11.1,Yes,1.14,0.82,60.80978260869565,1.32,0.31,0.640074211502783
7966,2.1,14.6,0.0,0.0,0.0,NW,48.0,NNW,NNW,13.0,28.0,85.0,75.0,0.0,0.0,0.0,8.0,10.1,12.8,No,0.0,0.88,60.80978260869565,1.23,0.31,0.6176470588235294
7967,5.7,13.5,6.2,0.0,0.0,NW,46.0,SE,SSE,9.0,6.0,62.0,47.0,0.0,0.0,1.0,8.0,9.0,12.0,Yes,8.0,0.76,60.80978260869565,0.77,0.31,0.23722627737226276
7970,6.2,16.6,5.2,0.0,0.0,NNW,30.0,NW,NNW,4.0,19.0,97.0,76.0,0.0,0.0,8.0,8.0,11.8,16.4,Yes,1.0,0.78,60.80978260869565,1.25,0.31,0.640074211502783
7973,4.7,16.3,0.6,0.0,0.0,E,15.0,0,NNW,0.0,2.0,96.0,72.0,0.0,0.0,8.0,8.0,7.2,15.4,No,1.0,0.75,60.80978260869565,1.18,0.31,0.4563106796116505
7974,5.3,15.6,0.6,0.0,0.0,NNW,41.0,NW,NNW,20.0,24.0,76.0,75.0,0.0,0.0,0.0,6.0,11.6,14.1,No,0.0,0.99,60.80978260869565,1.23,0.31,0.437125748502994
7977,4.3,18.7,0.0,0.0,0.0,ENE,24.0,SE,NE,4.0,13.0,80.0,54.0,0.0,0.0,7.0,8.0,10.6,17.8,No,1.14,0.68,60.80978260869565,0.89,0.31,0.2354948805460751
7979,11.9,18.3,0.5,0.0,0.0,NW,15.0,NNW,NNW,4.0,7.0,84.0,72.0,0.0,0.0,8.0,8.0,14.5,17.5,No,1.0,0.86,60.80978260869565,1.18,0.31,0.4563106796116505
7980,12.4,18.7,6.4,0.0,0.0,SE,28.0,0,SSE,0.0,9.0,97.0,65.0,0.0,0.0,8.0,0.0,14.3,18.6,Yes,0.0,0.67,60.80978260869565,1.07,0.31,0.3484848484848485
7981,7.2,15.6,0.0,0.0,0.0,NNW,37.0,NNW,NNW,17.0,24.0,82.0,75.0,0.0,0.0,1.0,8.0,12.3,15.0,No,8.0,0.91,60.80978260869565,1.23,0.31,0.437125748502994
7983,4.0,14.0,0.0,0.0,0.0,SE,19.0,ESE,SSE,9.0,6.0,81.0,59.0,0.0,0.0,8.0,7.0,8.0,13.3,No,0.88,0.73,60.80978260869565,0.97,0.31,0.2354948805460751
7984,5.5,17.5,0.4,0.0,0.0,SSE,46.0,SSE,ESE,6.0,15.0,67.0,66.0,0.0,0.0,0.0,8.0,11.9,14.2,No,0.0,0.99,60.80978260869565,1.09,0.31,0.5362318840579711
7985,9.4,13.2,15.0,0.0,0.0,S,24.0,NW,SSE,11.0,7.0,93.0,85.0,0.0,0.0,7.0,7.0,11.0,12.1,Yes,1.0,0.91,60.80978260869565,1.4,0.31,0.8609271523178808
7988,8.5,13.7,2.2,0.0,0.0,NNW,30.0,SE,NNW,6.0,11.0,93.0,92.0,0.0,0.0,7.0,8.0,11.0,10.8,Yes,1.14,0.99,60.80978260869565,1.51,0.31,0.8900523560209425
7994,6.2,18.4,0.0,0.0,0.0,NW,30.0,E,N,2.0,17.0,86.0,78.0,0.0,0.0,8.0,8.0,10.8,16.3,No,1.0,0.91,60.80978260869565,1.28,0.31,0.437125748502994
7995,10.2,17.3,4.4,0.0,0.0,SSW,33.0,NNW,NNE,20.0,2.0,70.0,46.0,0.0,0.0,0.0,8.0,13.5,15.5,Yes,0.0,0.66,60.80978260869565,0.76,0.31,0.23722627737226276
7999,8.8,16.5,1.2,0.0,0.0,N,50.0,ENE,ENE,19.0,20.0,76.0,79.0,0.0,0.0,8.0,8.0,15.3,13.8,Yes,1.0,1.04,60.80978260869565,1.3,0.31,0.8018018018018018
8000,8.1,12.8,38.2,0.0,0.0,NW,30.0,NW,NNW,7.0,15.0,97.0,79.0,0.0,0.0,8.0,6.0,9.6,12.4,Yes,0.75,0.81,60.80978260869565,1.3,0.31,0.640074211502783
8001,7.8,15.4,1.4,0.0,0.0,NNW,44.0,NNW,NNW,11.0,22.0,93.0,83.0,0.0,0.0,8.0,8.0,10.9,14.1,Yes,1.0,0.89,60.80978260869565,1.36,0.31,0.5
8002,7.8,20.0,0.8,0.0,0.0,NW,37.0,NW,NW,9.0,9.0,76.0,53.0,0.0,0.0,8.0,2.0,11.7,19.3,No,0.25,0.7,60.80978260869565,0.87,0.31,0.2354948805460751
8003,11.7,14.2,16.8,0.0,0.0,NNW,59.0,NNW,NNW,26.0,33.0,80.0,67.0,0.0,0.0,8.0,6.0,12.3,13.7,Yes,0.75,0.84,60.80978260869565,1.1,0.31,0.6853146853146853
8004,9.4,14.5,6.0,0.0,0.0,NW,41.0,NW,N,15.0,9.0,80.0,85.0,0.0,0.0,4.0,8.0,11.4,11.2,Yes,2.0,1.06,60.80978260869565,1.4,0.31,0.8900523560209425
8005,5.6,15.1,4.0,0.0,0.0,W,69.0,NNW,NNW,22.0,35.0,74.0,90.0,0.0,0.0,1.0,8.0,11.2,12.6,Yes,8.0,1.22,60.80978260869565,1.48,0.31,0.9321739130434783
8006,8.4,19.3,0.6,0.0,0.0,NW,48.0,NNW,NNW,15.0,24.0,63.0,68.0,0.0,0.0,0.0,8.0,12.7,16.6,No,0.0,1.08,60.80978260869565,1.12,0.31,0.5362318840579711
8009,7.1,17.4,0.0,0.0,0.0,NNW,76.0,NW,NW,17.0,13.0,77.0,79.0,0.0,0.0,8.0,8.0,11.9,13.9,No,1.0,1.03,60.80978260869565,1.3,0.31,0.8018018018018018
8010,9.1,14.5,8.4,0.0,0.0,NW,52.0,NW,NW,20.0,20.0,79.0,60.0,0.0,0.0,8.0,1.0,10.4,11.9,Yes,0.12,0.76,60.80978260869565,0.99,0.31,0.5294117647058824
8015,9.0,19.4,0.0,0.0,0.0,NNW,52.0,NW,NNW,11.0,31.0,91.0,54.0,0.0,0.0,8.0,8.0,11.5,18.8,No,1.0,0.59,60.80978260869565,0.89,0.31,0.2354948805460751
8016,11.5,16.7,1.8,0.0,0.0,NNW,39.0,0,N,0.0,15.0,92.0,84.0,0.0,0.0,8.0,7.0,14.1,15.5,Yes,0.88,0.91,60.80978260869565,1.38,0.31,0.8609271523178808
8017,6.9,15.4,8.0,0.0,0.0,NNW,52.0,NNW,NNW,15.0,26.0,74.0,57.0,0.0,0.0,0.0,8.0,11.3,13.9,Yes,0.0,0.77,60.80978260869565,0.94,0.31,0.3741496598639456
8018,8.7,14.4,1.6,0.0,0.0,W,57.0,NNW,N,20.0,20.0,69.0,75.0,0.0,0.0,6.0,7.0,11.0,11.0,Yes,1.17,1.09,60.80978260869565,1.23,0.31,0.8018018018018018
8020,4.4,17.1,0.0,0.0,0.0,NNW,48.0,WNW,NNW,9.0,26.0,80.0,43.0,0.0,0.0,8.0,8.0,11.5,15.9,No,1.0,0.54,60.80978260869565,0.71,0.31,0.2354948805460751
8021,11.5,13.7,9.4,0.0,0.0,WNW,52.0,NNW,NNW,19.0,19.0,90.0,71.0,0.0,0.0,8.0,8.0,13.5,12.2,Yes,1.0,0.79,60.80978260869565,1.17,0.31,0.6853146853146853
8023,5.1,15.9,2.0,0.0,0.0,SSE,43.0,SSE,SSE,28.0,17.0,46.0,41.0,0.0,0.0,8.0,7.0,9.5,14.8,Yes,0.88,0.89,60.80978260869565,0.67,0.31,0.23722627737226276
8026,12.2,17.8,1.2,0.0,0.0,NW,46.0,NNW,NNW,20.0,19.0,87.0,68.0,0.0,0.0,8.0,2.0,13.6,16.1,Yes,0.25,0.78,60.80978260869565,1.12,0.31,0.45652173913043476
8028,6.8,17.1,0.0,0.0,0.0,NNW,39.0,NW,NW,7.0,24.0,77.0,43.0,0.0,0.0,8.0,1.0,11.7,16.1,No,0.12,0.56,60.80978260869565,0.71,0.31,0.2354948805460751
8030,11.7,20.5,2.6,0.0,0.0,NNW,59.0,NW,NNW,9.0,39.0,87.0,66.0,0.0,0.0,8.0,4.0,16.5,18.2,Yes,0.5,0.76,60.80978260869565,1.09,0.31,0.6853146853146853
8031,5.8,15.2,2.1,0.0,0.0,NNW,44.0,WNW,NW,19.0,11.0,55.0,58.0,0.0,0.0,0.0,8.0,10.4,13.8,Yes,0.0,1.05,60.80978260869565,0.95,0.31,0.23722627737226276
8033,8.6,16.9,0.2,0.0,0.0,NNW,46.0,NNW,NNW,20.0,24.0,59.0,63.0,0.0,0.0,8.0,8.0,13.7,15.4,No,1.0,1.07,60.80978260869565,1.04,0.31,0.5362318840579711
8035,10.4,17.1,0.0,0.0,0.0,NNW,65.0,NNW,NNW,26.0,39.0,71.0,67.0,0.0,0.0,8.0,8.0,14.0,16.4,No,1.0,0.94,60.80978260869565,1.1,0.31,0.6691176470588235
8038,12.4,15.1,0.0,0.0,0.0,NNW,44.0,NNW,NNW,20.0,24.0,68.0,91.0,0.0,0.0,8.0,8.0,14.1,12.7,No,1.0,1.34,60.80978260869565,1.5,0.31,0.87248322147651
8039,6.2,19.2,2.4,0.0,0.0,N,37.0,NNW,NNW,20.0,17.0,68.0,61.0,0.0,0.0,1.0,2.0,12.1,16.5,Yes,2.0,0.9,60.80978260869565,1.0,0.31,0.23722627737226276
8042,12.1,20.2,0.0,0.0,0.0,NW,30.0,E,NNW,6.0,13.0,83.0,59.0,0.0,0.0,8.0,8.0,13.6,18.7,No,1.0,0.71,60.80978260869565,0.97,0.31,0.2354948805460751
8043,10.3,20.3,0.0,0.0,0.0,SSE,43.0,ESE,E,7.0,13.0,79.0,51.0,0.0,0.0,8.0,7.0,14.1,19.8,No,0.88,0.65,60.80978260869565,0.84,0.31,0.2354948805460751
8044,11.5,17.4,43.0,0.0,0.0,SSE,54.0,S,SSE,19.0,24.0,93.0,76.0,0.0,0.0,8.0,6.0,11.9,16.6,Yes,0.75,0.82,60.80978260869565,1.25,0.31,0.640074211502783
8045,9.5,18.8,3.8,0.0,0.0,SE,33.0,SE,S,17.0,6.0,69.0,48.0,0.0,0.0,7.0,6.0,12.2,16.7,Yes,0.86,0.7,60.80978260869565,0.79,0.31,0.23722627737226276
8048,11.4,21.8,0.0,0.0,0.0,NNW,43.0,NNW,NW,15.0,20.0,79.0,63.0,0.0,0.0,2.0,0.0,15.4,20.9,No,0.0,0.8,60.80978260869565,1.04,0.31,0.36585365853658536
8049,14.1,21.0,0.0,0.0,0.0,NNW,35.0,NNW,NNW,11.0,20.0,56.0,47.0,0.0,0.0,7.0,0.0,15.5,19.8,No,0.0,0.84,60.80978260869565,0.77,0.31,0.2354948805460751
8052,12.2,26.4,5.0,0.0,0.0,NNW,37.0,NNE,NNW,4.0,6.0,86.0,69.0,0.0,0.0,8.0,4.0,17.7,23.9,Yes,0.5,0.8,60.80978260869565,1.13,0.31,0.45652173913043476
8053,15.2,19.5,0.0,0.0,0.0,NNW,30.0,NNW,NNW,13.0,17.0,75.0,58.0,0.0,0.0,7.0,0.0,16.6,18.3,No,0.0,0.77,60.80978260869565,0.95,0.31,0.2354948805460751
8054,11.8,15.9,0.0,0.0,0.0,SSE,48.0,SSE,SSE,20.0,26.0,76.0,68.0,0.0,0.0,8.0,8.0,13.0,13.8,No,1.0,0.89,60.80978260869565,1.12,0.31,0.5362318840579711
8057,10.2,17.4,0.2,0.0,0.0,NW,31.0,NNW,NNW,7.0,17.0,72.0,59.0,0.0,0.0,7.0,7.0,13.1,16.4,No,1.0,0.82,60.80978260869565,0.97,0.31,0.2354948805460751
8059,11.8,21.0,0.0,0.0,0.0,SE,37.0,NE,NW,4.0,22.0,69.0,58.0,0.0,0.0,5.0,1.0,16.4,20.1,No,0.2,0.84,60.80978260869565,0.95,0.31,0.2354948805460751
8061,11.4,22.6,0.0,0.0,0.0,NW,33.0,SSE,SSW,11.0,4.0,76.0,48.0,0.0,0.0,8.0,8.0,15.8,21.4,No,1.0,0.63,60.80978260869565,0.79,0.31,0.2354948805460751
8063,11.6,21.1,0.0,0.0,0.0,NNW,50.0,NNW,NNW,24.0,30.0,66.0,46.0,0.0,0.0,7.0,0.0,15.7,19.4,No,0.0,0.7,60.80978260869565,0.76,0.31,0.2354948805460751
8066,14.6,23.2,11.8,0.0,0.0,NNW,41.0,NNW,NNW,22.0,26.0,56.0,54.0,0.0,0.0,0.0,0.0,17.5,21.6,Yes,0.0,0.96,60.80978260869565,0.89,0.31,0.23722627737226276
8067,11.3,23.1,0.0,0.0,0.0,W,31.0,SW,N,4.0,17.0,67.0,44.0,0.0,0.0,7.0,8.0,14.7,20.4,No,1.14,0.66,60.80978260869565,0.72,0.31,0.2354948805460751
8068,10.0,19.3,0.0,0.0,0.0,NNW,41.0,NNW,NNW,13.0,26.0,66.0,73.0,0.0,0.0,0.0,8.0,15.7,17.2,No,0.0,1.11,60.80978260869565,1.2,0.31,0.4563106796116505
8069,11.6,17.3,7.0,0.0,0.0,N,74.0,NNE,NNW,30.0,35.0,87.0,71.0,0.0,0.0,8.0,7.0,16.3,16.5,Yes,0.88,0.82,60.80978260869565,1.17,0.31,0.6853146853146853
8070,8.5,19.4,8.6,0.0,0.0,S,48.0,S,SSW,13.0,15.0,43.0,35.0,0.0,0.0,2.0,1.0,12.6,18.9,Yes,0.5,0.81,60.80978260869565,0.58,0.31,0.3741496598639456
8073,12.8,20.2,0.0,0.0,0.0,NW,39.0,NW,NW,11.0,24.0,71.0,59.0,0.0,0.0,8.0,1.0,16.8,19.2,No,0.12,0.83,60.80978260869565,0.97,0.31,0.2354948805460751
8080,6.5,20.4,0.0,0.0,0.0,N,41.0,NNW,N,17.0,22.0,65.0,56.0,0.0,0.0,7.0,1.0,14.7,19.4,No,0.14,0.86,60.80978260869565,0.92,0.31,0.2354948805460751
8081,14.2,21.4,1.1,0.0,0.0,NNW,48.0,NNW,WNW,19.0,19.0,75.0,35.0,0.0,0.0,8.0,3.0,16.9,20.0,Yes,0.38,0.47,60.80978260869565,0.58,0.31,0.5357142857142857
8087,16.9,25.5,0.0,0.0,0.0,NW,33.0,NW,NNW,11.0,13.0,79.0,60.0,0.0,0.0,7.0,7.0,21.6,24.6,No,1.0,0.76,60.80978260869565,0.99,0.31,0.2354948805460751
8088,15.6,21.6,0.8,0.0,0.0,SE,26.0,SSE,SSE,13.0,9.0,63.0,51.0,0.0,0.0,8.0,8.0,17.0,21.2,No,1.0,0.81,60.80978260869565,0.84,0.31,0.2354948805460751
8089,15.7,23.9,7.0,0.0,0.0,E,17.0,SE,N,7.0,2.0,94.0,81.0,0.0,0.0,8.0,8.0,17.7,23.3,Yes,1.0,0.86,60.80978260869565,1.33,0.31,0.640074211502783
8090,17.6,28.4,15.8,0.0,0.0,NW,26.0,SE,NNW,11.0,2.0,84.0,63.0,0.0,0.0,6.0,8.0,21.8,27.5,Yes,1.33,0.75,60.80978260869565,1.04,0.31,0.3755274261603376
8091,19.6,23.6,18.8,0.0,0.0,NNW,50.0,NW,NNW,13.0,26.0,93.0,60.0,0.0,0.0,7.0,4.0,20.1,22.6,Yes,0.57,0.65,60.80978260869565,0.99,0.31,0.5357142857142857
8144,11.3,21.2,1.3,0.0,0.0,NNW,59.0,NE,NW,20.0,30.0,72.0,68.0,1013.7,1010.9,8.0,8.0,12.3,16.7,Yes,1.0,0.94,25.372222222222224,2.68,0.122,0.4793388429752066
8145,7.5,20.4,3.9,5.356814357823893,0.0,ESE,37.0,SW,ENE,11.0,17.0,72.0,58.0,1011.8,1007.7,0.0,5.0,13.6,19.1,Yes,0.0,0.81,25.372222222222224,2.29,0.122,0.23722627737226276
8146,12.6,16.2,0.0,2.6,0.0,S,37.0,SE,S,13.0,15.0,96.0,72.0,1010.8,1009.2,7.0,8.0,13.1,14.4,No,1.14,0.75,25.372222222222224,2.84,0.122,0.437125748502994
8153,16.0,18.4,1.2,4.2,0.0,SW,33.0,E,SW,9.0,11.0,93.0,95.0,1016.8,1015.5,8.0,8.0,16.8,17.1,Yes,1.0,1.02,25.372222222222224,3.74,0.122,0.8900523560209425
8154,13.1,24.6,13.6,1.4,0.0,NE,35.0,NNW,NNE,2.0,15.0,97.0,44.0,1020.5,1015.5,8.0,2.0,15.0,23.9,Yes,0.25,0.45,25.372222222222224,1.73,0.122,0.22748815165876776
8155,15.0,27.0,0.8,3.8,0.0,W,70.0,N,WSW,11.0,31.0,78.0,68.0,1012.8,1006.9,2.0,8.0,20.5,21.4,No,4.0,0.87,25.372222222222224,2.68,0.122,0.6691176470588235
8168,8.0,14.0,3.0,6.6,0.0,ESE,39.0,ESE,E,26.0,13.0,68.0,81.0,1019.2,1015.7,8.0,7.0,10.5,11.0,Yes,0.88,1.19,25.372222222222224,3.19,0.122,0.3674698795180723
8171,15.0,26.0,3.0,6.4,0.0,SW,44.0,NNW,NNE,22.0,13.0,83.0,80.0,1013.5,1011.7,3.0,7.0,20.7,21.6,Yes,2.33,0.96,25.372222222222224,3.15,0.122,0.640074211502783
8173,8.0,26.0,0.2,8.8,0.0,WNW,52.0,N,N,20.0,33.0,58.0,55.0,1012.7,1006.5,1.0,8.0,16.7,24.2,No,8.0,0.95,25.372222222222224,2.17,0.122,0.5362318840579711
8174,14.0,23.0,19.6,3.8,0.0,NNW,52.0,WSW,SSW,22.0,24.0,35.0,31.0,1012.9,1011.1,0.0,0.0,17.3,22.7,Yes,0.0,0.89,25.372222222222224,1.22,0.122,0.21568627450980393
8178,19.8,24.9,0.0,0.0,0.0,NNW,48.0,SSW,SW,20.0,6.0,34.0,52.0,1011.3,1009.0,8.0,2.0,21.1,22.1,No,0.25,1.53,25.372222222222224,2.05,0.122,0.36585365853658536
8181,14.0,24.0,3.6,0.0,0.0,N,52.0,NNE,NNW,17.0,31.0,77.0,52.0,1015.4,1011.5,8.0,3.0,18.2,24.1,Yes,0.38,0.68,25.372222222222224,2.05,0.122,0.4793388429752066
8182,17.0,25.0,1.8,5.4,0.0,NNW,56.0,NNW,NW,33.0,35.0,81.0,66.0,1010.9,1006.4,7.0,1.0,19.2,22.8,Yes,0.14,0.81,25.372222222222224,2.6,0.122,0.4793388429752066
8186,20.5,31.0,0.0,0.0,0.0,NW,67.0,NW,NW,28.0,37.0,61.0,47.0,1006.8,1003.7,0.0,8.0,23.8,28.8,No,0.0,0.77,25.372222222222224,1.85,0.122,0.6691176470588235
8193,17.2,36.4,0.0,0.0,0.0,N,43.0,N,NW,33.0,17.0,16.0,100.0,1014.7,1010.0,0.0,0.0,29.4,35.8,No,0.0,6.25,25.372222222222224,3.94,0.122,0.6990291262135923
8205,17.9,26.4,0.0,8.0,0.0,W,59.0,W,NNE,37.0,11.0,62.0,86.0,1016.7,1015.4,8.0,8.0,21.6,19.9,No,1.0,1.39,25.372222222222224,3.39,0.122,0.9321739130434783
8222,17.3,40.2,0.0,5.356814357823893,0.0,NW,59.0,NNW,NW,31.0,13.0,7.0,4.0,1008.6,1003.6,0.0,0.0,34.3,39.5,No,0.0,0.57,25.372222222222224,0.16,0.122,0.2184873949579832
8225,25.4,39.4,0.0,13.6,0.0,NW,69.0,N,NW,31.0,24.0,33.0,12.0,1005.5,1003.1,0.0,7.0,33.5,37.1,No,0.0,0.36,25.372222222222224,0.47,0.122,0.2184873949579832
8226,25.0,38.0,0.0,14.4,0.0,NW,96.0,NNW,WNW,33.0,26.0,34.0,19.0,1007.4,1003.2,0.0,3.0,31.3,36.2,No,0.0,0.56,25.372222222222224,0.75,0.122,0.2184873949579832
8236,25.4,39.6,0.0,5.356814357823893,0.0,WSW,59.0,N,ESE,30.0,13.0,21.0,19.0,1007.7,1002.7,0.0,1.0,33.2,36.7,No,0.0,0.9,25.372222222222224,0.75,0.122,0.2184873949579832
8239,18.8,30.0,5.2,12.2,0.0,SE,48.0,SE,S,17.0,28.0,59.0,23.0,1013.6,1010.3,8.0,0.0,22.7,28.5,Yes,0.0,0.39,25.372222222222224,0.91,0.122,0.21656050955414013
8249,20.6,33.8,8.0,5.356814357823893,0.0,NNW,52.0,NNE,NNW,13.0,39.0,71.0,42.0,1010.8,1007.7,4.0,2.0,24.2,30.9,Yes,0.5,0.59,25.372222222222224,1.66,0.122,0.4793388429752066
8252,20.7,30.1,17.4,5.8,0.0,E,35.0,E,ESE,20.0,13.0,72.0,53.0,1013.2,1009.5,2.0,4.0,24.0,29.4,Yes,2.0,0.74,25.372222222222224,2.09,0.122,0.23722627737226276
8253,19.9,22.8,15.0,4.8,0.0,W,39.0,NE,E,7.0,4.0,90.0,87.0,1012.0,1010.6,8.0,8.0,21.2,21.6,Yes,1.0,0.97,25.372222222222224,3.43,0.122,0.8609271523178808
8254,17.3,27.3,8.6,2.0,0.0,E,48.0,ESE,E,31.0,22.0,41.0,30.0,1015.3,1013.2,0.0,0.0,21.1,26.2,Yes,0.0,0.73,25.372222222222224,1.18,0.122,0.21568627450980393
8267,23.1,32.6,1.4,5.4,0.0,ENE,44.0,NE,ENE,20.0,24.0,65.0,45.0,1010.3,1006.1,8.0,7.0,26.4,31.6,Yes,0.88,0.69,25.372222222222224,1.77,0.122,0.23722627737226276
8268,22.9,29.0,0.0,0.0,0.0,NNW,33.0,NNW,N,19.0,17.0,80.0,60.0,1010.0,1006.8,4.0,7.0,24.2,28.5,Null,1.75,0.75,25.372222222222224,2.36,0.122,0.3755274261603376
8269,22.2,29.6,7.8,7.0,0.0,N,41.0,NNE,N,20.0,24.0,76.0,59.0,1007.9,1004.7,7.0,8.0,25.1,28.6,Yes,1.14,0.78,25.372222222222224,2.33,0.122,0.23722627737226276
8270,23.1,29.6,1.8,3.2,0.0,N,52.0,N,N,26.0,30.0,84.0,63.0,1003.4,998.0,8.0,8.0,24.7,28.8,Yes,1.0,0.75,25.372222222222224,2.48,0.122,0.4793388429752066
8271,22.3,30.1,48.6,6.0,0.0,N,56.0,NNW,NW,24.0,24.0,99.0,64.0,1000.1,997.1,8.0,6.0,22.4,29.6,Yes,0.75,0.65,25.372222222222224,2.52,0.122,0.4793388429752066
8272,23.3,35.8,0.0,0.0,0.0,W,46.0,NW,SSE,13.0,11.0,63.0,42.0,1003.3,999.8,1.0,0.0,28.3,34.5,Null,0.0,0.67,25.372222222222224,1.66,0.122,0.23722627737226276
8284,22.4,30.5,0.0,4.0,4.6,SE,35.0,SSE,N,13.0,9.0,74.0,71.0,1013.9,1010.7,2.0,6.0,26.0,28.8,No,3.0,0.96,50.766304347826086,1.4,0.255,0.31519274376417233
8316,19.8,34.3,0.0,7.4,10.9,ENE,44.0,ENE,NW,6.0,20.0,68.0,36.0,1015.9,1010.8,0.0,1.0,26.5,32.3,No,0.0,0.53,50.766304347826086,0.71,0.255,0.3586206896551724
8322,22.2,30.2,0.0,5.6,3.0,ESE,48.0,NNE,E,13.0,30.0,77.0,51.0,1012.6,1010.1,6.0,7.0,26.0,28.0,No,1.17,0.66,50.766304347826086,1.0,0.255,0.2354948805460751
8326,21.6,31.1,0.0,7.0,11.2,NNW,33.0,WNW,W,17.0,20.0,66.0,47.0,1011.3,1007.6,6.0,6.0,27.0,30.1,No,1.0,0.71,50.766304347826086,0.93,0.255,0.2354948805460751
8329,24.7,34.0,0.0,9.6,10.7,NNE,46.0,E,NNE,28.0,30.0,71.0,45.0,1014.2,1010.5,1.0,1.0,27.1,32.5,No,1.0,0.63,50.766304347826086,0.89,0.255,0.3586206896551724
8337,25.0,32.8,1.8,6.8,10.6,NW,37.0,WNW,NW,15.0,22.0,74.0,59.0,1012.3,1008.9,4.0,2.0,28.5,31.5,Yes,0.5,0.8,50.766304347826086,1.16,0.255,0.23722627737226276
8343,22.9,32.8,0.0,7.4,9.9,N,41.0,ENE,N,15.0,26.0,64.0,52.0,1014.4,1009.9,3.0,5.0,28.9,31.7,No,1.67,0.81,50.766304347826086,1.02,0.255,0.31519274376417233
8344,23.4,32.4,2.0,6.0,10.4,NW,35.0,SW,NNW,2.0,24.0,66.0,63.0,1013.2,1009.3,1.0,2.0,28.9,30.2,Yes,2.0,0.95,50.766304347826086,1.24,0.255,0.23722627737226276
8350,24.8,32.9,0.0,6.6,6.2,NE,43.0,NNE,NNW,9.0,20.0,69.0,57.0,1013.6,1009.6,5.0,7.0,29.6,31.7,No,1.4,0.83,50.766304347826086,1.12,0.255,0.31519274376417233
8351,23.5,34.0,7.2,7.6,9.5,NE,41.0,E,NE,20.0,26.0,73.0,48.0,1012.7,1009.1,1.0,6.0,28.2,32.7,Yes,6.0,0.66,50.766304347826086,0.95,0.255,0.23722627737226276
8352,25.2,30.1,7.2,6.4,0.5,ENE,54.0,0,SE,0.0,11.0,86.0,89.0,1011.5,1008.4,7.0,7.0,26.7,24.9,Yes,1.0,1.03,50.766304347826086,1.75,0.255,0.9321739130434783
8353,22.8,30.8,33.4,4.4,1.7,SW,30.0,ESE,S,17.0,9.0,90.0,76.0,1011.0,1007.7,7.0,7.0,25.0,29.2,Yes,1.0,0.84,50.766304347826086,1.5,0.255,0.640074211502783
8357,26.1,31.8,0.0,5.0,4.7,NE,33.0,ENE,NE,17.0,11.0,68.0,63.0,1012.4,1007.8,7.0,7.0,28.9,29.6,No,1.0,0.93,50.766304347826086,1.24,0.255,0.31519274376417233
8358,24.5,33.0,8.6,5.2,10.6,N,31.0,E,NNW,11.0,17.0,68.0,55.0,1011.6,1006.8,4.0,2.0,29.0,32.3,Yes,0.5,0.81,50.766304347826086,1.08,0.255,0.23722627737226276
8360,26.2,34.1,0.0,7.2,8.0,N,33.0,NNE,N,7.0,17.0,68.0,59.0,1011.3,1008.0,6.0,6.0,30.5,32.4,No,1.0,0.87,50.766304347826086,1.16,0.255,0.31519274376417233
8361,26.4,33.4,0.0,6.8,9.9,WNW,35.0,NNW,NW,13.0,22.0,67.0,55.0,1012.4,1008.3,3.0,6.0,29.9,32.9,No,2.0,0.82,50.766304347826086,1.08,0.255,0.31519274376417233
8364,25.9,32.8,3.6,6.6,5.7,E,44.0,W,NW,7.0,22.0,78.0,57.0,1010.6,1008.1,7.0,6.0,29.2,29.8,Yes,0.86,0.73,50.766304347826086,1.12,0.255,0.3755274261603376
8365,23.4,33.8,9.8,3.0,10.7,NW,35.0,NNW,WNW,9.0,24.0,71.0,52.0,1011.9,1008.4,6.0,3.0,29.9,32.0,Yes,0.5,0.73,50.766304347826086,1.02,0.255,0.23722627737226276
8366,24.9,33.7,0.0,7.6,10.8,WNW,35.0,W,WNW,11.0,26.0,70.0,57.0,1012.6,1008.0,4.0,6.0,30.2,33.0,No,1.5,0.81,50.766304347826086,1.12,0.255,0.31519274376417233
8367,25.6,34.1,0.0,9.2,7.8,NE,41.0,S,N,11.0,11.0,77.0,83.0,1011.9,1008.2,5.0,5.0,29.7,27.9,No,1.0,1.08,50.766304347826086,1.63,0.255,0.7218543046357616
8369,23.7,34.7,2.4,6.4,7.7,ESE,37.0,ESE,ENE,17.0,20.0,82.0,35.0,1012.7,1009.0,7.0,5.0,26.6,34.0,Yes,0.71,0.43,50.766304347826086,0.69,0.255,0.22748815165876776
8375,24.4,33.2,4.6,6.6,10.0,SSW,46.0,N,WNW,7.0,22.0,68.0,55.0,1012.3,1008.6,2.0,5.0,29.7,32.7,Yes,2.5,0.81,50.766304347826086,1.08,0.255,0.23722627737226276
8377,23.5,33.2,2.0,8.8,9.0,NW,35.0,SE,NW,7.0,26.0,69.0,60.0,1013.0,1007.8,2.0,2.0,30.0,31.8,Yes,1.0,0.87,50.766304347826086,1.18,0.255,0.23722627737226276
8382,26.3,34.0,0.0,8.0,7.8,NNE,39.0,NE,NNE,15.0,28.0,66.0,48.0,1012.1,1008.3,5.0,3.0,30.3,33.0,No,0.6,0.73,50.766304347826086,0.95,0.255,0.2354948805460751
8383,25.9,34.7,0.0,6.2,8.9,SSE,44.0,ENE,WNW,13.0,13.0,62.0,73.0,1012.3,1008.0,3.0,3.0,30.6,29.6,No,1.0,1.18,50.766304347826086,1.44,0.255,0.437125748502994
8384,25.1,32.6,17.4,7.0,6.9,SE,43.0,ESE,S,9.0,20.0,65.0,77.0,1011.9,1007.6,8.0,6.0,29.6,25.8,Yes,0.75,1.18,50.766304347826086,1.52,0.255,0.640074211502783
8386,24.0,26.7,23.6,9.2,0.0,ENE,41.0,E,SE,24.0,24.0,88.0,79.0,1014.8,1011.2,8.0,8.0,24.5,25.9,Yes,1.0,0.9,50.766304347826086,1.56,0.255,0.640074211502783
8387,23.1,33.3,0.4,2.6,11.4,SE,43.0,SE,E,31.0,17.0,64.0,45.0,1013.3,1008.9,6.0,6.0,26.3,32.4,No,1.0,0.7,50.766304347826086,0.89,0.255,0.2354948805460751
8390,23.0,32.6,8.2,6.8,7.5,ESE,56.0,ESE,NE,7.0,15.0,80.0,64.0,1013.4,1008.9,4.0,4.0,27.9,30.0,Yes,1.0,0.8,50.766304347826086,1.26,0.255,0.544973544973545
8391,23.5,32.3,18.2,6.0,7.1,ESE,35.0,NE,NNW,4.0,22.0,75.0,64.0,1012.8,1008.1,2.0,5.0,29.2,31.7,Yes,2.5,0.85,50.766304347826086,1.26,0.255,0.45652173913043476
8392,25.8,32.7,6.0,5.8,4.4,NW,35.0,WNW,WNW,9.0,24.0,66.0,68.0,1011.7,1007.9,7.0,7.0,30.1,30.4,Yes,1.0,1.03,50.766304347826086,1.34,0.255,0.45652173913043476
8396,26.7,34.3,0.0,6.6,5.5,SSW,52.0,NW,E,13.0,11.0,69.0,84.0,1010.5,1007.9,5.0,7.0,30.0,26.7,No,1.4,1.22,50.766304347826086,1.65,0.255,0.9321739130434783
8397,25.6,34.6,2.2,5.6,9.7,SSW,46.0,S,NW,17.0,20.0,67.0,56.0,1010.1,1005.5,6.0,5.0,29.7,32.8,Yes,0.83,0.84,50.766304347826086,1.1,0.255,0.23722627737226276
8398,24.4,35.5,0.0,7.8,9.9,NW,35.0,NE,NW,9.0,22.0,67.0,53.0,1010.8,1006.7,2.0,6.0,30.7,34.0,No,3.0,0.79,50.766304347826086,1.04,0.255,0.31519274376417233
8401,22.7,31.4,25.6,7.0,3.4,SSE,41.0,NNW,NNW,7.0,11.0,79.0,93.0,1011.9,1008.5,7.0,7.0,30.4,25.9,Yes,1.0,1.18,50.766304347826086,1.83,0.255,0.8900523560209425
8402,25.3,33.8,2.4,0.4,11.1,WNW,31.0,W,WNW,13.0,20.0,70.0,57.0,1011.9,1007.7,4.0,6.0,31.2,33.1,Yes,1.5,0.81,50.766304347826086,1.12,0.255,0.23722627737226276
8403,28.8,33.8,0.0,9.8,11.4,WNW,37.0,W,WNW,19.0,26.0,68.0,61.0,1011.3,1007.6,5.0,5.0,31.0,33.2,No,1.0,0.9,50.766304347826086,1.2,0.255,0.31519274376417233
8405,28.7,34.9,0.0,8.0,10.9,WNW,35.0,NNW,ESE,15.0,24.0,73.0,74.0,1011.4,1008.2,4.0,5.0,31.2,28.5,No,1.25,1.01,50.766304347826086,1.46,0.255,0.437125748502994
8406,27.1,34.7,0.0,6.2,10.7,NNW,31.0,W,WNW,6.0,20.0,73.0,56.0,1011.0,1007.3,5.0,7.0,30.7,33.3,No,1.4,0.77,50.766304347826086,1.1,0.255,0.31519274376417233
8407,26.8,34.7,0.0,8.0,11.8,WNW,30.0,NW,WNW,11.0,22.0,62.0,53.0,1011.2,1007.5,6.0,6.0,31.7,34.1,No,1.0,0.85,50.766304347826086,1.04,0.255,0.31519274376417233
8409,26.7,34.0,0.4,9.8,6.8,ENE,52.0,N,WNW,15.0,13.0,84.0,56.0,1011.3,1006.4,7.0,7.0,26.7,33.3,No,1.0,0.67,50.766304347826086,1.1,0.255,0.5362318840579711
8410,25.4,34.9,0.6,5.2,9.2,ENE,43.0,NE,NNW,6.0,11.0,64.0,63.0,1011.9,1007.3,2.0,7.0,30.6,31.8,No,3.5,0.98,50.766304347826086,1.24,0.255,0.31519274376417233
8413,22.5,34.0,18.2,9.2,10.6,E,52.0,E,NNE,9.0,7.0,63.0,51.0,1010.1,1006.1,7.0,7.0,29.9,32.8,Yes,1.0,0.81,50.766304347826086,1.0,0.255,0.3986013986013986
8414,23.9,33.4,11.4,3.6,9.4,WNW,26.0,N,NNW,6.0,13.0,69.0,61.0,1009.4,1006.8,3.0,5.0,30.6,32.2,Yes,1.67,0.88,50.766304347826086,1.2,0.255,0.23722627737226276
8415,21.2,32.7,41.0,11.6,5.9,SSE,43.0,S,ENE,9.0,7.0,91.0,52.0,1011.0,1007.1,8.0,1.0,24.3,32.0,Yes,0.12,0.57,50.766304347826086,1.02,0.255,0.22748815165876776
8416,24.3,31.9,0.0,5.2,2.5,ESE,20.0,ESE,W,11.0,9.0,83.0,58.0,1011.1,1006.3,7.0,7.0,25.2,31.0,No,1.0,0.7,50.766304347826086,1.14,0.255,0.31519274376417233
8417,24.7,32.0,0.0,4.0,7.1,N,37.0,ENE,NE,4.0,19.0,67.0,82.0,1009.7,1006.0,6.0,5.0,30.1,26.7,No,0.83,1.22,50.766304347826086,1.62,0.255,0.5
8418,22.8,30.3,80.6,0.0,1.9,ENE,37.0,E,NE,7.0,11.0,91.0,71.0,1010.5,1006.3,8.0,7.0,24.8,28.7,Yes,0.88,0.78,50.766304347826086,1.4,0.255,0.45652173913043476
8419,24.0,33.4,0.2,1.2,8.5,N,24.0,ESE,WNW,7.0,15.0,71.0,57.0,1009.6,1005.7,7.0,5.0,29.1,33.0,No,0.71,0.8,50.766304347826086,1.12,0.255,0.31519274376417233
8421,24.0,31.8,2.8,8.0,1.9,E,48.0,SSE,0,9.0,0.0,84.0,58.0,1009.8,1006.7,8.0,7.0,24.7,30.7,Yes,0.88,0.69,50.766304347826086,1.14,0.255,0.544973544973545
8423,27.7,32.4,0.0,7.2,1.4,NNE,33.0,W,SW,4.0,7.0,76.0,82.0,1010.1,1007.2,7.0,7.0,30.2,27.5,No,1.0,1.08,50.766304347826086,1.62,0.255,0.7218543046357616
8424,25.8,35.1,0.8,4.8,6.4,SSE,46.0,WNW,WNW,9.0,35.0,68.0,56.0,1010.7,1007.2,7.0,6.0,31.7,33.4,No,0.86,0.82,50.766304347826086,1.1,0.255,0.5362318840579711
8425,22.6,34.0,22.0,7.4,11.8,WNW,33.0,W,WNW,9.0,26.0,75.0,65.0,1009.3,1006.0,2.0,2.0,31.3,32.7,Yes,1.0,0.87,50.766304347826086,1.28,0.255,0.45652173913043476
8426,25.5,33.5,0.0,7.0,8.2,NNE,30.0,E,WNW,9.0,20.0,78.0,58.0,1009.5,1006.2,6.0,7.0,27.6,33.3,No,1.17,0.74,50.766304347826086,1.14,0.255,0.31519274376417233
8427,25.3,34.1,0.0,6.6,8.5,SE,30.0,ENE,N,20.0,13.0,66.0,50.0,1009.6,1006.8,5.0,6.0,28.8,33.9,No,1.2,0.76,50.766304347826086,0.98,0.255,0.2354948805460751
8428,25.9,33.5,8.6,0.0,4.7,N,28.0,ESE,NNW,11.0,19.0,76.0,67.0,1010.6,1008.0,7.0,7.0,29.4,30.7,Yes,1.0,0.88,50.766304347826086,1.32,0.255,0.45652173913043476
8430,25.9,33.6,0.0,0.0,10.3,N,28.0,ENE,NNW,9.0,15.0,61.0,79.0,1010.2,1006.6,5.0,6.0,30.7,30.0,No,1.2,1.3,50.766304347826086,1.56,0.255,0.7218543046357616
8431,25.5,33.8,1.2,4.4,9.0,NNW,33.0,SE,N,2.0,15.0,67.0,56.0,1010.4,1006.4,3.0,3.0,31.0,33.3,Yes,1.0,0.84,50.766304347826086,1.1,0.255,0.23722627737226276
8432,25.4,33.6,7.4,6.4,9.6,WNW,30.0,S,WNW,6.0,22.0,74.0,63.0,1010.0,1005.6,2.0,7.0,31.0,32.6,Yes,3.5,0.85,50.766304347826086,1.24,0.255,0.23722627737226276
8433,25.9,34.2,3.8,5.2,11.2,S,57.0,N,WNW,4.0,19.0,76.0,56.0,1008.4,1004.3,6.0,2.0,30.1,33.3,Yes,0.33,0.74,50.766304347826086,1.1,0.255,0.544973544973545
8434,25.7,34.5,0.4,7.6,8.0,N,28.0,NW,NNW,9.0,15.0,67.0,57.0,1008.5,1005.5,7.0,6.0,31.3,33.3,No,0.86,0.85,50.766304347826086,1.12,0.255,0.31519274376417233
8435,25.5,34.6,0.0,4.8,8.7,NW,26.0,SSE,WNW,6.0,19.0,68.0,56.0,1010.7,1006.2,7.0,7.0,30.6,33.1,No,1.0,0.82,50.766304347826086,1.1,0.255,0.31519274376417233
8436,27.9,34.0,0.0,5.6,5.5,E,37.0,0,W,0.0,9.0,67.0,68.0,1009.5,1006.6,7.0,7.0,31.7,30.5,No,1.0,1.01,50.766304347826086,1.34,0.255,0.31519274376417233
8437,24.9,34.5,0.0,4.8,9.9,E,37.0,SE,N,4.0,20.0,67.0,56.0,1009.4,1006.8,2.0,4.0,29.6,32.8,No,2.0,0.84,50.766304347826086,1.1,0.255,0.31519274376417233
8438,26.6,34.2,0.4,3.2,6.2,NE,70.0,NE,NNW,7.0,11.0,69.0,54.0,1009.7,1006.1,3.0,4.0,30.9,33.6,No,1.33,0.78,50.766304347826086,1.06,0.255,0.6691176470588235
8439,24.5,33.4,8.0,5.6,7.2,ESE,48.0,NE,WNW,6.0,19.0,81.0,60.0,1009.6,1006.4,7.0,7.0,29.2,32.6,Yes,1.0,0.74,50.766304347826086,1.18,0.255,0.544973544973545
8440,24.5,31.8,6.2,6.2,6.5,SSW,57.0,NNW,WNW,6.0,7.0,77.0,67.0,1008.9,1006.5,6.0,7.0,30.3,31.1,Yes,1.17,0.87,50.766304347826086,1.32,0.255,0.7596899224806202
8441,25.3,33.6,2.4,3.4,7.5,WNW,35.0,S,WNW,7.0,24.0,74.0,60.0,1008.2,1004.3,7.0,6.0,30.9,32.9,Yes,0.86,0.81,50.766304347826086,1.18,0.255,0.23722627737226276
8442,23.2,31.6,50.8,5.356814357823893,1.2,WNW,43.0,S,SSW,9.0,11.0,89.0,79.0,1008.8,1006.0,8.0,7.0,27.2,29.4,Yes,0.88,0.89,50.766304347826086,1.56,0.255,0.640074211502783
8443,25.4,31.6,0.2,1.8,1.2,NNE,39.0,E,E,9.0,11.0,83.0,79.0,1008.2,1004.8,8.0,7.0,27.7,28.8,No,0.88,0.95,50.766304347826086,1.56,0.255,0.7218543046357616
8444,24.9,30.5,29.2,3.6,2.2,NNE,30.0,E,NNE,11.0,17.0,93.0,82.0,1006.0,1003.1,7.0,7.0,25.8,28.0,Yes,1.0,0.88,50.766304347826086,1.62,0.255,0.640074211502783
8445,25.0,28.9,10.4,3.4,0.9,NW,59.0,N,N,20.0,30.0,85.0,90.0,1001.6,999.5,5.0,7.0,27.9,27.3,Yes,1.4,1.06,50.766304347826086,1.77,0.255,0.9321739130434783
8446,23.8,31.1,85.0,0.0,2.1,NW,57.0,WNW,N,28.0,26.0,95.0,71.0,1007.0,1003.9,8.0,8.0,24.3,30.9,Yes,1.0,0.75,50.766304347826086,1.4,0.255,0.7596899224806202
8447,23.8,27.5,24.4,0.6,0.0,SSW,33.0,SSE,ENE,13.0,11.0,96.0,94.0,1008.0,1005.8,8.0,8.0,24.5,24.8,Yes,1.0,0.98,50.766304347826086,1.85,0.255,0.8900523560209425
8448,23.3,33.5,37.2,5.2,8.8,NNW,37.0,E,NE,7.0,20.0,86.0,60.0,1007.9,1004.6,5.0,5.0,27.5,33.1,Yes,1.0,0.7,50.766304347826086,1.18,0.255,0.3755274261603376
8449,26.2,33.2,0.0,4.6,5.7,NNW,48.0,NNE,NNW,15.0,24.0,79.0,71.0,1008.1,1005.6,7.0,7.0,29.5,31.0,No,1.0,0.9,50.766304347826086,1.4,0.255,0.5362318840579711
8450,25.6,33.2,0.6,3.0,8.1,NNW,39.0,N,N,11.0,22.0,81.0,66.0,1008.5,1004.7,6.0,5.0,29.4,32.5,No,0.83,0.81,50.766304347826086,1.3,0.255,0.31519274376417233
8451,25.4,33.4,0.0,4.8,6.3,W,52.0,ENE,WNW,7.0,13.0,85.0,55.0,1006.6,1004.5,8.0,7.0,28.0,32.3,No,0.88,0.65,50.766304347826086,1.08,0.255,0.5362318840579711
8452,24.4,31.6,31.8,11.0,3.5,0,0.0,ENE,WSW,2.0,13.0,86.0,80.0,1006.1,1004.5,4.0,6.0,28.8,28.9,Yes,1.5,0.93,50.766304347826086,1.58,0.255,0.640074211502783
8453,23.9,28.7,58.4,5.356814357823893,0.0,NW,56.0,0,WNW,0.0,19.0,98.0,84.0,1007.2,1004.9,7.0,7.0,25.0,27.5,Yes,1.0,0.86,50.766304347826086,1.65,0.255,0.8609271523178808
8454,25.2,31.7,25.2,2.2,3.8,W,41.0,S,WSW,17.0,26.0,93.0,66.0,1006.8,1003.5,8.0,7.0,26.9,30.6,Yes,0.88,0.71,50.766304347826086,1.3,0.255,0.6138613861386139
8455,26.3,30.9,5.4,4.2,0.0,SSW,52.0,W,S,24.0,17.0,79.0,90.0,1003.9,1004.1,8.0,8.0,29.6,24.1,Yes,1.0,1.14,50.766304347826086,1.77,0.255,0.9321739130434783
8456,23.7,32.3,9.8,5.8,6.8,W,43.0,WSW,W,22.0,24.0,80.0,71.0,1005.0,1002.0,8.0,7.0,29.2,31.4,Yes,0.88,0.89,50.766304347826086,1.4,0.255,0.45652173913043476
8458,0.0,30.5,0.0,0.0,0.0,SSE,31.0,ESE,ENE,15.0,13.0,0.0,0.0,1019.3,1014.7,0.0,0.0,0.0,0.0,Null,0.0,0.0,0.0,0.0,0.112,0.3185840707964602
8468,20.5,25.5,4.8,5.4,0.0,SE,50.0,ESE,SE,26.0,28.0,65.0,0.0,1017.1,1016.3,8.0,0.0,21.0,0.0,Yes,0.0,0.0,0.0,0.0,0.112,0.5294117647058824
8505,24.2,32.8,0.0,7.2,0.0,NE,30.0,NNE,ESE,15.0,13.0,60.0,0.0,1013.4,1009.8,7.0,0.0,27.4,0.0,No,0.0,0.0,0.0,0.0,0.112,0.3010752688172043
8509,22.0,34.5,0.0,6.6,0.0,NW,39.0,NW,NW,17.0,24.0,76.0,0.0,1010.8,1005.7,6.0,0.0,26.0,0.0,No,0.0,0.0,0.0,0.0,0.112,0.3010752688172043
8519,25.5,33.2,0.4,7.6,0.0,S,31.0,SW,S,6.0,13.0,73.0,0.0,1012.5,1008.8,8.0,0.0,27.0,0.0,No,0.0,0.0,0.0,0.0,0.112,0.3010752688172043
8531,25.5,37.5,0.0,8.0,0.0,W,35.0,NNW,WNW,15.0,13.0,65.0,0.0,1013.5,1007.7,6.0,0.0,30.0,0.0,No,0.0,0.0,0.0,0.0,0.112,0.3010752688172043
8532,26.5,37.5,0.0,8.0,0.0,NW,28.0,NW,NW,15.0,13.0,68.0,0.0,1013.8,1008.4,6.0,0.0,29.5,0.0,No,0.0,0.0,0.0,0.0,0.112,0.3010752688172043
8534,22.7,37.6,3.6,0.0,0.0,NE,33.0,NNW,E,9.0,17.0,58.0,0.0,1013.7,1008.7,1.0,0.0,29.8,0.0,Yes,0.0,0.0,0.0,0.0,0.112,0.5661375661375662
8535,26.5,36.0,0.0,8.0,0.0,N,43.0,NW,E,9.0,19.0,72.0,0.0,1011.7,1006.3,8.0,0.0,29.2,0.0,No,0.0,0.0,0.0,0.0,0.112,0.3010752688172043
8536,23.0,27.5,46.2,10.8,0.0,ENE,30.0,ENE,ENE,11.0,15.0,84.0,0.0,1012.0,1008.6,8.0,0.0,25.5,0.0,Yes,0.0,0.0,0.0,0.0,0.112,0.5661375661375662
8537,23.0,35.0,5.0,2.6,0.0,W,22.0,NNE,W,9.0,13.0,80.0,0.0,1012.7,1008.7,8.0,0.0,26.5,0.0,Yes,0.0,0.0,0.0,0.0,0.112,0.5661375661375662
8538,23.5,34.0,1.2,4.8,0.0,E,30.0,ENE,ESE,15.0,13.0,88.0,0.0,1014.1,1010.0,7.0,0.0,26.5,0.0,Yes,0.0,0.0,0.0,0.0,0.112,0.3185840707964602
8539,24.0,35.0,0.0,4.0,0.0,ESE,39.0,ESE,ESE,13.0,20.0,62.0,0.0,1013.8,1009.4,6.0,0.0,30.5,0.0,No,0.0,0.0,0.0,0.0,0.112,0.3010752688172043
8540,24.5,36.1,0.0,8.0,0.0,SE,26.0,N,SE,2.0,11.0,67.0,0.0,1012.8,1007.0,7.0,0.0,28.5,0.0,No,0.0,0.0,0.0,0.0,0.112,0.3010752688172043
8541,26.1,34.9,0.0,5.6,0.0,NNW,30.0,NW,NNW,19.0,13.0,70.0,0.0,1011.4,1006.4,7.0,0.0,28.6,0.0,No,0.0,0.0,0.0,0.0,0.112,0.3010752688172043
8543,25.5,38.5,0.0,8.0,0.0,ENE,35.0,NNW,NNE,11.0,13.0,60.0,0.0,1011.3,1006.7,5.0,0.0,31.5,0.0,No,0.0,0.0,0.0,0.0,0.112,0.3010752688172043
8546,24.5,38.5,1.6,5.6,0.0,WSW,35.0,W,SW,13.0,13.0,51.0,0.0,1010.2,1005.2,1.0,0.0,31.0,0.0,Yes,0.0,0.0,0.0,0.0,0.112,0.3185840707964602
8549,24.5,38.0,2.2,0.0,0.0,NW,28.0,NW,NW,13.0,11.0,66.0,0.0,1012.7,1007.0,2.0,0.0,30.0,0.0,Yes,0.0,0.0,0.0,0.0,0.112,0.3185840707964602
8550,26.5,35.0,0.0,8.0,0.0,SSE,41.0,SSE,SSE,17.0,22.0,67.0,0.0,1012.8,1008.7,6.0,0.0,28.5,0.0,No,0.0,0.0,0.0,0.0,0.112,0.3010752688172043
8553,16.5,36.5,0.0,12.0,0.0,E,44.0,SE,E,13.0,17.0,50.0,0.0,1014.9,1010.4,6.0,0.0,27.0,0.0,No,0.0,0.0,0.0,0.0,0.112,0.3010752688172043
8565,23.5,37.5,1.6,9.6,0.0,ESE,41.0,WSW,ENE,2.0,20.0,62.0,0.0,1012.7,1008.1,7.0,0.0,30.5,0.0,Yes,0.0,0.0,0.0,0.0,0.112,0.3185840707964602
8570,22.1,35.0,0.0,4.0,0.0,SSE,44.0,SE,ESE,24.0,17.0,55.0,0.0,1015.2,1009.6,6.0,0.0,25.3,0.0,No,0.0,0.0,0.0,0.0,0.112,0.3010752688172043
8578,28.0,0.0,0.0,14.6,0.0,NW,41.0,NNW,SW,17.0,9.0,56.0,0.0,1010.7,1005.5,5.0,0.0,33.0,0.0,No,0.0,0.0,0.0,0.0,0.112,0.3010752688172043
8585,27.0,41.3,0.0,12.0,0.0,WNW,41.0,WNW,NW,22.0,17.0,61.0,0.0,1011.3,1005.0,6.0,0.0,32.5,0.0,No,0.0,0.0,0.0,0.0,0.112,0.3010752688172043
8587,27.5,41.5,0.0,10.8,0.0,WNW,31.0,NW,NE,22.0,9.0,64.0,0.0,1010.2,1004.6,6.0,0.0,32.5,0.0,No,0.0,0.0,0.0,0.0,0.112,0.3010752688172043
8588,28.5,40.5,0.0,12.0,0.0,NW,41.0,WNW,SW,19.0,6.0,62.0,0.0,1011.4,1005.5,7.0,0.0,34.0,0.0,No,0.0,0.0,0.0,0.0,0.112,0.3010752688172043
8592,25.5,36.0,0.0,13.4,0.0,ESE,72.0,ESE,ESE,15.0,17.0,60.0,0.0,1011.2,1007.2,7.0,0.0,31.0,0.0,No,0.0,0.0,0.0,0.0,0.112,0.2184873949579832
8593,24.0,38.0,0.0,8.0,0.0,ESE,44.0,ENE,ENE,17.0,13.0,57.0,0.0,1012.7,1007.4,5.0,0.0,31.5,0.0,No,0.0,0.0,0.0,0.0,0.112,0.3010752688172043
8598,22.9,37.5,18.6,9.4,0.0,N,37.0,NNE,N,11.0,11.0,73.0,0.0,1010.8,1005.8,6.0,0.0,27.6,0.0,Yes,0.0,0.0,0.0,0.0,0.112,0.5661375661375662
8599,25.0,37.4,0.4,8.4,0.0,NE,35.0,NW,NW,9.0,11.0,62.0,0.0,1010.3,1004.7,7.0,0.0,30.0,0.0,No,0.0,0.0,0.0,0.0,0.112,0.3010752688172043
8600,21.3,35.5,15.6,7.6,0.0,ENE,57.0,ESE,NNE,7.0,6.0,75.0,0.0,1010.4,1005.5,8.0,0.0,25.8,0.0,Yes,0.0,0.0,0.0,0.0,0.112,0.5294117647058824
8601,22.8,35.5,0.1,4.1,0.0,NNE,26.0,NNE,N,13.0,11.0,56.0,0.0,1010.0,1005.6,7.0,0.0,30.3,0.0,No,0.0,0.0,0.0,0.0,0.112,0.3010752688172043
8602,26.7,37.5,0.0,8.0,0.0,S,28.0,N,ENE,11.0,13.0,68.0,0.0,1009.8,1004.7,8.0,0.0,29.5,0.0,No,0.0,0.0,0.0,0.0,0.112,0.3010752688172043
8603,27.2,37.0,0.2,4.2,0.0,SE,39.0,WNW,SW,11.0,17.0,70.0,0.0,1008.8,1004.7,7.0,0.0,30.2,0.0,No,0.0,0.0,0.0,0.0,0.112,0.3010752688172043
8604,24.1,37.6,2.2,6.2,0.0,S,33.0,WSW,SE,9.0,15.0,72.0,0.0,1010.1,1006.3,5.0,0.0,28.1,0.0,Yes,0.0,0.0,0.0,0.0,0.112,0.3185840707964602
8608,25.1,40.0,2.0,6.0,0.0,ENE,61.0,NW,N,13.0,13.0,66.0,0.0,1009.0,1004.4,3.0,0.0,30.9,0.0,Yes,0.0,0.0,0.0,0.0,0.112,0.5294117647058824
8609,0.0,39.1,0.0,0.0,0.0,E,61.0,NNW,NNW,9.0,15.0,0.0,0.0,1008.5,1006.0,0.0,0.0,0.0,0.0,Null,0.0,0.0,0.0,0.0,0.112,0.5294117647058824
8610,23.2,38.6,4.8,5.356814357823893,0.0,E,39.0,0,NE,0.0,20.0,59.0,0.0,1011.1,1006.4,4.0,0.0,31.5,0.0,Yes,0.0,0.0,0.0,0.0,0.112,0.5661375661375662
8614,27.7,40.0,0.0,12.0,0.0,NE,35.0,WNW,NNE,15.0,11.0,64.0,0.0,1009.6,1004.6,6.0,0.0,32.5,0.0,No,0.0,0.0,0.0,0.0,0.112,0.3010752688172043
8616,28.0,39.4,0.0,12.0,0.0,NE,41.0,NW,NNE,6.0,20.0,62.0,0.0,1009.4,1005.0,7.0,0.0,32.5,0.0,No,0.0,0.0,0.0,0.0,0.112,0.3010752688172043
8619,24.2,38.5,7.8,12.6,0.0,E,67.0,ESE,NNE,9.0,9.0,72.0,0.0,1010.2,1005.5,0.0,0.0,30.0,0.0,Yes,0.0,0.0,0.0,0.0,0.112,0.5294117647058824
8620,24.7,38.5,0.0,10.6,0.0,NNE,50.0,N,S,7.0,6.0,71.0,0.0,1010.5,1005.5,7.0,0.0,29.0,0.0,No,0.0,0.0,0.0,0.0,0.112,0.3010752688172043
8621,24.0,37.0,2.2,7.0,0.0,NNW,43.0,NNW,ESE,7.0,7.0,72.0,0.0,1010.3,1005.0,6.0,0.0,30.0,0.0,Yes,0.0,0.0,0.0,0.0,0.112,0.3185840707964602
8623,26.0,37.9,0.0,8.0,0.0,WSW,46.0,W,SW,17.0,24.0,63.0,0.0,1008.1,1002.8,7.0,0.0,31.5,0.0,No,0.0,0.0,0.0,0.0,0.112,0.3010752688172043
8624,0.0,37.0,0.0,0.0,0.0,NNE,48.0,ENE,E,9.0,15.0,0.0,0.0,1008.9,1003.6,0.0,0.0,0.0,0.0,Null,0.0,0.0,0.0,0.0,0.112,0.5294117647058824
8625,24.5,36.0,0.6,5.356814357823893,0.0,E,44.0,E,E,9.0,20.0,72.0,0.0,1007.4,1001.2,8.0,0.0,30.0,0.0,No,0.0,0.0,0.0,0.0,0.112,0.3010752688172043
8626,25.0,34.5,26.8,8.0,0.0,NE,44.0,NE,NNE,20.0,28.0,74.0,0.0,1004.1,999.9,8.0,0.0,29.0,0.0,Yes,0.0,0.0,0.0,0.0,0.112,0.5661375661375662
8627,25.9,31.1,0.4,4.4,0.0,NW,50.0,N,N,22.0,20.0,70.0,0.0,1005.9,1003.9,8.0,0.0,28.9,0.0,No,0.0,0.0,0.0,0.0,0.112,0.3010752688172043
8628,23.7,33.2,15.0,5.356814357823893,0.0,WNW,37.0,N,NW,13.0,19.0,85.0,0.0,1008.3,1004.3,8.0,0.0,27.4,0.0,Yes,0.0,0.0,0.0,0.0,0.112,0.5661375661375662
8629,25.5,36.0,2.0,2.0,0.0,NNE,44.0,NW,NW,7.0,6.0,66.0,0.0,1008.8,1004.1,3.0,0.0,29.4,0.0,Yes,0.0,0.0,0.0,0.0,0.112,0.3185840707964602
8630,0.0,36.5,0.0,0.0,0.0,N,39.0,E,N,6.0,15.0,0.0,0.0,1009.4,1004.2,0.0,0.0,0.0,0.0,Null,0.0,0.0,0.0,0.0,0.112,0.3185840707964602
8631,24.8,35.1,1.0,11.8,0.0,WSW,41.0,0,NW,0.0,17.0,83.0,0.0,1007.7,1003.2,8.0,0.0,28.2,0.0,No,0.0,0.0,0.0,0.0,0.112,0.3010752688172043
8632,26.2,35.5,0.4,7.2,0.0,NW,63.0,W,NNW,13.0,20.0,76.0,0.0,1005.8,1001.6,3.0,0.0,29.5,0.0,No,0.0,0.0,0.0,0.0,0.112,0.2184873949579832
8633,0.0,34.5,0.0,0.0,0.0,W,43.0,WNW,W,11.0,20.0,0.0,0.0,1005.5,1001.5,0.0,0.0,0.0,0.0,Null,0.0,0.0,0.0,0.0,0.112,0.3185840707964602
8634,24.2,28.5,5.8,10.6,0.0,SSW,46.0,SSW,WNW,6.0,22.0,96.0,0.0,1002.0,1000.9,8.0,0.0,24.5,0.0,Yes,0.0,0.0,0.0,0.0,0.112,0.5661375661375662
8635,23.0,31.5,13.0,3.2,0.0,W,57.0,NW,WNW,24.0,28.0,93.0,0.0,1003.1,999.6,8.0,0.0,24.0,0.0,Yes,0.0,0.0,0.0,0.0,0.112,0.5294117647058824
8636,11.3,13.6,2.4,0.0,0.0,E,35.0,SE,E,11.0,20.0,89.0,78.0,1027.4,1026.2,8.0,5.0,11.3,13.3,Yes,0.62,0.88,26.445652173913043,2.95,0.109,0.3674698795180723
8644,8.6,27.8,0.0,0.0,0.0,NNW,65.0,N,NNW,9.0,41.0,57.0,25.0,1015.4,1010.1,0.0,0.0,16.3,27.6,No,0.0,0.44,26.445652173913043,0.95,0.109,0.5476190476190477
8689,10.9,20.2,0.0,0.0,0.0,SSE,61.0,ESE,N,17.0,9.0,69.0,33.0,1011.3,1009.1,8.0,7.0,12.4,20.0,No,0.88,0.48,26.445652173913043,1.25,0.109,0.6691176470588235
8694,7.4,27.1,0.0,0.0,0.0,NNW,59.0,S,NNW,2.0,35.0,49.0,21.0,1014.9,1009.6,8.0,8.0,14.4,25.8,No,1.0,0.43,26.445652173913043,0.79,0.109,0.2184873949579832
8695,14.2,14.4,9.2,0.0,0.0,WSW,31.0,SW,ESE,24.0,9.0,93.0,100.0,1013.1,1010.8,8.0,8.0,14.2,14.0,Yes,1.0,1.08,26.445652173913043,3.78,0.109,0.8900523560209425
8696,11.5,22.9,16.0,0.0,0.0,WNW,28.0,WSW,WNW,7.0,13.0,96.0,32.0,1018.0,1015.2,7.0,0.0,12.6,21.9,Yes,0.0,0.33,26.445652173913043,1.21,0.109,0.22748815165876776
8698,11.3,20.2,0.0,0.0,0.0,SW,39.0,S,WNW,9.0,9.0,83.0,83.0,1012.5,1009.4,8.0,8.0,15.3,16.7,No,1.0,1.0,26.445652173913043,3.14,0.109,0.7218543046357616
8699,11.3,17.9,4.8,0.0,0.0,SW,50.0,S,SSE,19.0,13.0,75.0,56.0,1016.3,1014.5,8.0,7.0,12.8,17.1,Yes,0.88,0.75,26.445652173913043,2.12,0.109,0.4793388429752066
8709,16.4,30.7,0.0,0.0,0.0,WNW,43.0,E,NNE,20.0,13.0,37.0,81.0,1013.9,1010.3,8.0,6.0,21.4,21.5,No,0.75,2.19,26.445652173913043,3.06,0.109,0.7218543046357616
8710,13.4,17.2,9.4,0.0,0.0,SE,41.0,SE,SE,26.0,22.0,83.0,70.0,1015.7,1013.8,8.0,8.0,13.8,16.6,Yes,1.0,0.84,26.445652173913043,2.65,0.109,0.3869047619047619
8725,19.8,30.5,0.0,0.0,0.0,W,76.0,NW,W,31.0,48.0,41.0,13.0,1007.7,1005.3,5.0,0.0,24.9,29.8,No,0.0,0.32,26.445652173913043,0.49,0.109,0.2184873949579832
8728,5.1,33.7,0.0,0.0,0.0,WNW,76.0,NNE,NW,9.0,33.0,22.0,8.0,1009.9,1003.7,0.0,7.0,20.8,32.7,No,0.0,0.36,26.445652173913043,0.3,0.109,0.2184873949579832
8729,18.2,27.3,2.0,0.0,0.0,W,65.0,W,W,31.0,41.0,66.0,11.0,1006.3,1005.6,1.0,0.0,21.4,26.1,Yes,0.0,0.17,26.445652173913043,0.42,0.109,0.21656050955414013
8747,13.4,32.6,0.0,0.0,0.0,NNW,67.0,N,N,13.0,37.0,21.0,23.0,1011.8,1007.4,5.0,8.0,25.6,30.9,No,1.6,1.1,26.445652173913043,0.87,0.109,0.2184873949579832
8765,16.3,41.2,0.0,0.0,0.0,W,59.0,NNW,NW,17.0,24.0,15.0,8.0,1007.0,1002.2,0.0,8.0,31.4,38.5,No,0.0,0.53,26.445652173913043,0.3,0.109,0.2184873949579832
8768,21.3,39.1,0.0,0.0,0.0,NW,61.0,SE,WNW,7.0,28.0,20.0,16.0,1004.7,1001.9,8.0,8.0,27.7,34.9,No,1.0,0.8,26.445652173913043,0.61,0.109,0.2184873949579832
8769,21.1,39.1,0.0,0.0,0.0,NW,63.0,NW,WNW,19.0,37.0,19.0,8.0,1005.2,1002.3,0.0,0.0,30.9,38.8,No,0.0,0.42,26.445652173913043,0.3,0.109,0.2184873949579832
8776,24.5,33.9,0.0,0.0,0.0,SW,76.0,SSE,WNW,17.0,6.0,36.0,21.0,1013.3,1009.4,7.0,8.0,27.2,32.5,No,1.14,0.58,26.445652173913043,0.79,0.109,0.2184873949579832
8782,19.3,29.0,1.4,0.0,0.0,E,50.0,ESE,E,26.0,28.0,46.0,34.0,1014.8,1011.7,7.0,0.0,22.4,28.3,Yes,0.0,0.74,26.445652173913043,1.29,0.109,0.21568627450980393
8787,17.1,41.5,0.0,0.0,0.0,SSE,63.0,NE,ESE,7.0,15.0,9.0,6.0,1011.0,1006.9,0.0,4.0,30.9,39.2,No,0.0,0.67,26.445652173913043,0.23,0.109,0.2184873949579832
8792,21.9,39.2,0.2,0.0,0.0,WSW,69.0,NNE,NNW,19.0,31.0,47.0,24.0,1009.1,1003.6,1.0,8.0,29.3,37.8,No,8.0,0.51,26.445652173913043,0.91,0.109,0.5476190476190477
8793,20.4,32.5,16.4,0.0,0.0,SSW,69.0,N,WNW,15.0,20.0,87.0,44.0,1010.6,1007.7,8.0,6.0,22.7,32.3,Yes,0.75,0.51,26.445652173913043,1.66,0.109,0.4793388429752066
8794,19.0,23.3,4.4,0.0,0.0,NE,28.0,ESE,NE,13.0,20.0,90.0,96.0,1013.6,1012.5,6.0,8.0,21.2,21.9,Yes,1.33,1.07,26.445652173913043,3.63,0.109,0.8900523560209425
8795,19.4,33.3,6.0,0.0,0.0,NE,37.0,ENE,NNW,15.0,15.0,83.0,41.0,1012.3,1008.4,6.0,0.0,23.0,31.9,Yes,0.0,0.49,26.445652173913043,1.55,0.109,0.22748815165876776
8801,16.7,41.7,0.0,0.0,0.0,SW,61.0,NNE,WSW,26.0,15.0,17.0,7.0,1006.1,1002.6,0.0,0.0,33.2,41.1,No,0.0,0.41,26.445652173913043,0.26,0.109,0.2184873949579832
8807,22.1,39.5,2.0,0.0,0.0,NE,54.0,NE,NNW,13.0,11.0,56.0,25.0,1009.0,1004.8,0.0,0.0,28.6,38.7,Yes,0.0,0.45,26.445652173913043,0.95,0.109,0.21656050955414013
8808,23.4,37.4,0.0,0.0,0.0,S,59.0,NE,ESE,17.0,13.0,36.0,24.0,1008.2,1004.9,6.0,0.0,30.7,36.2,No,0.0,0.67,26.445652173913043,0.91,0.109,0.5476190476190477
8811,24.8,32.6,0.0,0.0,0.0,NNW,44.0,NNE,NW,20.0,11.0,59.0,57.0,1007.5,1004.0,4.0,8.0,28.2,30.0,No,2.0,0.97,26.445652173913043,2.16,0.109,0.31519274376417233
8812,22.9,29.9,21.8,0.0,0.0,N,35.0,NE,NE,13.0,19.0,85.0,58.0,1008.8,1005.1,8.0,6.0,24.6,29.3,Yes,0.75,0.68,26.445652173913043,2.19,0.109,0.3755274261603376
8813,22.8,29.5,9.2,0.0,0.0,NNW,54.0,NE,NE,19.0,26.0,96.0,75.0,1005.5,1001.1,8.0,8.0,24.3,28.0,Yes,1.0,0.78,26.445652173913043,2.84,0.109,0.640074211502783
8814,22.1,27.4,83.8,0.0,0.0,ENE,72.0,N,NNW,31.0,43.0,100.0,100.0,994.6,989.2,8.0,8.0,22.2,24.2,Yes,1.0,1.0,26.445652173913043,3.78,0.109,0.9321739130434783
